source_index,Molecule,Isomer,Metal,Medium,Molecular Charge,BalabanJ(m),BertzCT(m),Chi0(m),Chi0n(m),Chi0v(m),Chi1(m),Chi1n(m),Chi1v(m),Chi2n(m),Chi2v(m),Chi3n(m),Chi3v(m),Chi4n(m),Chi4v(m),EState_VSA1(m),EState_VSA10(m),EState_VSA8(m),EState_VSA9(m),ExactMolWt(m),FpDensityMorgan1(m),FpDensityMorgan2(m),FpDensityMorgan3(m),FractionCSP3(m),HallKierAlpha(m),HeavyAtomCount(m),HeavyAtomMolWt(m),Kappa1(m),Kappa2(m),Kappa3(m),LabuteASA(m),MaxAbsEStateIndex(m),MaxAbsPartialCharge(m),MaxEStateIndex(m),MaxPartialCharge(m),MinAbsEStateIndex(m),MinAbsPartialCharge(m),MinEStateIndex(m),MinPartialCharge(m),MolLogP(m),MolMR(m),MolWt(m),NHOHCount(m),NOCount(m),NumHAcceptors(m),NumHDonors(m),NumHeteroatoms(m),NumRotatableBonds(m),NumValenceElectrons(m),PEOE_VSA1(m),PEOE_VSA10(m),PEOE_VSA11(m),PEOE_VSA12(m),PEOE_VSA14(m),PEOE_VSA2(m),PEOE_VSA6(m),PEOE_VSA7(m),PEOE_VSA8(m),PEOE_VSA9(m),RingCount(m),SMR_VSA1(m),SMR_VSA10(m),SMR_VSA2(m),SMR_VSA3(m),SMR_VSA5(m),SMR_VSA6(m),SMR_VSA7(m),SlogP_VSA1(m),SlogP_VSA2(m),SlogP_VSA3(m),SlogP_VSA5(m),SlogP_VSA6(m),SlogP_VSA8(m),TPSA(m),VSA_EState1(m),VSA_EState2(m),VSA_EState3(m),VSA_EState4(m),VSA_EState5(m),VSA_EState6(m),VSA_EState7(m),VSA_EState8(m),qed(m),Atomic Number_metal,Outer shell electrons_metal,Melting Point_metal  (K),Boiling Point_metal  (K),Density_metal  (g/cm3),First IE_metal  (kJ/mol),Second IE_metal  (kJ/mol),Third IE_metal  (kJ/mol),Electron Affinity_metal  (kJ/mol),Atomic Radius_metal,Covalent Radius_metal,Pauling EN_metal,Ionic Radius_metal,Standard Entropy_metal (J/mol.K),Density_medium (kg/m3),Molar Mass_medium (g/mol),Melting Point_medium (K),Temperature (K),Concentration (M),Log K1
71,C10H16N2O8_1,12DiaminoethaneNNNNtetraethanoicacidSequestricacid,Nd+++,NaClO4,0,7.2039661525952,818.997641475345,29.2925287398839,25.1604135147108,9.16041351471082,15.9849229784979,11.8048407057107,4.27742035285537,2.54425710526098,2.54425710526098,1.21303607179888,1.21303607179888,0.604403429379471,0.604403429379471,72.2722019663741,19.1781487362873,20.4352327644288,22.2560683472891,292.090665472,0.8,1.15,1.45,0.6,-2.2,20,276.116,4.66972040452112,8.82491372780069,7.99933431952663,135.888800133245,12.02915794734,0.481175286820812,12.02915794734,0.320803094899433,1.34706089380197,0.320803094899433,-4.5873971324641,-0.481175286820812,-1.9786,63.3586,292.244,6,10,10,6,10,11,114,31.0548594710056,14.8594690933557,0.0,0.0,23.8772211518074,19.1781487362873,0.0,0.0,23.9597878179936,15.4873669149992,0,56.1446512190748,23.8772211518074,5.72479862893054,10.6196267065768,24.7816347393581,12.9937193686319,0.0,10.6196267065768,69.3419582215674,19.1781487362873,26.453435364361,0.0,5.72479862893054,173.26,119.038327532834,47.3870000517249,10.5307062090221,0.0,-10.0809043264536,-8.93587435437138,-8.59779418116088,-9.1747942649282,0.234105103485993,60,3,1289,3347,7.01,533.1,1034.3,2132.3,184.9,2.39,1.88,1.14,0.995,71.1,2499,122.4,403,298,0.5,15.75
112,C10H16N2O8_1,12DiaminoethaneNNNNtetraethanoicacidSequestricacid,Nd+++,KCl   ,0,7.2039661525952,818.997641475345,29.2925287398839,25.1604135147108,9.16041351471082,15.9849229784979,11.8048407057107,4.27742035285537,2.54425710526098,2.54425710526098,1.21303607179888,1.21303607179888,0.604403429379471,0.604403429379471,72.2722019663741,19.1781487362873,20.4352327644288,22.2560683472891,292.090665472,0.8,1.15,1.45,0.6,-2.2,20,276.116,4.66972040452112,8.82491372780069,7.99933431952663,135.888800133245,12.02915794734,0.481175286820812,12.02915794734,0.320803094899433,1.34706089380197,0.320803094899433,-4.5873971324641,-0.481175286820812,-1.9786,63.3586,292.244,6,10,10,6,10,11,114,31.0548594710056,14.8594690933557,0.0,0.0,23.8772211518074,19.1781487362873,0.0,0.0,23.9597878179936,15.4873669149992,0,56.1446512190748,23.8772211518074,5.72479862893054,10.6196267065768,24.7816347393581,12.9937193686319,0.0,10.6196267065768,69.3419582215674,19.1781487362873,26.453435364361,0.0,5.72479862893054,173.26,119.038327532834,47.3870000517249,10.5307062090221,0.0,-10.0809043264536,-8.93587435437138,-8.59779418116088,-9.1747942649282,0.234105103485993,60,3,1289,3347,7.01,533.1,1034.3,2132.3,184.9,2.39,1.88,1.14,0.995,71.1,1984,74.6,1043,293,0.1,16.75
113,C10H16N2O8_1,12DiaminoethaneNNNNtetraethanoicacidSequestricacid,Nd+++,KCl   ,0,7.2039661525952,818.997641475345,29.2925287398839,25.1604135147108,9.16041351471082,15.9849229784979,11.8048407057107,4.27742035285537,2.54425710526098,2.54425710526098,1.21303607179888,1.21303607179888,0.604403429379471,0.604403429379471,72.2722019663741,19.1781487362873,20.4352327644288,22.2560683472891,292.090665472,0.8,1.15,1.45,0.6,-2.2,20,276.116,4.66972040452112,8.82491372780069,7.99933431952663,135.888800133245,12.02915794734,0.481175286820812,12.02915794734,0.320803094899433,1.34706089380197,0.320803094899433,-4.5873971324641,-0.481175286820812,-1.9786,63.3586,292.244,6,10,10,6,10,11,114,31.0548594710056,14.8594690933557,0.0,0.0,23.8772211518074,19.1781487362873,0.0,0.0,23.9597878179936,15.4873669149992,0,56.1446512190748,23.8772211518074,5.72479862893054,10.6196267065768,24.7816347393581,12.9937193686319,0.0,10.6196267065768,69.3419582215674,19.1781487362873,26.453435364361,0.0,5.72479862893054,173.26,119.038327532834,47.3870000517249,10.5307062090221,0.0,-10.0809043264536,-8.93587435437138,-8.59779418116088,-9.1747942649282,0.234105103485993,60,3,1289,3347,7.01,533.1,1034.3,2132.3,184.9,2.39,1.88,1.14,0.995,71.1,1984,74.6,1043,298,0.1,16.05
189,C10H16N2O8_2,12DiaminoethaneNNdi14butanedioicacidCH2NHCHCOOHCH2COOH2,Nd+++,KNO3  ,0,7.70379586312185,754.997641475345,29.2925287398839,25.1604135147108,9.16041351471082,15.9075727093083,11.8576271102108,4.22463394835533,2.49147070076093,2.49147070076093,1.08596876492005,1.08596876492005,0.632853469982595,0.632853469982595,72.658198719404,19.1781487362873,20.4352327644288,22.1739013029732,292.090665472,0.7,0.95,1.15,0.6,-2.2,20,276.116,4.66972040452112,8.82491372780069,9.79185151652331,136.192629841959,11.8382537706568,0.480285663977319,11.8382537706568,0.317218118975639,1.32146352985639,0.317218118975639,-4.79792233560091,-0.480285663977319,-2.0712,63.4232,292.244,4,10,10,4,10,11,114,20.4352327644288,0.0,0.0,0.0,23.8772211518074,28.9779681979882,0.0,0.0,18.4767535933128,36.9535071866256,0,56.0624841747588,23.8772211518074,5.72479862893054,9.79981946170096,0.0,38.9811581058957,0.0,0.0,93.0934314838329,19.1781487362873,16.4491026740426,0.0,5.72479862893054,155.68,119.671348485369,44.7100880229145,13.1947516583411,0.0,-10.1202338960275,0.0,0.0,-27.2892876039305,0.333294737123963,60,3,1289,3347,7.01,533.1,1034.3,2132.3,184.9,2.39,1.88,1.14,0.995,71.1,2109,101.1,607,298,0.1,13.03
211,C10H16N5O13P3,Adenosine5triphosphoricacid,Nd+++,NaClO4,0,2.24697517627228,1655.74644473839,36.2338400397525,29.8849365400299,16.5682181130296,21.4066207762283,14.2914958674632,11.3293593937214,4.95951712743903,9.13176741575819,2.86768921729475,6.38258310796226,1.8483421304627,4.52356711908129,84.0595676472508,13.695144854794,57.897331442091,27.113813503214,506.995745462,1.12903225806452,1.87096774193548,2.54838709677419,0.5,-1.36,31,491.054,10.7122505271484,8.53221316282703,5.71434142075795,194.333991887702,13.073711162784,0.489542975730367,13.073711162784,0.489542975730367,0.044080038155037,0.387419475959204,-6.40884858951786,-0.387419475959204,-1.629,95.4757,507.182,8,18,18,7,21,15,174,40.2569659078167,32.8016436247729,20.4926769651957,8.58719794339581,23.4680913693965,9.09084680950317,0.0,0.0,0.0,21.0869082939038,3,75.1671562938615,40.4498320856155,8.58719794339581,19.519035210633,24.4440068907865,12.2787022186426,12.6067434279325,5.71971697572627,82.7056584560854,31.577017709553,17.1700212592983,12.6067434279325,11.163877938384,279.13,178.26226158158,24.2145647137432,8.16971238779747,-1.94618338838723,-0.827758073071736,0.0,-19.112636685292,-4.57652128212396,0.19742203378388,60,3,1289,3347,7.01,533.1,1034.3,2132.3,184.9,2.39,1.88,1.14,0.995,71.1,2499,122.4,403,298,0.1,6.23
259,C10H18N2O7,NHydroxyethyldiaminoethaneNNNtriethanoicacid,Nd+++,KCl   ,0,7.81847088474462,852.919981471328,30.2151784706943,26.752165224247,8.75216522424696,16.2368524056532,12.6535029649788,4.0205098031234,2.30607529481163,2.30607529481163,1.04032521846128,1.04032521846128,0.587209923523831,0.587209923523831,73.2478786743685,14.3836115522155,20.4352327644288,24.9154184153136,278.111400916,0.842105263157895,1.31578947368421,1.78947368421053,0.7,-1.71,19,260.117,3.90213411315711,9.25064385289595,9.94393165993123,134.841048742251,11.9314604977921,0.480285801512334,11.9314604977921,0.317218118969275,1.33029761904762,0.317218118969275,-4.84188066893424,-0.480285801512334,-2.1635,62.8732,278.261,4,9,9,4,9,12,110,20.4352327644288,0.0,0.0,1.43119965723263,17.9079158638556,24.1834310139164,0.0,0.0,27.7151303899692,37.0156327452259,0,54.0094641030274,17.9079158638556,5.72479862893054,9.79981946170096,0.0,45.540143348812,0.0,0.0,95.11431109603,14.3836115522155,19.1906197863831,0.0,4.2935989716979,138.61,135.676068804065,33.0302912523417,13.3965401021137,0.0,-7.63044676975728,0.0,0.0,-31.7224533887629,0.33243038678915,60,3,1289,3347,7.01,533.1,1034.3,2132.3,184.9,2.39,1.88,1.14,0.995,71.1,1984,74.6,1043,298,1.0,14.96
518,C11H12N2O2,2Amino33indolylpropanoicacidH2NCHCH2C8H6NCOOH,Nd+++,KCl   ,0,3.06038413666974,941.795518603138,21.0579597422724,19.2109237719276,7.21092377192764,12.2608662314748,9.57895776067754,3.8290686837138,2.5832778718152,2.5832778718152,1.63396446047095,1.63396446047095,0.998244631807941,0.998244631807941,70.8887860986031,4.79453718407182,5.10880819110721,16.632794341579,204.089877624,1.66666666666667,2.53333333333333,3.33333333333333,0.181818181818182,-1.81,15,192.133,2.85746691031163,3.74447763335976,1.84535989022564,103.833187121545,11.837552962543,0.480077692359359,11.837552962543,0.320316921059169,0.19943499622071,0.320316921059169,-3.53245004251701,-0.480077692359359,1.1223,57.6139,204.229,4,4,3,3,4,4,78,15.8055284370627,8.84157662500605,1.4118420783282,0.0,5.96930528795185,4.79453718407182,18.1272561229899,11.6058701993603,26.1902621565656,8.22455133702132,2,25.1049400595254,16.8722302200329,1.43119965723263,4.97700327022925,12.390817369679,0.0,35.9060215331649,5.71971697572627,22.073009217638,11.1674620854012,16.5295199410588,30.3425700414679,12.3341245893137,79.11,92.3568808920173,12.0369879587638,2.92540868816663,-2.23643424036281,-1.96887335180986,-6.64855564216427,-4.46541430461073,0.0,0.700584099755737,60,3,1289,3347,7.01,533.1,1034.3,2132.3,184.9,2.39,1.88,1.14,0.995,71.1,1984,74.6,1043,298,0.1,4.5
615,C11H18N2O8_1,12DiaminopropaneNNNNtetraethanoicacid,Nd+++,KNO3  ,0,8.36556402141923,915.193495743754,31.7925287398839,27.6604135147108,9.66041351471082,17.1575727093083,13.1076271102108,4.47463394835533,2.72827409963592,2.72827409963592,1.25367386323253,1.25367386323253,0.744656868857585,0.744656868857585,79.0311236207334,19.1781487362873,20.4352327644288,24.9154184153136,306.106315536,0.761904761904762,1.14285714285714,1.47619047619048,0.636363636363636,-2.2,21,288.127,4.64763272057676,8.86920415224913,9.35020621159835,145.367512956691,12.0648694169153,0.480285662982069,12.0648694169153,0.31722775886663,1.44708852985639,0.31722775886663,-5.11042233560091,-0.480285662982069,-1.6827,68.0182,306.271,4,10,10,4,10,12,120,20.4352327644288,0.0,0.0,0.0,23.8772211518074,28.9779681979882,0.0,6.85189211729568,20.7393034896869,36.9535071866256,0,58.8040012870993,23.8772211518074,5.72479862893054,9.79981946170096,12.8697845856453,32.4842984215797,0.0,0.0,92.6144642678666,19.1781487362873,26.0425119036788,0.0,5.72479862893054,155.68,136.865008963449,45.232422206588,13.2318477467765,0.0,-10.5756193835559,-5.11042233560091,0.0,-28.2265705309902,0.347330619560756,60,3,1289,3347,7.01,533.1,1034.3,2132.3,184.9,2.39,1.88,1.14,0.995,71.1,2109,101.1,607,293,0.1,12.58
914,C12H20N2O8_2,12DiaminoethaneNNdi2pentane15dioicacidCH2NHCHCOOHCH2CH2COOH2,Nd+++,KNO3  ,0,7.59872807090366,991.657748607673,34.2925287398839,30.1604135147108,10.1604135147108,18.4849229784979,14.3048407057107,4.77742035285537,2.79425710526098,2.79425710526098,1.33803607179888,1.33803607179888,0.631518035899438,0.631518035899438,85.0180517690329,19.1781487362873,20.4352327644288,27.73910257197,320.1219656,0.772727272727273,1.13636363636364,1.45454545454545,0.666666666666667,-2.2,22,300.138,4.64854926134552,10.5158392768872,9.66426592797784,154.238566362709,12.3443509151928,0.481229489874487,12.3443509151928,0.320208554519912,1.49781824766944,0.320208554519912,-4.81317188681028,-0.481229489874487,-1.1984,72.5926,320.298,6,10,10,6,10,13,126,31.0548594710056,14.8594690933557,0.0,0.0,23.8772211518074,19.1781487362873,0.0,12.7458498026588,42.1886718453333,2.74151711234044,0,61.6276854437557,23.8772211518074,5.72479862893054,10.6196267065768,37.5274845420168,12.9937193686319,0.0,10.6196267065768,69.3419582215674,19.1781487362873,44.6823193917006,0.0,5.72479862893054,173.26,152.043175077969,48.1363482062491,10.2443105102913,0.0,-10.5389097988626,-9.51310345301778,-18.078810102342,-9.62634377362057,0.226166878892944,60,3,1289,3347,7.01,533.1,1034.3,2132.3,184.9,2.39,1.88,1.14,0.995,71.1,2109,101.1,607,303,0.1,7.79
1314,C14H22N2O8_1,trans12DiaminocyclohexaneNNNNtetraethanoicacid,Nd+++,NaClO4,0,5.10457898356529,1110.93608957519,37.2925287398839,33.1604135147108,11.1604135147108,20.1575727093083,16.1076271102108,5.47463394835533,3.46507749851091,3.46507749851091,1.90818236042001,1.90818236042001,1.26756706548255,1.26756706548255,97.191963892789,19.1781487362873,20.4352327644288,30.3984526399945,346.137615664001,0.708333333333333,1.0,1.25,0.714285714285714,-2.2,24,324.16,4.91626112883385,9.18250529255439,6.50478881618085,169.076390147023,12.4821571074545,0.480285546390165,12.4821571074545,0.317228112387459,1.61521352985639,0.317228112387459,-5.51458900226758,-0.480285546390165,-0.759999999999997,79.7332,346.336,4,10,10,4,10,10,136,20.4352327644288,0.0,0.0,0.0,23.8772211518074,28.9779681979882,12.7458498026588,12.7458498026588,25.7433704984015,36.9535071866256,1,64.2870355117802,23.8772211518074,5.72479862893054,9.79981946170096,37.5274845420168,25.9874387372638,0.0,0.0,92.1354970519003,19.1781487362873,50.1653536163815,0.0,5.72479862893054,155.68,176.715058172948,46.6982013701052,13.4737931360433,0.0,-11.2691001091795,-11.0291780045352,-19.7872534013606,-19.6348544973545,0.39630813279278,60,3,1289,3347,7.01,533.1,1034.3,2132.3,184.9,2.39,1.88,1.14,0.995,71.1,2499,122.4,403,298,0.5,17.16
1470,C14H23N3O10,DiethylenetriaminepentaethanoicacidHOOCCH2NCH2CH2NCH2COOH22,Nd+++,KCl   ,0,8.7088638651902,1187.35687658616,40.6543360594498,35.4241236911385,12.4241236911385,22.0049785885276,16.8449440843884,5.80370263206913,3.44974857257614,3.44974857257614,1.56266605446254,1.56266605446254,0.907993112056366,0.907993112056366,103.017992791154,23.9726859203591,25.5440409555361,31.8296522972271,393.138343936001,0.518518518518518,0.740740740740741,1.0,0.642857142857143,-2.77,27,370.165,6.11792356624836,12.5617990236722,14.120624863026,186.28945158129,12.4440207688269,0.480285804974003,12.4440207688269,0.317218118969234,1.54887734648242,0.317218118969234,-5.34343584656085,-0.480285804974003,-2.68459999999999,87.4990000000001,393.349,5,13,13,5,13,16,154,25.5440409555361,0.0,0.0,0.0,29.8465264397592,38.6724151129105,0.0,0.0,36.9535071866256,46.191883983282,0,74.1903808869591,29.8465264397592,7.15599828616317,14.6997291925514,0.0,58.4717371588435,0.0,0.0,128.56203374669,23.9726859203591,24.673654011064,0.0,7.15599828616317,196.22,179.049287715233,56.2819503510821,16.5231834618809,0.0,-13.7916884316669,0.0,0.0,-44.9793997631958,0.181917108801965,60,3,1289,3347,7.01,533.1,1034.3,2132.3,184.9,2.39,1.88,1.14,0.995,71.1,1984,74.6,1043,298,1.0,21.6
1511,C14H24N2O10_1,EthyleneglycolOObis2aminoethyletherNNNNtetraethanoicacid,Nd+++,NaNO3 ,0,7.30773868952166,1139.94425975221,40.706742302257,35.9769100956385,11.9769100956385,21.8217862716814,17.1741236911385,5.54113052928305,3.10384313645673,3.10384313645673,1.37304666973617,1.37304666973617,0.762481812333536,0.762481812333536,98.8941396910692,19.1781487362873,29.9089586720289,33.1399697523349,380.143094968001,0.615384615384615,0.923076923076923,1.19230769230769,0.714285714285714,-2.28,26,356.158,5.60951960968287,13.9489499821967,15.2595733182518,183.119252759902,11.9309620651532,0.480285660503431,11.9309620651532,0.317218745666716,1.3571755465404,0.317218745666716,-4.81837121504938,-0.480285660503431,-2.03799999999999,85.0612000000001,380.35,4,12,12,4,12,17,150,29.9089586720289,0.0,0.0,0.0,23.8772211518074,28.9779681979882,0.0,0.0,18.4767535933128,74.1555166076524,0,76.5022785317206,23.8772211518074,5.72479862893054,9.79981946170096,0.0,65.2170990775608,0.0,0.0,119.329372455498,28.6518746438874,27.4151711234044,0.0,5.72479862893054,174.14,191.014849077965,45.0094971675319,13.1865421681188,0.0,-10.3192291316819,0.0,0.0,-46.7249926152668,0.203831430194709,60,3,1289,3347,7.01,533.1,1034.3,2132.3,184.9,2.39,1.88,1.14,0.995,71.1,2257,85.0,581,298,0.1,16.08
2138,C18H30N4O12,TriethylenetetraaminehexaethanoicacidHOOCCH22NCH2CH2NCH2COOHCH22,Nd+++,NaClO4,0,9.45677124312915,1614.98962281911,52.0161433790156,45.6878338675662,15.6878338675662,28.1023844677468,21.8322610585661,7.38277131578293,4.40802644439134,4.40802644439134,2.03936334400504,2.03936334400504,1.18313275413013,1.18313275413013,133.377786862904,28.7672231044309,30.6528491466433,41.4854032914811,494.186022400001,0.411764705882353,0.588235294117647,0.794117647058823,0.666666666666667,-3.34,34,464.214,7.57788387632724,16.3004584624764,17.2431997783013,236.386273320622,12.774135109681,0.48028580497401,12.774135109681,0.317218118969234,1.68778225644072,0.317218118969234,-5.7771097096246,-0.48028580497401,-3.29799999999999,111.5748,494.454,6,16,16,6,16,21,194,30.6528491466433,0.0,0.0,0.0,35.8158317277111,48.3668620278328,0.0,0.0,55.4302607799384,55.4302607799384,0,92.3182775991594,35.8158317277111,8.58719794339581,19.5996389234019,0.0,77.9623162117913,0.0,0.0,164.030636009548,28.7672231044309,32.8982053480853,0.0,8.58719794339581,236.76,239.876736087175,67.7479934911632,19.8369948937913,0.0,-17.5793244091117,0.0,0.0,-63.8824000630179,0.091572993842189,60,3,1289,3347,7.01,533.1,1034.3,2132.3,184.9,2.39,1.88,1.14,0.995,71.1,2499,122.4,403,298,0.4,23.68
2152,C18H30N4O12,TriethylenetetraaminehexaethanoicacidHOOCCH22NCH2CH2NCH2COOHCH22,Nd+++,KNO3  ,0,9.45677124312915,1614.98962281911,52.0161433790156,45.6878338675662,15.6878338675662,28.1023844677468,21.8322610585661,7.38277131578293,4.40802644439134,4.40802644439134,2.03936334400504,2.03936334400504,1.18313275413013,1.18313275413013,133.377786862904,28.7672231044309,30.6528491466433,41.4854032914811,494.186022400001,0.411764705882353,0.588235294117647,0.794117647058823,0.666666666666667,-3.34,34,464.214,7.57788387632724,16.3004584624764,17.2431997783013,236.386273320622,12.774135109681,0.48028580497401,12.774135109681,0.317218118969234,1.68778225644072,0.317218118969234,-5.7771097096246,-0.48028580497401,-3.29799999999999,111.5748,494.454,6,16,16,6,16,21,194,30.6528491466433,0.0,0.0,0.0,35.8158317277111,48.3668620278328,0.0,0.0,55.4302607799384,55.4302607799384,0,92.3182775991594,35.8158317277111,8.58719794339581,19.5996389234019,0.0,77.9623162117913,0.0,0.0,164.030636009548,28.7672231044309,32.8982053480853,0.0,8.58719794339581,236.76,239.876736087175,67.7479934911632,19.8369948937913,0.0,-17.5793244091117,0.0,0.0,-63.8824000630179,0.091572993842189,60,3,1289,3347,7.01,533.1,1034.3,2132.3,184.9,2.39,1.88,1.14,0.995,71.1,2109,101.1,607,298,0.1,22.9
2658,C2H4O2,EthanoicacidCH3COOH,Nd+++,NaClO4,0,3.82337845522092,94.7016576673414,6.78445705037617,5.81649658092773,1.81649658092773,3.48138047543485,2.56649658092773,0.658248290463863,0.287457478565265,0.287457478565265,0.0,0.0,0.0,0.0,12.8211974052475,4.79453718407182,5.10880819110721,5.54347532574329,60.021129368,2.75,3.5,3.5,0.5,-0.53,4,56.02,0.505725462185476,0.874858299595141,1.15600925596297,29.7665012532644,9.86111111111111,0.481433475172105,9.86111111111111,0.299684553158214,1.50231481481481,0.299684553158214,-2.78993055555556,-0.481433475172105,0.0909,13.3098,60.052,1,2,2,1,2,1,24,5.10880819110721,0.0,0.0,0.0,0.0,4.79453718407182,0.0,0.0,10.9641677858063,0.0,0,14.0156210436897,5.96930528795185,1.43119965723263,0.0,6.85189211729568,0.0,0.0,0.0,11.0781134790591,4.79453718407182,10.9641677858063,0.0,1.43119965723263,37.3,24.6846064814815,9.86111111111111,3.16319444444444,0.0,-1.50231481481481,0.0,0.0,-2.78993055555556,0.429882883200122,60,3,1289,3347,7.01,533.1,1034.3,2132.3,184.9,2.39,1.88,1.14,0.995,71.1,2499,122.4,403,293,2.0,1.9
2659,C2H4O2,EthanoicacidCH3COOH,Nd+++,NaClO4,0,3.82337845522092,94.7016576673414,6.78445705037617,5.81649658092773,1.81649658092773,3.48138047543485,2.56649658092773,0.658248290463863,0.287457478565265,0.287457478565265,0.0,0.0,0.0,0.0,12.8211974052475,4.79453718407182,5.10880819110721,5.54347532574329,60.021129368,2.75,3.5,3.5,0.5,-0.53,4,56.02,0.505725462185476,0.874858299595141,1.15600925596297,29.7665012532644,9.86111111111111,0.481433475172105,9.86111111111111,0.299684553158214,1.50231481481481,0.299684553158214,-2.78993055555556,-0.481433475172105,0.0909,13.3098,60.052,1,2,2,1,2,1,24,5.10880819110721,0.0,0.0,0.0,0.0,4.79453718407182,0.0,0.0,10.9641677858063,0.0,0,14.0156210436897,5.96930528795185,1.43119965723263,0.0,6.85189211729568,0.0,0.0,0.0,11.0781134790591,4.79453718407182,10.9641677858063,0.0,1.43119965723263,37.3,24.6846064814815,9.86111111111111,3.16319444444444,0.0,-1.50231481481481,0.0,0.0,-2.78993055555556,0.429882883200122,60,3,1289,3347,7.01,533.1,1034.3,2132.3,184.9,2.39,1.88,1.14,0.995,71.1,2499,122.4,403,293,2.0,1.9
2661,C2H4O2,EthanoicacidCH3COOH,Nd+++,NaClO4,0,3.82337845522092,94.7016576673414,6.78445705037617,5.81649658092773,1.81649658092773,3.48138047543485,2.56649658092773,0.658248290463863,0.287457478565265,0.287457478565265,0.0,0.0,0.0,0.0,12.8211974052475,4.79453718407182,5.10880819110721,5.54347532574329,60.021129368,2.75,3.5,3.5,0.5,-0.53,4,56.02,0.505725462185476,0.874858299595141,1.15600925596297,29.7665012532644,9.86111111111111,0.481433475172105,9.86111111111111,0.299684553158214,1.50231481481481,0.299684553158214,-2.78993055555556,-0.481433475172105,0.0909,13.3098,60.052,1,2,2,1,2,1,24,5.10880819110721,0.0,0.0,0.0,0.0,4.79453718407182,0.0,0.0,10.9641677858063,0.0,0,14.0156210436897,5.96930528795185,1.43119965723263,0.0,6.85189211729568,0.0,0.0,0.0,11.0781134790591,4.79453718407182,10.9641677858063,0.0,1.43119965723263,37.3,24.6846064814815,9.86111111111111,3.16319444444444,0.0,-1.50231481481481,0.0,0.0,-2.78993055555556,0.429882883200122,60,3,1289,3347,7.01,533.1,1034.3,2132.3,184.9,2.39,1.88,1.14,0.995,71.1,2499,122.4,403,293,2.0,1.9
2665,C2H4O2,EthanoicacidCH3COOH,Nd+++,NaClO4,0,3.82337845522092,94.7016576673414,6.78445705037617,5.81649658092773,1.81649658092773,3.48138047543485,2.56649658092773,0.658248290463863,0.287457478565265,0.287457478565265,0.0,0.0,0.0,0.0,12.8211974052475,4.79453718407182,5.10880819110721,5.54347532574329,60.021129368,2.75,3.5,3.5,0.5,-0.53,4,56.02,0.505725462185476,0.874858299595141,1.15600925596297,29.7665012532644,9.86111111111111,0.481433475172105,9.86111111111111,0.299684553158214,1.50231481481481,0.299684553158214,-2.78993055555556,-0.481433475172105,0.0909,13.3098,60.052,1,2,2,1,2,1,24,5.10880819110721,0.0,0.0,0.0,0.0,4.79453718407182,0.0,0.0,10.9641677858063,0.0,0,14.0156210436897,5.96930528795185,1.43119965723263,0.0,6.85189211729568,0.0,0.0,0.0,11.0781134790591,4.79453718407182,10.9641677858063,0.0,1.43119965723263,37.3,24.6846064814815,9.86111111111111,3.16319444444444,0.0,-1.50231481481481,0.0,0.0,-2.78993055555556,0.429882883200122,60,3,1289,3347,7.01,533.1,1034.3,2132.3,184.9,2.39,1.88,1.14,0.995,71.1,2499,122.4,403,318,2.0,2.05
2693,C2H4O2S,MercaptoethanoicacidHSCH2COOH,Nd+++,NaClO4,0,3.97053911698258,115.135262830594,7.49156383156272,6.22474487139159,3.04124145231932,4.04204064721467,2.67886901662352,1.27062072615966,0.389519551181231,0.593643696413162,0.083333333333333,0.25,0.0,0.0,11.674262173102,4.79453718407182,5.10880819110721,5.29651594260526,91.993200368,2.8,3.6,3.8,0.5,-0.18,5,88.087,1.15016529195911,2.08178010471204,3.82,40.6024637844704,10.1390277777778,0.48062975663565,10.1390277777778,0.312684271641515,0.051435185185186,0.312684271641515,-2.41493055555556,-0.48062975663565,0.0008,21.4888,92.119,1,2,3,2,3,2,30,5.10880819110721,1.12379917303219,0.0,0.0,5.96930528795185,4.79453718407182,0.0,0.0,2.74151711234044,5.70495688515016,0,12.6448624875195,18.5020013261088,2.55499883026482,0.0,0.0,5.70495688515016,0.0,0.0,17.9068695372414,4.79453718407182,2.74151711234044,0.0,1.43119965723263,37.3,25.6350231481481,10.1390277777778,3.30111111111111,-2.41493055555556,-1.3587962962963,0.0,0.0,0.0,0.446626640789709,60,3,1289,3347,7.01,533.1,1034.3,2132.3,184.9,2.39,1.88,1.14,0.995,71.1,2499,122.4,403,298,0.2,3.67
2744,C2H4O3,2HydroxyethanoicacidHOCH2COOH,Nd+++,NaClO4,0,3.97053911698258,112.38037532843,7.49156383156272,6.22474487139159,2.22474487139159,4.04204064721467,2.67886901662352,0.862372435695795,0.389519551181231,0.389519551181231,0.083333333333333,0.083333333333333,0.0,0.0,12.5282905308681,4.79453718407182,10.2176163822144,5.60391642680571,76.016043988,2.4,3.2,3.4,0.5,-0.57,5,72.019,0.94409204617706,1.72154518950437,3.43,34.6474052635877,10.0348611111111,0.479540775469483,10.0348611111111,0.328849903557252,1.54398148148148,0.328849903557252,-2.83159722222222,-0.479540775469483,-0.9367,14.7216,76.051,2,3,3,2,3,2,30,10.2176163822144,6.55898524291629,0.0,1.43119965723263,5.96930528795185,0.0,0.0,0.0,0.0,2.74151711234044,0,17.7536706786267,5.96930528795185,2.86239931446527,0.0,0.0,6.55898524291629,0.0,0.0,24.1771065703152,4.79453718407182,2.74151711234044,0.0,1.43119965723263,57.53,24.7813194444444,10.0348611111111,6.47606481481482,0.0,-1.54398148148148,0.0,0.0,-2.83159722222222,0.423614075125504,60,3,1289,3347,7.01,533.1,1034.3,2132.3,184.9,2.39,1.88,1.14,0.995,71.1,2499,122.4,403,298,0.5,2.54
2745,C2H4O3,2HydroxyethanoicacidHOCH2COOH,Nd+++,NaClO4,0,3.97053911698258,112.38037532843,7.49156383156272,6.22474487139159,2.22474487139159,4.04204064721467,2.67886901662352,0.862372435695795,0.389519551181231,0.389519551181231,0.083333333333333,0.083333333333333,0.0,0.0,12.5282905308681,4.79453718407182,10.2176163822144,5.60391642680571,76.016043988,2.4,3.2,3.4,0.5,-0.57,5,72.019,0.94409204617706,1.72154518950437,3.43,34.6474052635877,10.0348611111111,0.479540775469483,10.0348611111111,0.328849903557252,1.54398148148148,0.328849903557252,-2.83159722222222,-0.479540775469483,-0.9367,14.7216,76.051,2,3,3,2,3,2,30,10.2176163822144,6.55898524291629,0.0,1.43119965723263,5.96930528795185,0.0,0.0,0.0,0.0,2.74151711234044,0,17.7536706786267,5.96930528795185,2.86239931446527,0.0,0.0,6.55898524291629,0.0,0.0,24.1771065703152,4.79453718407182,2.74151711234044,0.0,1.43119965723263,57.53,24.7813194444444,10.0348611111111,6.47606481481482,0.0,-1.54398148148148,0.0,0.0,-2.83159722222222,0.423614075125504,60,3,1289,3347,7.01,533.1,1034.3,2132.3,184.9,2.39,1.88,1.14,0.995,71.1,2499,122.4,403,298,1.0,2.46
2765,C2H4O3,2HydroxyethanoicacidHOCH2COOH,Nd+++,KCl   ,0,3.97053911698258,112.38037532843,7.49156383156272,6.22474487139159,2.22474487139159,4.04204064721467,2.67886901662352,0.862372435695795,0.389519551181231,0.389519551181231,0.083333333333333,0.083333333333333,0.0,0.0,12.5282905308681,4.79453718407182,10.2176163822144,5.60391642680571,76.016043988,2.4,3.2,3.4,0.5,-0.57,5,72.019,0.94409204617706,1.72154518950437,3.43,34.6474052635877,10.0348611111111,0.479540775469483,10.0348611111111,0.328849903557252,1.54398148148148,0.328849903557252,-2.83159722222222,-0.479540775469483,-0.9367,14.7216,76.051,2,3,3,2,3,2,30,10.2176163822144,6.55898524291629,0.0,1.43119965723263,5.96930528795185,0.0,0.0,0.0,0.0,2.74151711234044,0,17.7536706786267,5.96930528795185,2.86239931446527,0.0,0.0,6.55898524291629,0.0,0.0,24.1771065703152,4.79453718407182,2.74151711234044,0.0,1.43119965723263,57.53,24.7813194444444,10.0348611111111,6.47606481481482,0.0,-1.54398148148148,0.0,0.0,-2.83159722222222,0.423614075125504,60,3,1289,3347,7.01,533.1,1034.3,2132.3,184.9,2.39,1.88,1.14,0.995,71.1,1984,74.6,1043,303,0.1,3.07
2777,C2H5NO2_1,2AminoethanoicacidH2NCH2COOH,Nd+++,NaClO4,0,4.24087202753042,135.609640474437,8.3618073195658,7.26371017642768,2.26371017642768,4.42475614840891,3.18453056967762,0.881855088213842,0.399260877440254,0.399260877440254,0.091287092917528,0.091287092917528,0.0,0.0,18.1858819479941,4.79453718407182,5.10880819110721,6.99640092622948,75.0320284,2.8,3.6,3.8,0.5,-0.57,5,70.027,0.733393095606973,1.72154518950437,3.43,36.6274757149216,10.2086111111111,0.480297130024396,10.2086111111111,0.316755978405586,0.46837962962963,0.316755978405586,-2.87326388888889,-0.480297130024396,-0.9703,16.6902,75.067,3,3,3,2,3,2,30,10.8285251668335,2.8236841566564,0.0,0.0,5.96930528795185,4.79453718407182,0.0,0.0,0.0,9.23837679665639,0,15.4685466441759,5.96930528795185,1.43119965723263,0.0,0.0,6.49685968431595,0.0,5.71971697572627,17.574973163375,4.79453718407182,2.74151711234044,0.0,1.43119965723263,63.32,31.9046527777778,10.2086111111111,3.23069444444444,-0.46837962962963,-1.58564814814815,0.0,0.0,-2.87326388888889,0.421170887936547,60,3,1289,3347,7.01,533.1,1034.3,2132.3,184.9,2.39,1.88,1.14,0.995,71.1,2499,122.4,403,298,0.15,3.26
2779,C2H5NO2_1,2AminoethanoicacidH2NCH2COOH,Nd+++,NaClO4,0,4.24087202753042,135.609640474437,8.3618073195658,7.26371017642768,2.26371017642768,4.42475614840891,3.18453056967762,0.881855088213842,0.399260877440254,0.399260877440254,0.091287092917528,0.091287092917528,0.0,0.0,18.1858819479941,4.79453718407182,5.10880819110721,6.99640092622948,75.0320284,2.8,3.6,3.8,0.5,-0.57,5,70.027,0.733393095606973,1.72154518950437,3.43,36.6274757149216,10.2086111111111,0.480297130024396,10.2086111111111,0.316755978405586,0.46837962962963,0.316755978405586,-2.87326388888889,-0.480297130024396,-0.9703,16.6902,75.067,3,3,3,2,3,2,30,10.8285251668335,2.8236841566564,0.0,0.0,5.96930528795185,4.79453718407182,0.0,0.0,0.0,9.23837679665639,0,15.4685466441759,5.96930528795185,1.43119965723263,0.0,0.0,6.49685968431595,0.0,5.71971697572627,17.574973163375,4.79453718407182,2.74151711234044,0.0,1.43119965723263,63.32,31.9046527777778,10.2086111111111,3.23069444444444,-0.46837962962963,-1.58564814814815,0.0,0.0,-2.87326388888889,0.421170887936547,60,3,1289,3347,7.01,533.1,1034.3,2132.3,184.9,2.39,1.88,1.14,0.995,71.1,2499,122.4,403,298,0.2,4.5
2780,C2H5NO2_1,2AminoethanoicacidH2NCH2COOH,Nd+++,NaClO4,0,4.24087202753042,135.609640474437,8.3618073195658,7.26371017642768,2.26371017642768,4.42475614840891,3.18453056967762,0.881855088213842,0.399260877440254,0.399260877440254,0.091287092917528,0.091287092917528,0.0,0.0,18.1858819479941,4.79453718407182,5.10880819110721,6.99640092622948,75.0320284,2.8,3.6,3.8,0.5,-0.57,5,70.027,0.733393095606973,1.72154518950437,3.43,36.6274757149216,10.2086111111111,0.480297130024396,10.2086111111111,0.316755978405586,0.46837962962963,0.316755978405586,-2.87326388888889,-0.480297130024396,-0.9703,16.6902,75.067,3,3,3,2,3,2,30,10.8285251668335,2.8236841566564,0.0,0.0,5.96930528795185,4.79453718407182,0.0,0.0,0.0,9.23837679665639,0,15.4685466441759,5.96930528795185,1.43119965723263,0.0,0.0,6.49685968431595,0.0,5.71971697572627,17.574973163375,4.79453718407182,2.74151711234044,0.0,1.43119965723263,63.32,31.9046527777778,10.2086111111111,3.23069444444444,-0.46837962962963,-1.58564814814815,0.0,0.0,-2.87326388888889,0.421170887936547,60,3,1289,3347,7.01,533.1,1034.3,2132.3,184.9,2.39,1.88,1.14,0.995,71.1,2499,122.4,403,298,0.2,4.5
2781,C2H5NO2_1,2AminoethanoicacidH2NCH2COOH,Nd+++,NaClO4,0,4.24087202753042,135.609640474437,8.3618073195658,7.26371017642768,2.26371017642768,4.42475614840891,3.18453056967762,0.881855088213842,0.399260877440254,0.399260877440254,0.091287092917528,0.091287092917528,0.0,0.0,18.1858819479941,4.79453718407182,5.10880819110721,6.99640092622948,75.0320284,2.8,3.6,3.8,0.5,-0.57,5,70.027,0.733393095606973,1.72154518950437,3.43,36.6274757149216,10.2086111111111,0.480297130024396,10.2086111111111,0.316755978405586,0.46837962962963,0.316755978405586,-2.87326388888889,-0.480297130024396,-0.9703,16.6902,75.067,3,3,3,2,3,2,30,10.8285251668335,2.8236841566564,0.0,0.0,5.96930528795185,4.79453718407182,0.0,0.0,0.0,9.23837679665639,0,15.4685466441759,5.96930528795185,1.43119965723263,0.0,0.0,6.49685968431595,0.0,5.71971697572627,17.574973163375,4.79453718407182,2.74151711234044,0.0,1.43119965723263,63.32,31.9046527777778,10.2086111111111,3.23069444444444,-0.46837962962963,-1.58564814814815,0.0,0.0,-2.87326388888889,0.421170887936547,60,3,1289,3347,7.01,533.1,1034.3,2132.3,184.9,2.39,1.88,1.14,0.995,71.1,2499,122.4,403,298,0.2,5.68
2917,C3H4O4,PropanedioicacidCH2COOH2,Nd+++,NaClO4,0,4.44162644523098,160.175984098341,9.06891410075235,7.13299316185545,3.13299316185545,4.9627609508697,3.13299316185545,1.31649658092773,0.69991495713053,0.69991495713053,0.204124145231932,0.204124145231932,0.083333333333333,0.083333333333333,18.3115354772331,9.58907436814364,10.2176163822144,5.60391642680571,104.010958608,1.57142857142857,2.0,2.28571428571429,0.333333333333333,-1.06,7,100.029,1.81369938291068,2.17343423006723,4.94,45.173869478028,10.265,0.480805908215309,10.265,0.314201681498869,1.71319444444444,0.314201681498869,-3.07986111111111,-0.480805908215309,-0.4543,19.8886,104.061,2,4,4,2,4,2,40,10.2176163822144,6.37292490132938,0.0,0.0,11.9386105759037,9.58907436814364,0.0,0.0,0.0,2.74151711234044,0,22.5482078626985,11.9386105759037,2.86239931446527,0.0,6.37292490132938,0.0,0.0,0.0,22.1562269581181,9.58907436814364,9.11444201366982,0.0,2.86239931446527,74.6,25.1798611111111,20.53,6.37972222222222,0.0,-3.42638888888889,0.0,-3.07986111111111,0.0,0.464877093759921,60,3,1289,3347,7.01,533.1,1034.3,2132.3,184.9,2.39,1.88,1.14,0.995,71.1,2499,122.4,403,298,0.2,4.5
2919,C3H4O4,PropanedioicacidCH2COOH2,Nd+++,NaClO4,0,4.44162644523098,160.175984098341,9.06891410075235,7.13299316185545,3.13299316185545,4.9627609508697,3.13299316185545,1.31649658092773,0.69991495713053,0.69991495713053,0.204124145231932,0.204124145231932,0.083333333333333,0.083333333333333,18.3115354772331,9.58907436814364,10.2176163822144,5.60391642680571,104.010958608,1.57142857142857,2.0,2.28571428571429,0.333333333333333,-1.06,7,100.029,1.81369938291068,2.17343423006723,4.94,45.173869478028,10.265,0.480805908215309,10.265,0.314201681498869,1.71319444444444,0.314201681498869,-3.07986111111111,-0.480805908215309,-0.4543,19.8886,104.061,2,4,4,2,4,2,40,10.2176163822144,6.37292490132938,0.0,0.0,11.9386105759037,9.58907436814364,0.0,0.0,0.0,2.74151711234044,0,22.5482078626985,11.9386105759037,2.86239931446527,0.0,6.37292490132938,0.0,0.0,0.0,22.1562269581181,9.58907436814364,9.11444201366982,0.0,2.86239931446527,74.6,25.1798611111111,20.53,6.37972222222222,0.0,-3.42638888888889,0.0,-3.07986111111111,0.0,0.464877093759921,60,3,1289,3347,7.01,533.1,1034.3,2132.3,184.9,2.39,1.88,1.14,0.995,71.1,2499,122.4,403,303,0.1,4.21
2934,C3H4O4,PropanedioicacidCH2COOH2,Nd+++,KCl   ,0,4.44162644523098,160.175984098341,9.06891410075235,7.13299316185545,3.13299316185545,4.9627609508697,3.13299316185545,1.31649658092773,0.69991495713053,0.69991495713053,0.204124145231932,0.204124145231932,0.083333333333333,0.083333333333333,18.3115354772331,9.58907436814364,10.2176163822144,5.60391642680571,104.010958608,1.57142857142857,2.0,2.28571428571429,0.333333333333333,-1.06,7,100.029,1.81369938291068,2.17343423006723,4.94,45.173869478028,10.265,0.480805908215309,10.265,0.314201681498869,1.71319444444444,0.314201681498869,-3.07986111111111,-0.480805908215309,-0.4543,19.8886,104.061,2,4,4,2,4,2,40,10.2176163822144,6.37292490132938,0.0,0.0,11.9386105759037,9.58907436814364,0.0,0.0,0.0,2.74151711234044,0,22.5482078626985,11.9386105759037,2.86239931446527,0.0,6.37292490132938,0.0,0.0,0.0,22.1562269581181,9.58907436814364,9.11444201366982,0.0,2.86239931446527,74.6,25.1798611111111,20.53,6.37972222222222,0.0,-3.42638888888889,0.0,-3.07986111111111,0.0,0.464877093759921,60,3,1289,3347,7.01,533.1,1034.3,2132.3,184.9,2.39,1.88,1.14,0.995,71.1,1984,74.6,1043,300,0.1,4.6
2984,C3H6O2,PropanoicacidCH3CH2COOH,Nd+++,NaClO4,0,4.59077880090639,159.700555805049,9.28445705037617,8.31649658092773,2.31649658092773,4.73138047543485,3.81649658092773,0.908248290463863,0.412457478565265,0.412457478565265,0.102062072615966,0.102062072615966,0.0,0.0,19.1941223065769,4.79453718407182,5.10880819110721,8.28499243808374,74.036779432,2.4,3.2,3.4,0.666666666666667,-0.53,5,68.031,0.600159264681777,1.75818443804035,3.47,38.9413843679967,10.3354861111111,0.481237917019339,10.3354861111111,0.302558437492056,1.71064814814815,0.302558437492056,-3.10243055555556,-0.481237917019339,0.481,17.9268,74.079,1,2,2,1,2,2,30,5.10880819110721,0.0,0.0,0.0,5.96930528795185,4.79453718407182,6.85189211729568,0.0,13.2267176821805,0.0,0,16.7571381560301,5.96930528795185,1.43119965723263,0.0,13.2248170186251,0.0,0.0,0.0,11.0781134790591,4.79453718407182,20.0786097994762,0.0,1.43119965723263,37.3,39.0188194444444,10.3354861111111,3.21756944444444,0.0,-1.71064814814815,0.0,-3.10243055555556,-3.09212962962963,0.490844666445293,60,3,1289,3347,7.01,533.1,1034.3,2132.3,184.9,2.39,1.88,1.14,0.995,71.1,2499,122.4,403,293,0.1,2.2
3044,C3H6O3_1,L2HydroxypropanoicacidCH3CHOHCOOH,Nd+++,NaClO4,0,4.80330330946445,177.367348791168,9.99156383156272,8.72474487139159,2.72474487139159,5.29204064721467,3.92886901662352,1.11237243569579,0.616581623797196,0.616581623797196,0.185395405949299,0.185395405949299,0.0,0.0,18.9012154321975,4.79453718407182,10.2176163822144,8.34543353914615,90.031694052,2.16666666666667,3.0,3.16666666666667,0.666666666666667,-0.57,6,84.03,0.979577193158241,1.76763383969422,1.72154518950437,43.8222883783199,10.5092361111111,0.479335598996327,10.5092361111111,0.331723079571424,1.75231481481482,0.331723079571424,-3.15983796296296,-0.479335598996327,-0.5482,19.3166,90.078,2,3,3,2,3,3,36,10.2176163822144,6.08001802694999,0.0,1.43119965723263,5.96930528795185,0.0,0.0,6.85189211729568,4.11227566851066,1.37075855617022,0,20.4951877909671,5.96930528795185,2.86239931446527,0.0,12.9319101442457,0.0,0.0,0.0,23.6981393543489,4.79453718407182,12.3349263419766,0.0,1.43119965723263,57.53,39.0478240740741,10.5092361111111,6.66585648148148,0.0,-1.75231481481482,0.0,-3.14409722222222,-3.15983796296296,0.453935950647203,60,3,1289,3347,7.01,533.1,1034.3,2132.3,184.9,2.39,1.88,1.14,0.995,71.1,2499,122.4,403,294,2.0,2.45
3049,C3H6O3_1,L2HydroxypropanoicacidCH3CHOHCOOH,Nd+++,NaClO4,0,4.80330330946445,177.367348791168,9.99156383156272,8.72474487139159,2.72474487139159,5.29204064721467,3.92886901662352,1.11237243569579,0.616581623797196,0.616581623797196,0.185395405949299,0.185395405949299,0.0,0.0,18.9012154321975,4.79453718407182,10.2176163822144,8.34543353914615,90.031694052,2.16666666666667,3.0,3.16666666666667,0.666666666666667,-0.57,6,84.03,0.979577193158241,1.76763383969422,1.72154518950437,43.8222883783199,10.5092361111111,0.479335598996327,10.5092361111111,0.331723079571424,1.75231481481482,0.331723079571424,-3.15983796296296,-0.479335598996327,-0.5482,19.3166,90.078,2,3,3,2,3,3,36,10.2176163822144,6.08001802694999,0.0,1.43119965723263,5.96930528795185,0.0,0.0,6.85189211729568,4.11227566851066,1.37075855617022,0,20.4951877909671,5.96930528795185,2.86239931446527,0.0,12.9319101442457,0.0,0.0,0.0,23.6981393543489,4.79453718407182,12.3349263419766,0.0,1.43119965723263,57.53,39.0478240740741,10.5092361111111,6.66585648148148,0.0,-1.75231481481482,0.0,-3.14409722222222,-3.15983796296296,0.453935950647203,60,3,1289,3347,7.01,533.1,1034.3,2132.3,184.9,2.39,1.88,1.14,0.995,71.1,2499,122.4,403,298,0.2,4.03
3050,C3H6O3_1,L2HydroxypropanoicacidCH3CHOHCOOH,Nd+++,NaClO4,0,4.80330330946445,177.367348791168,9.99156383156272,8.72474487139159,2.72474487139159,5.29204064721467,3.92886901662352,1.11237243569579,0.616581623797196,0.616581623797196,0.185395405949299,0.185395405949299,0.0,0.0,18.9012154321975,4.79453718407182,10.2176163822144,8.34543353914615,90.031694052,2.16666666666667,3.0,3.16666666666667,0.666666666666667,-0.57,6,84.03,0.979577193158241,1.76763383969422,1.72154518950437,43.8222883783199,10.5092361111111,0.479335598996327,10.5092361111111,0.331723079571424,1.75231481481482,0.331723079571424,-3.15983796296296,-0.479335598996327,-0.5482,19.3166,90.078,2,3,3,2,3,3,36,10.2176163822144,6.08001802694999,0.0,1.43119965723263,5.96930528795185,0.0,0.0,6.85189211729568,4.11227566851066,1.37075855617022,0,20.4951877909671,5.96930528795185,2.86239931446527,0.0,12.9319101442457,0.0,0.0,0.0,23.6981393543489,4.79453718407182,12.3349263419766,0.0,1.43119965723263,57.53,39.0478240740741,10.5092361111111,6.66585648148148,0.0,-1.75231481481482,0.0,-3.14409722222222,-3.15983796296296,0.453935950647203,60,3,1289,3347,7.01,533.1,1034.3,2132.3,184.9,2.39,1.88,1.14,0.995,71.1,2499,122.4,403,298,0.2,2.65
3113,C3H7NO2_1,2AminopropanoicacidH2NCHCH3COOH,Nd+++,NaClO4,0,5.07918582551916,202.404560594982,10.8618073195658,9.76371017642768,2.76371017642768,5.67475614840891,4.43453056967762,1.13185508821384,0.636064276315244,0.636064276315244,0.193349165533493,0.193349165533493,0.0,0.0,24.5588068493234,4.79453718407182,5.10880819110721,9.73791803856992,89.047678464,2.5,3.33333333333333,3.5,0.666666666666667,-0.57,6,82.038,0.815670623193098,1.76763383969422,1.72154518950437,45.8023588296539,10.6829861111111,0.480094233847061,10.6829861111111,0.319677956338659,0.614212962962963,0.319677956338659,-3.2275462962963,-0.480094233847061,-0.5818,21.2852,89.094,3,3,3,2,3,3,36,10.8285251668335,8.84157662500605,0.0,0.0,5.96930528795185,4.79453718407182,0.0,6.85189211729568,4.11227566851066,1.37075855617022,0,18.2100637565163,5.96930528795185,1.43119965723263,0.0,12.8697845856453,0.0,0.0,5.71971697572627,17.0960059474087,4.79453718407182,12.3349263419766,0.0,1.43119965723263,63.32,46.5201157407408,10.6829861111111,3.28506944444444,-0.614212962962963,-1.79398148148148,-3.18576388888889,0.0,-3.2275462962963,0.451352187737708,60,3,1289,3347,7.01,533.1,1034.3,2132.3,184.9,2.39,1.88,1.14,0.995,71.1,2499,122.4,403,298,0.2,4.8
3117,C3H7NO2_1,2AminopropanoicacidH2NCHCH3COOH,Nd+++,NaClO4,0,5.07918582551916,202.404560594982,10.8618073195658,9.76371017642768,2.76371017642768,5.67475614840891,4.43453056967762,1.13185508821384,0.636064276315244,0.636064276315244,0.193349165533493,0.193349165533493,0.0,0.0,24.5588068493234,4.79453718407182,5.10880819110721,9.73791803856992,89.047678464,2.5,3.33333333333333,3.5,0.666666666666667,-0.57,6,82.038,0.815670623193098,1.76763383969422,1.72154518950437,45.8023588296539,10.6829861111111,0.480094233847061,10.6829861111111,0.319677956338659,0.614212962962963,0.319677956338659,-3.2275462962963,-0.480094233847061,-0.5818,21.2852,89.094,3,3,3,2,3,3,36,10.8285251668335,8.84157662500605,0.0,0.0,5.96930528795185,4.79453718407182,0.0,6.85189211729568,4.11227566851066,1.37075855617022,0,18.2100637565163,5.96930528795185,1.43119965723263,0.0,12.8697845856453,0.0,0.0,5.71971697572627,17.0960059474087,4.79453718407182,12.3349263419766,0.0,1.43119965723263,63.32,46.5201157407408,10.6829861111111,3.28506944444444,-0.614212962962963,-1.79398148148148,-3.18576388888889,0.0,-3.2275462962963,0.451352187737708,60,3,1289,3347,7.01,533.1,1034.3,2132.3,184.9,2.39,1.88,1.14,0.995,71.1,2499,122.4,403,298,0.2,6.52
3145,C3H7NO2_1,2AminopropanoicacidH2NCHCH3COOH,Nd+++,KNO3  ,0,5.07918582551916,202.404560594982,10.8618073195658,9.76371017642768,2.76371017642768,5.67475614840891,4.43453056967762,1.13185508821384,0.636064276315244,0.636064276315244,0.193349165533493,0.193349165533493,0.0,0.0,24.5588068493234,4.79453718407182,5.10880819110721,9.73791803856992,89.047678464,2.5,3.33333333333333,3.5,0.666666666666667,-0.57,6,82.038,0.815670623193098,1.76763383969422,1.72154518950437,45.8023588296539,10.6829861111111,0.480094233847061,10.6829861111111,0.319677956338659,0.614212962962963,0.319677956338659,-3.2275462962963,-0.480094233847061,-0.5818,21.2852,89.094,3,3,3,2,3,3,36,10.8285251668335,8.84157662500605,0.0,0.0,5.96930528795185,4.79453718407182,0.0,6.85189211729568,4.11227566851066,1.37075855617022,0,18.2100637565163,5.96930528795185,1.43119965723263,0.0,12.8697845856453,0.0,0.0,5.71971697572627,17.0960059474087,4.79453718407182,12.3349263419766,0.0,1.43119965723263,63.32,46.5201157407408,10.6829861111111,3.28506944444444,-0.614212962962963,-1.79398148148148,-3.18576388888889,0.0,-3.2275462962963,0.451352187737708,60,3,1289,3347,7.01,533.1,1034.3,2132.3,184.9,2.39,1.88,1.14,0.995,71.1,2109,101.1,607,298,0.1,4.8
3146,C3H7NO2_1,2AminopropanoicacidH2NCHCH3COOH,Nd+++,KNO3  ,0,5.07918582551916,202.404560594982,10.8618073195658,9.76371017642768,2.76371017642768,5.67475614840891,4.43453056967762,1.13185508821384,0.636064276315244,0.636064276315244,0.193349165533493,0.193349165533493,0.0,0.0,24.5588068493234,4.79453718407182,5.10880819110721,9.73791803856992,89.047678464,2.5,3.33333333333333,3.5,0.666666666666667,-0.57,6,82.038,0.815670623193098,1.76763383969422,1.72154518950437,45.8023588296539,10.6829861111111,0.480094233847061,10.6829861111111,0.319677956338659,0.614212962962963,0.319677956338659,-3.2275462962963,-0.480094233847061,-0.5818,21.2852,89.094,3,3,3,2,3,3,36,10.8285251668335,8.84157662500605,0.0,0.0,5.96930528795185,4.79453718407182,0.0,6.85189211729568,4.11227566851066,1.37075855617022,0,18.2100637565163,5.96930528795185,1.43119965723263,0.0,12.8697845856453,0.0,0.0,5.71971697572627,17.0960059474087,4.79453718407182,12.3349263419766,0.0,1.43119965723263,63.32,46.5201157407408,10.6829861111111,3.28506944444444,-0.614212962962963,-1.79398148148148,-3.18576388888889,0.0,-3.2275462962963,0.451352187737708,60,3,1289,3347,7.01,533.1,1034.3,2132.3,184.9,2.39,1.88,1.14,0.995,71.1,2109,101.1,607,298,0.2,6.48
3164,C3H7NO2_2,3AminopropanoicacidH2NCH2CH2COOH,Nd+++,NaClO4,0,4.90945370585376,203.914335599309,10.8618073195658,9.76371017642768,2.76371017642768,5.67475614840891,4.43453056967762,1.13185508821384,0.524260877440254,0.524260877440254,0.157963772053461,0.157963772053461,0.045643546458764,0.045643546458764,24.5588068493234,4.79453718407182,5.10880819110721,9.73791803856992,89.047678464,2.5,3.33333333333333,3.83333333333333,0.666666666666667,-0.57,6,82.038,0.815670623193098,2.65573363431151,3.43,45.8023588296539,10.5665972222222,0.481195254586476,10.5665972222222,0.304125215871101,0.593333333333333,0.304125215871101,-3.23784722222222,-0.481195254586476,-0.5802,21.3072,89.094,3,3,3,2,3,3,36,10.8285251668335,2.8236841566564,0.0,0.0,5.96930528795185,4.79453718407182,0.0,0.0,11.9798939089968,6.37292490132938,0,18.2100637565163,5.96930528795185,1.43119965723263,0.0,6.37292490132938,6.49685968431595,0.0,5.71971697572627,17.574973163375,4.79453718407182,11.8559591260103,0.0,1.43119965723263,63.32,46.6422916666667,10.5665972222222,3.25423611111111,-0.593333333333333,-1.78981481481481,0.0,-3.23784722222222,-3.17546296296296,0.475391944513694,60,3,1289,3347,7.01,533.1,1034.3,2132.3,184.9,2.39,1.88,1.14,0.995,71.1,2499,122.4,403,298,0.2,6.24
3260,C4H4O4_1,cisButenedioicacidHOOCCHCHCOOH,Nd+++,NaClO4,0,4.68016792733481,211.21235949739,9.7236146391316,7.63299316185545,3.63299316185545,5.54011122005933,3.38299316185545,1.56649658092773,0.82491495713053,0.82491495713053,0.266624145231932,0.266624145231932,0.102062072615966,0.102062072615966,24.0427540679748,9.58907436814364,10.2176163822144,5.60391642680571,116.010958608,1.25,1.625,1.875,0.0,-1.32,8,112.04,2.29997131343487,2.78796371329198,4.68,50.8492085602404,10.3295200302343,0.47807075016058,10.3295200302343,0.328065863759142,1.12291666666667,0.328065863759142,-1.45333333333333,-0.47807075016058,-0.2882,24.4116,116.072,2,4,4,2,4,2,44,10.2176163822144,0.0,0.0,0.0,11.9386105759037,0.0,0.0,0.0,12.1041434920711,2.74151711234044,0,22.5482078626985,11.9386105759037,2.86239931446527,0.0,0.0,0.0,12.1041434920711,0.0,22.1562269581181,9.58907436814364,2.74151711234044,12.1041434920711,2.86239931446527,74.6,25.5511659108088,20.6590400604686,6.60896069538927,0.0,-2.90666666666667,-2.24583333333333,0.0,0.0,0.485983910085122,60,3,1289,3347,7.01,533.1,1034.3,2132.3,184.9,2.39,1.88,1.14,0.995,71.1,2499,122.4,403,298,0.2,5.1
3372,C4H6O4_2,14ButanedioicacidHOOCCH2CH2COOH,Nd+++,NaClO4,0,5.05648616418487,224.216059247816,11.5689141007523,9.63299316185545,3.63299316185545,6.2127609508697,4.38299316185545,1.56649658092773,0.82491495713053,0.82491495713053,0.266624145231932,0.266624145231932,0.102062072615966,0.102062072615966,24.6844603785625,9.58907436814364,10.2176163822144,8.34543353914615,118.026608672,1.375,1.75,2.0,0.5,-1.06,8,112.04,1.7176066260953,3.00968748183275,4.94,54.3487525927603,10.6068579931973,0.481218929315306,10.6068579931973,0.303432489088252,1.88157407407407,0.303432489088252,-3.38206018518519,-0.481218929315306,-0.0642,24.5056,118.088,2,4,4,2,4,3,46,10.2176163822144,0.0,0.0,0.0,11.9386105759037,9.58907436814364,0.0,0.0,5.48303422468088,12.7458498026588,0,25.2897249750389,11.9386105759037,2.86239931446527,0.0,12.7458498026588,0.0,0.0,0.0,22.1562269581181,9.58907436814364,18.2288840273396,0.0,2.86239931446527,74.6,39.7007492441421,21.2137159863946,6.44613662131519,0.0,-3.76314814814815,0.0,-6.76412037037037,0.0,0.543771403159852,60,3,1289,3347,7.01,533.1,1034.3,2132.3,184.9,2.39,1.88,1.14,0.995,71.1,2499,122.4,403,303,0.1,3.38
3397,C4H6O4S_1,2Mercaptosuccinicacid2Sulfanyl14butanedioicacidHOOCCHSHCH2COOH,Nd+++,NaClO4,0,5.26873010834819,271.857509046628,12.2760208819389,10.0412414523193,4.85773803324704,6.77342112264952,4.49536559755125,2.17886901662352,1.02903910236246,1.43728739282632,0.400988514873248,0.66971725415588,0.143728739282632,0.227062072615966,23.5375251464169,9.58907436814364,10.2176163822144,8.09847415600812,149.998679672,1.66666666666667,2.33333333333333,2.77777777777778,0.5,-0.71,9,144.107,2.49436282477872,3.34193032544224,3.83869684499314,65.1847151239663,10.8847746598639,0.481189009122387,10.8847746598639,0.316450332269081,0.381481481481482,0.316450332269081,-3.26458333333333,-0.481189009122387,-0.1559,32.6626,150.155,2,4,5,3,5,4,52,10.2176163822144,6.34978884221605,0.0,0.0,11.9386105759037,9.58907436814364,0.0,0.0,2.74151711234044,7.7436834574996,0,23.9189664188687,24.4713066140607,3.98619848749746,0.0,11.5989145705132,0.0,0.0,0.0,28.5060158003342,9.58907436814364,10.48520056984,0.0,2.86239931446527,74.6,40.5319297996977,21.6738548752834,3.66199310279667,0.0,-3.5550462962963,0.0,-3.26458333333333,0.0,0.488711436986119,60,3,1289,3347,7.01,533.1,1034.3,2132.3,184.9,2.39,1.88,1.14,0.995,71.1,2499,122.4,403,298,0.2,4.56
3428,C4H6O5_1,2Hydroxybutane14dioicacidHydroxysuccinicacidHOOCCH2CHOHCOOH,Nd+++,NaClO4,0,5.26873010834818,268.247868572191,12.2760208819389,10.0412414523193,4.04124145231932,6.77342112264952,4.49536559755125,1.77062072615966,1.02903910236246,1.02903910236246,0.400988514873248,0.400988514873248,0.143728739282632,0.143728739282632,24.3915535041831,9.58907436814364,15.3264245733216,8.40587464020856,134.021523292,1.44444444444444,2.11111111111111,2.55555555555556,0.5,-1.1,9,128.039,2.26019469983775,3.03230652695367,3.47971014492754,59.2296566030835,10.7806079931973,0.481147146528291,10.7806079931973,0.332634795412751,1.92115740740741,0.332634795412751,-3.44976851851852,-0.481147146528291,-1.0934,25.8954,134.087,3,5,5,3,5,4,52,15.3264245733216,0.0,6.08001802694999,1.43119965723263,11.9386105759037,4.79453718407182,0.0,0.0,2.74151711234044,7.7436834574996,0,29.0277746099759,11.9386105759037,4.2935989716979,0.0,12.4529429282794,0.0,0.0,0.0,34.7762528334079,9.58907436814364,10.48520056984,0.0,2.86239931446527,94.83,39.6087816515495,21.5030215419501,9.93942365835223,0.0,-3.84439814814815,0.0,-6.87349537037037,0.0,0.455339882558431,60,3,1289,3347,7.01,533.1,1034.3,2132.3,184.9,2.39,1.88,1.14,0.995,71.1,2499,122.4,403,298,0.2,5.66
3429,C4H6O5_1,2Hydroxybutane14dioicacidHydroxysuccinicacidHOOCCH2CHOHCOOH,Nd+++,NaClO4,0,5.26873010834818,268.247868572191,12.2760208819389,10.0412414523193,4.04124145231932,6.77342112264952,4.49536559755125,1.77062072615966,1.02903910236246,1.02903910236246,0.400988514873248,0.400988514873248,0.143728739282632,0.143728739282632,24.3915535041831,9.58907436814364,15.3264245733216,8.40587464020856,134.021523292,1.44444444444444,2.11111111111111,2.55555555555556,0.5,-1.1,9,128.039,2.26019469983775,3.03230652695367,3.47971014492754,59.2296566030835,10.7806079931973,0.481147146528291,10.7806079931973,0.332634795412751,1.92115740740741,0.332634795412751,-3.44976851851852,-0.481147146528291,-1.0934,25.8954,134.087,3,5,5,3,5,4,52,15.3264245733216,0.0,6.08001802694999,1.43119965723263,11.9386105759037,4.79453718407182,0.0,0.0,2.74151711234044,7.7436834574996,0,29.0277746099759,11.9386105759037,4.2935989716979,0.0,12.4529429282794,0.0,0.0,0.0,34.7762528334079,9.58907436814364,10.48520056984,0.0,2.86239931446527,94.83,39.6087816515495,21.5030215419501,9.93942365835223,0.0,-3.84439814814815,0.0,-6.87349537037037,0.0,0.455339882558431,60,3,1289,3347,7.01,533.1,1034.3,2132.3,184.9,2.39,1.88,1.14,0.995,71.1,2499,122.4,403,298,0.2,4.45
3470,C4H6O5_1,2Hydroxybutane14dioicacidHydroxysuccinicacidHOOCCH2CHOHCOOH,Nd+++,KNO3  ,0,5.26873010834818,268.247868572191,12.2760208819389,10.0412414523193,4.04124145231932,6.77342112264952,4.49536559755125,1.77062072615966,1.02903910236246,1.02903910236246,0.400988514873248,0.400988514873248,0.143728739282632,0.143728739282632,24.3915535041831,9.58907436814364,15.3264245733216,8.40587464020856,134.021523292,1.44444444444444,2.11111111111111,2.55555555555556,0.5,-1.1,9,128.039,2.26019469983775,3.03230652695367,3.47971014492754,59.2296566030835,10.7806079931973,0.481147146528291,10.7806079931973,0.332634795412751,1.92115740740741,0.332634795412751,-3.44976851851852,-0.481147146528291,-1.0934,25.8954,134.087,3,5,5,3,5,4,52,15.3264245733216,0.0,6.08001802694999,1.43119965723263,11.9386105759037,4.79453718407182,0.0,0.0,2.74151711234044,7.7436834574996,0,29.0277746099759,11.9386105759037,4.2935989716979,0.0,12.4529429282794,0.0,0.0,0.0,34.7762528334079,9.58907436814364,10.48520056984,0.0,2.86239931446527,94.83,39.6087816515495,21.5030215419501,9.93942365835223,0.0,-3.84439814814815,0.0,-6.87349537037037,0.0,0.455339882558431,60,3,1289,3347,7.01,533.1,1034.3,2132.3,184.9,2.39,1.88,1.14,0.995,71.1,2109,101.1,607,293,0.1,4.59
3570,C4H7NO4_1,IminodiethanoicacidHNCH2COOH2,Nd+++,KNO3  ,0,5.11361532129641,266.111413262996,13.146264369942,11.0802067573554,4.08020675735541,7.11746148924895,5.02742035285537,1.76371017642768,0.910325153755498,0.910325153755498,0.294377584710045,0.294377584710045,0.119237942636275,0.119237942636275,30.242143297824,9.58907436814364,10.2176163822144,9.75727561747435,133.037507704,1.55555555555556,2.0,2.33333333333333,0.5,-1.1,9,126.047,1.94668495419492,3.84856593494632,6.9,61.3616419087745,10.7205489417989,0.48029135641056,10.7205489417989,0.316991997357702,0.68675925925926,0.316991997357702,-3.37555555555556,-0.48029135641056,-1.2548,28.1413,133.103,3,5,5,3,5,4,52,10.2176163822144,1.4118420783282,0.0,0.0,11.9386105759037,14.898887721432,0.0,0.0,0.0,18.4767535933128,0,26.7015670533671,11.9386105759037,2.86239931446527,5.30981335328838,0.0,12.9937193686319,0.0,5.30981335328838,35.14994632675,9.58907436814364,5.48303422468088,0.0,2.86239931446527,86.63,47.0933460884354,21.4410978835979,5.82008267195767,0.0,-3.77008219954648,0.0,0.0,-6.75111111111111,0.445504493240361,60,3,1289,3347,7.01,533.1,1034.3,2132.3,184.9,2.39,1.88,1.14,0.995,71.1,2109,101.1,607,298,0.1,6.5
3597,C4H7NO4_2,AminobutanedioicacidH2NCHCH2COOHCOOH,Nd+++,NaClO4,0,5.52386622057936,296.111413262996,13.146264369942,11.0802067573554,4.08020675735541,7.15613662384376,5.00102715060535,1.79010337867771,1.04852175488051,1.04852175488051,0.413812937586954,0.413812937586954,0.14770561907473,0.14770561907473,30.049144921309,9.58907436814364,10.2176163822144,9.79835913963233,133.037507704,1.66666666666667,2.33333333333333,2.77777777777778,0.5,-1.1,9,126.047,1.94668495419492,3.03230652695367,3.47971014492754,61.2097270544175,10.9543579931973,0.481175383236989,10.9543579931973,0.320578107070282,0.749212962962963,0.320578107070282,-3.51747685185185,-0.481175383236989,-1.127,27.864,133.103,4,5,5,3,5,4,52,15.9373333579407,8.84157662500605,0.0,0.0,11.9386105759037,9.58907436814364,0.0,0.0,2.74151711234044,7.7436834574996,0,26.7426505755251,11.9386105759037,2.86239931446527,0.0,12.390817369679,0.0,0.0,5.71971697572627,28.1741194264678,9.58907436814364,10.48520056984,0.0,2.86239931446527,100.62,47.1484344293273,21.7923270975057,6.55030328798186,-0.749212962962963,-3.92564814814815,-3.46539351851852,-3.51747685185185,0.0,0.452021255035378,60,3,1289,3347,7.01,533.1,1034.3,2132.3,184.9,2.39,1.88,1.14,0.995,71.1,2499,122.4,403,298,0.2,5.52
3598,C4H7NO4_2,AminobutanedioicacidH2NCHCH2COOHCOOH,Nd+++,NaClO4,0,5.52386622057936,296.111413262996,13.146264369942,11.0802067573554,4.08020675735541,7.15613662384376,5.00102715060535,1.79010337867771,1.04852175488051,1.04852175488051,0.413812937586954,0.413812937586954,0.14770561907473,0.14770561907473,30.049144921309,9.58907436814364,10.2176163822144,9.79835913963233,133.037507704,1.66666666666667,2.33333333333333,2.77777777777778,0.5,-1.1,9,126.047,1.94668495419492,3.03230652695367,3.47971014492754,61.2097270544175,10.9543579931973,0.481175383236989,10.9543579931973,0.320578107070282,0.749212962962963,0.320578107070282,-3.51747685185185,-0.481175383236989,-1.127,27.864,133.103,4,5,5,3,5,4,52,15.9373333579407,8.84157662500605,0.0,0.0,11.9386105759037,9.58907436814364,0.0,0.0,2.74151711234044,7.7436834574996,0,26.7426505755251,11.9386105759037,2.86239931446527,0.0,12.390817369679,0.0,0.0,5.71971697572627,28.1741194264678,9.58907436814364,10.48520056984,0.0,2.86239931446527,100.62,47.1484344293273,21.7923270975057,6.55030328798186,-0.749212962962963,-3.92564814814815,-3.46539351851852,-3.51747685185185,0.0,0.452021255035378,60,3,1289,3347,7.01,533.1,1034.3,2132.3,184.9,2.39,1.88,1.14,0.995,71.1,2499,122.4,403,298,0.2,5.62
3627,C4H7NO4_2,AminobutanedioicacidH2NCHCH2COOHCOOH,Nd+++,KCl   ,0,5.52386622057936,296.111413262996,13.146264369942,11.0802067573554,4.08020675735541,7.15613662384376,5.00102715060535,1.79010337867771,1.04852175488051,1.04852175488051,0.413812937586954,0.413812937586954,0.14770561907473,0.14770561907473,30.049144921309,9.58907436814364,10.2176163822144,9.79835913963233,133.037507704,1.66666666666667,2.33333333333333,2.77777777777778,0.5,-1.1,9,126.047,1.94668495419492,3.03230652695367,3.47971014492754,61.2097270544175,10.9543579931973,0.481175383236989,10.9543579931973,0.320578107070282,0.749212962962963,0.320578107070282,-3.51747685185185,-0.481175383236989,-1.127,27.864,133.103,4,5,5,3,5,4,52,15.9373333579407,8.84157662500605,0.0,0.0,11.9386105759037,9.58907436814364,0.0,0.0,2.74151711234044,7.7436834574996,0,26.7426505755251,11.9386105759037,2.86239931446527,0.0,12.390817369679,0.0,0.0,5.71971697572627,28.1741194264678,9.58907436814364,10.48520056984,0.0,2.86239931446527,100.62,47.1484344293273,21.7923270975057,6.55030328798186,-0.749212962962963,-3.92564814814815,-3.46539351851852,-3.51747685185185,0.0,0.452021255035378,60,3,1289,3347,7.01,533.1,1034.3,2132.3,184.9,2.39,1.88,1.14,0.995,71.1,1984,74.6,1043,298,0.1,5.36
3628,C4H7NO4_2,AminobutanedioicacidH2NCHCH2COOHCOOH,Nd+++,KCl   ,0,5.52386622057936,296.111413262996,13.146264369942,11.0802067573554,4.08020675735541,7.15613662384376,5.00102715060535,1.79010337867771,1.04852175488051,1.04852175488051,0.413812937586954,0.413812937586954,0.14770561907473,0.14770561907473,30.049144921309,9.58907436814364,10.2176163822144,9.79835913963233,133.037507704,1.66666666666667,2.33333333333333,2.77777777777778,0.5,-1.1,9,126.047,1.94668495419492,3.03230652695367,3.47971014492754,61.2097270544175,10.9543579931973,0.481175383236989,10.9543579931973,0.320578107070282,0.749212962962963,0.320578107070282,-3.51747685185185,-0.481175383236989,-1.127,27.864,133.103,4,5,5,3,5,4,52,15.9373333579407,8.84157662500605,0.0,0.0,11.9386105759037,9.58907436814364,0.0,0.0,2.74151711234044,7.7436834574996,0,26.7426505755251,11.9386105759037,2.86239931446527,0.0,12.390817369679,0.0,0.0,5.71971697572627,28.1741194264678,9.58907436814364,10.48520056984,0.0,2.86239931446527,100.62,47.1484344293273,21.7923270975057,6.55030328798186,-0.749212962962963,-3.92564814814815,-3.46539351851852,-3.51747685185185,0.0,0.452021255035378,60,3,1289,3347,7.01,533.1,1034.3,2132.3,184.9,2.39,1.88,1.14,0.995,71.1,1984,74.6,1043,298,0.1,5.5
3755,C4H8O3,2Hydroxy2methylpropanoicacidCH32COHCOOH,Nd+++,NaClO4,0,5.6431040286747,227.251786766647,12.4915638315627,11.2247448713916,3.22474487139159,6.54204064721467,5.17886901662352,1.36237243569579,0.968643696413162,0.968643696413162,0.287457478565265,0.287457478565265,0.0,0.0,25.2741403335269,4.79453718407182,10.2176163822144,11.0869506514866,104.047344116,1.85714285714286,2.57142857142857,2.71428571428571,0.75,-0.57,7,96.041,1.05113526523176,1.49951955184627,2.1666482504604,52.9971714930522,10.9836111111111,0.479129763240558,10.9836111111111,0.334584754814396,1.96064814814815,0.334584754814396,-3.45659722222222,-0.479129763240558,-0.1581,23.9336,104.105,2,3,3,2,3,4,42,10.2176163822144,0.0,5.60105081098369,1.43119965723263,5.96930528795185,0.0,0.0,13.7037842345914,8.22455133702132,0.0,0,23.2367049033076,5.96930528795185,2.86239931446527,0.0,19.304835045575,0.0,0.0,0.0,23.2191721383826,4.79453718407182,21.9283355716127,0.0,1.43119965723263,57.53,53.8872453703704,10.9836111111111,6.85564814814815,-3.45659722222222,-1.96064814814815,0.0,0.0,-6.89259259259259,0.485716208919777,60,3,1289,3347,7.01,533.1,1034.3,2132.3,184.9,2.39,1.88,1.14,0.995,71.1,2499,122.4,403,298,2.0,2.62
3912,C5H11NO2_1,2Amino3methylbutanoicacidH2NCHCHCH32COOH,Nd+++,NaClO4,0,6.34702672908868,333.97515767235,15.8618073195658,14.7637101764277,3.76371017642768,8.17475614840891,6.93453056967762,1.63185508821384,1.01106427631524,1.01106427631524,0.430152564408483,0.430152564408483,0.102062072615966,0.102062072615966,37.3046566519822,4.79453718407182,5.10880819110721,15.2209522632508,117.078978592,2.0,2.75,3.125,0.8,-0.57,8,106.06,1.01115092942872,2.66781360418434,1.93032152942945,64.1521250591183,11.3163194444444,0.480078870221921,11.3163194444444,0.320235865839359,0.865462962962963,0.320235865839359,-3.8525462962963,-0.480078870221921,0.0543,30.4492,117.148,3,3,3,2,3,5,48,10.8285251668335,8.84157662500605,0.0,0.0,5.96930528795185,4.79453718407182,13.7037842345914,5.89395768536308,9.59530989319154,1.37075855617022,0,23.6930979811972,5.96930528795185,1.43119965723263,0.0,19.721676702941,0.0,0.0,5.71971697572627,17.0960059474087,4.79453718407182,24.6698526839531,0.0,1.43119965723263,63.32,77.5446990740741,11.3163194444444,3.33506944444444,-0.865462962962963,-5.97777777777778,-3.75868055555556,0.0,-7.4275,0.536976571708477,60,3,1289,3347,7.01,533.1,1034.3,2132.3,184.9,2.39,1.88,1.14,0.995,71.1,2499,122.4,403,298,0.2,6.52
3929,C5H11NO2_1,2Amino3methylbutanoicacidH2NCHCHCH32COOH,Nd+++,KCl   ,0,6.34702672908868,333.97515767235,15.8618073195658,14.7637101764277,3.76371017642768,8.17475614840891,6.93453056967762,1.63185508821384,1.01106427631524,1.01106427631524,0.430152564408483,0.430152564408483,0.102062072615966,0.102062072615966,37.3046566519822,4.79453718407182,5.10880819110721,15.2209522632508,117.078978592,2.0,2.75,3.125,0.8,-0.57,8,106.06,1.01115092942872,2.66781360418434,1.93032152942945,64.1521250591183,11.3163194444444,0.480078870221921,11.3163194444444,0.320235865839359,0.865462962962963,0.320235865839359,-3.8525462962963,-0.480078870221921,0.0543,30.4492,117.148,3,3,3,2,3,5,48,10.8285251668335,8.84157662500605,0.0,0.0,5.96930528795185,4.79453718407182,13.7037842345914,5.89395768536308,9.59530989319154,1.37075855617022,0,23.6930979811972,5.96930528795185,1.43119965723263,0.0,19.721676702941,0.0,0.0,5.71971697572627,17.0960059474087,4.79453718407182,24.6698526839531,0.0,1.43119965723263,63.32,77.5446990740741,11.3163194444444,3.33506944444444,-0.865462962962963,-5.97777777777778,-3.75868055555556,0.0,-7.4275,0.536976571708477,60,3,1289,3347,7.01,533.1,1034.3,2132.3,184.9,2.39,1.88,1.14,0.995,71.1,1984,74.6,1043,298,0.1,3.88
4042,C5H6O4_1,CitraconicacidCH3CCOOHCHCOOH,Nd+++,KNO3  ,0,5.46316716562908,305.134339695023,12.2236146391316,10.1329931618555,4.13299316185545,6.75143608546451,4.63299316185545,1.81649658092773,1.07491495713053,1.07491495713053,0.431186217847897,0.431186217847897,0.153093108923949,0.153093108923949,30.4156789693042,9.58907436814364,10.2176163822144,8.34543353914615,130.026608672,1.55555555555556,2.22222222222222,2.66666666666667,0.2,-1.32,9,124.051,2.13145239777488,2.86044553929792,3.27880239520958,60.0240916749726,10.8038950302343,0.478063621638826,10.8038950302343,0.33103335866895,1.29652777777778,0.33103335866895,-3.09384259259259,-0.478063621638826,0.1019,29.0286,130.099,2,4,4,2,4,3,50,10.2176163822144,0.0,0.0,0.0,11.9386105759037,0.0,0.0,6.85189211729568,15.7374519446155,1.37075855617022,0,25.2897249750389,11.9386105759037,2.86239931446527,0.0,6.85189211729568,0.0,11.6251762761048,0.0,22.1562269581181,9.58907436814364,12.3349263419766,11.6251762761048,2.86239931446527,74.6,39.7804946145125,21.4500817271353,6.68833569538927,-1.29652777777778,-3.280625,-1.33125,0.0,-3.09384259259259,0.51969466084238,60,3,1289,3347,7.01,533.1,1034.3,2132.3,184.9,2.39,1.88,1.14,0.995,71.1,2109,101.1,607,298,0.1,3.88
4052,C5H6O4_2,MethylenesuccinicacidHOOCCH2CCH2COOH,Nd+++,NaClO4,0,5.38897170832197,306.64411469935,12.2236146391316,10.1329931618555,4.13299316185545,6.78412815591562,4.63299316185545,1.81649658092773,1.07491495713053,1.07491495713053,0.431186217847897,0.431186217847897,0.153093108923949,0.153093108923949,30.4156789693042,9.58907436814364,10.2176163822144,8.34543353914615,130.026608672,1.66666666666667,2.44444444444444,2.88888888888889,0.2,-1.32,9,124.051,2.13145239777488,2.86044553929792,3.27880239520958,60.0240916749726,10.8038950302343,0.480983157180809,10.8038950302343,0.331049993288211,1.29652777777778,0.331049993288211,-3.16793981481482,-0.480983157180809,0.1019,29.0286,130.099,2,4,4,2,4,3,50,10.2176163822144,0.0,0.0,0.0,11.9386105759037,4.79453718407182,6.53103896200187,0.0,8.31462164240971,9.11444201366982,0,25.2897249750389,11.9386105759037,2.86239931446527,0.0,6.37292490132938,0.0,12.1041434920711,0.0,22.1562269581181,9.58907436814364,11.8559591260103,12.1041434920711,2.86239931446527,74.6,39.936513133031,21.5491558012094,6.66588199168556,-1.29652777777778,-3.43953703703704,0.0,-3.16793981481482,-1.33087962962963,0.531149516137354,60,3,1289,3347,7.01,533.1,1034.3,2132.3,184.9,2.39,1.88,1.14,0.995,71.1,2499,122.4,403,298,0.2,4.34
4157,C5H8O4_3,PentanedioicacidHOOCCH2CH2CH2COOH,Nd+++,NaClO4,0,5.53759142186005,295.877227826819,14.0689141007523,12.1329931618555,4.13299316185545,7.4627609508697,5.63299316185545,1.81649658092773,0.94991495713053,0.94991495713053,0.329124145231932,0.329124145231932,0.133312072615966,0.133312072615966,31.0573852798918,9.58907436814364,10.2176163822144,11.0869506514866,132.042258736,1.33333333333333,1.77777777777778,2.11111111111111,0.6,-1.06,9,124.051,1.71331906833044,3.88410852172148,6.94,63.5236357074925,10.8474239417989,0.481230227975588,10.8474239417989,0.302855790648419,2.01004109977324,0.302855790648419,-3.68425925925926,-0.481230227975588,0.3259,29.1226,132.115,2,4,4,2,4,4,52,10.2176163822144,0.0,0.0,0.0,11.9386105759037,9.58907436814364,0.0,6.37292490132938,20.9704011396801,0.0,0,28.0312420873794,11.9386105759037,2.86239931446527,0.0,19.1187747039881,0.0,0.0,0.0,22.1562269581181,9.58907436814364,27.3433260410095,0.0,2.86239931446527,74.6,54.8216794217687,21.6948478835979,6.48059193121693,0.0,-4.02008219954648,0.0,-10.8937037037037,0.0,0.57742036015459,60,3,1289,3347,7.01,533.1,1034.3,2132.3,184.9,2.39,1.88,1.14,0.995,71.1,2499,122.4,403,298,0.2,4.05
4207,C5H9NO4_1,2AminopentanedioicacidH2NCHCH2CH2COOHCOOH,Nd+++,KCl   ,0,5.94873684233363,373.621468454158,15.646264369942,13.5802067573554,4.58020675735541,8.40613662384376,6.25102715060535,2.0401033786777,1.17352175488051,1.17352175488051,0.476312937586954,0.476312937586954,0.161262922334713,0.161262922334713,36.4220698226384,9.58907436814364,10.2176163822144,12.5398762519728,147.053157768,1.6,2.3,2.8,0.6,-1.1,10,138.058,1.944781345191,3.83755739210285,3.84856593494632,70.3846101691497,11.1949239417989,0.481229490629438,11.1949239417989,0.319984030076623,0.848284674981104,0.319984030076623,-3.81967592592593,-0.481229490629438,-0.7369,32.481,147.13,4,5,5,3,5,5,58,15.9373333579407,8.84157662500605,0.0,0.0,11.9386105759037,9.58907436814364,0.0,6.37292490132938,11.8559591260103,1.37075855617022,0,29.4841676878656,11.9386105759037,2.86239931446527,0.0,18.7637422710084,0.0,0.0,5.71971697572627,28.1741194264678,9.58907436814364,19.5996425835099,0.0,2.86239931446527,100.62,62.5476577853364,22.2073138699924,6.57020077475435,-0.848284674981104,-4.168600718065,-3.68805555555556,-7.53689814814815,0.0,0.485975530954351,60,3,1289,3347,7.01,533.1,1034.3,2132.3,184.9,2.39,1.88,1.14,0.995,71.1,1984,74.6,1043,303,0.1,3.96
4302,C6H11NO5,N2HydroxyethyliminodiethanoicacidHOCH2CH2NCH2COOH2,Nd+++,KCl   ,0,6.46317815420273,439.823425218953,18.8533711511285,16.4884550478193,5.48845504781927,10.139446526434,7.66618599080118,2.44144111940959,1.34779742299643,1.34779742299643,0.563627928918788,0.563627928918788,0.312070281450061,0.312070281450061,42.8880846026183,9.58907436814364,15.3264245733216,15.2596674210597,177.063722452,1.33333333333333,1.91666666666667,2.33333333333333,0.666666666666667,-1.14,12,166.068,2.42635893400647,5.50268915879186,5.63021505951475,84.7442270029192,11.3256934996221,0.480285660506561,11.3256934996221,0.317218744472384,0.921342592592593,0.317218744472384,-3.968125,-0.480285660506561,-1.5501,38.7974,177.156,3,6,6,3,6,7,70,15.3264245733216,0.0,0.0,1.43119965723263,11.9386105759037,14.4889840989941,0.0,0.0,9.23837679665639,27.7772559485695,0,35.881567390827,11.9386105759037,4.2935989716979,4.89990973085048,0.0,26.0495642958641,0.0,0.0,59.6457088331726,9.58907436814364,10.9660684493618,0.0,2.86239931446527,98.07,78.0445852229781,21.7300444066515,10.0317209939531,0.0,-4.40960884353741,0.0,0.0,-15.563408446712,0.454056009210398,60,3,1289,3347,7.01,533.1,1034.3,2132.3,184.9,2.39,1.88,1.14,0.995,71.1,1984,74.6,1043,293,1.0,7.89
4349,C6H12N2O4,12DiaminoethaneNNdiethanoicacidHOOCCH2NHCH2CH2NHCH2COOH,Nd+++,KCl   ,0,5.90870584482388,453.939757444409,19.7236146391316,17.5274203528554,5.52742035285537,10.5221620276282,8.17184754385528,2.46092377192764,1.24573535038047,1.24573535038047,0.456180983585034,0.456180983585034,0.197188792355022,0.197188792355022,48.5456760197442,9.58907436814364,10.2176163822144,16.6521519204834,176.079706864,1.25,1.66666666666667,2.0,0.666666666666667,-1.14,12,164.076,2.20944573678126,6.56273258515376,8.86,86.7242974542531,11.1009669269006,0.480291478523007,11.1009669269006,0.316979870714043,0.91614843159486,0.316979870714043,-3.91458616780046,-0.480291478523007,-1.6652,41.011,176.172,4,6,6,4,6,7,70,20.8372430887912,2.8236841566564,0.0,0.0,11.9386105759037,9.58907436814364,0.0,0.0,18.4767535933128,18.4767535933128,0,33.5964433563762,11.9386105759037,2.86239931446527,10.6196267065768,0.0,25.9874387372638,0.0,10.6196267065768,48.1436656953819,9.58907436814364,10.9660684493618,0.0,2.86239931446527,98.66,85.7817205775025,22.2019338538012,4.72603839644469,0.0,-4.16243753674309,0.0,0.0,-15.213921957672,0.346279948909364,60,3,1289,3347,7.01,533.1,1034.3,2132.3,184.9,2.39,1.88,1.14,0.995,71.1,1984,74.6,1043,294,1.0,6.32
4359,C6H12N2O4,12DiaminoethaneNNdiethanoicacidHOOCCH2NHCH2CH2NHCH2COOH,Nd+++,KNO3  ,0,5.90870584482388,453.939757444409,19.7236146391316,17.5274203528554,5.52742035285537,10.5221620276282,8.17184754385528,2.46092377192764,1.24573535038047,1.24573535038047,0.456180983585034,0.456180983585034,0.197188792355022,0.197188792355022,48.5456760197442,9.58907436814364,10.2176163822144,16.6521519204834,176.079706864,1.25,1.66666666666667,2.0,0.666666666666667,-1.14,12,164.076,2.20944573678126,6.56273258515376,8.86,86.7242974542531,11.1009669269006,0.480291478523007,11.1009669269006,0.316979870714043,0.91614843159486,0.316979870714043,-3.91458616780046,-0.480291478523007,-1.6652,41.011,176.172,4,6,6,4,6,7,70,20.8372430887912,2.8236841566564,0.0,0.0,11.9386105759037,9.58907436814364,0.0,0.0,18.4767535933128,18.4767535933128,0,33.5964433563762,11.9386105759037,2.86239931446527,10.6196267065768,0.0,25.9874387372638,0.0,10.6196267065768,48.1436656953819,9.58907436814364,10.9660684493618,0.0,2.86239931446527,98.66,85.7817205775025,22.2019338538012,4.72603839644469,0.0,-4.16243753674309,0.0,0.0,-15.213921957672,0.346279948909364,60,3,1289,3347,7.01,533.1,1034.3,2132.3,184.9,2.39,1.88,1.14,0.995,71.1,2109,101.1,607,298,0.1,8.06
4421,C6H12O7_1,DGluconicacid23456PentahydroxyhexanoicacidHOCH2CHOH4COOH,Nd+++,NaClO4,0,6.8322081004936,482.8702587904,20.3199909563089,17.857738033247,5.85773803324704,11.284681334334,8.1283587594067,2.67886901662352,1.70601613210896,1.70601613210896,0.896779326771846,0.896779326771846,0.345275293744607,0.345275293744607,36.8483626386681,4.79453718407182,30.6528491466433,16.8117492804171,196.058302724,1.07692307692308,1.84615384615385,2.30769230769231,0.833333333333333,-0.73,13,184.059,2.87805857288249,5.09784620339671,3.24712277064196,90.8705537638096,11.5308286879567,0.479251334831302,11.5308286879567,0.33487661821137,2.26564011715797,0.33487661821137,-4.20333333333333,-0.479251334831302,-3.4931,38.7488,196.155,6,7,7,6,7,10,78,30.6528491466433,18.24005408085,6.08001802694999,7.15599828616317,5.96930528795185,0.0,0.0,0.0,0.0,14.7835365799376,0,43.6719376677364,5.96930528795185,8.58719794339581,0.0,24.3200721078,6.55898524291629,0.0,0.0,74.6572100714746,4.79453718407182,8.22455133702132,0.0,1.43119965723263,138.45,85.6087091758,11.5308286879567,21.3629929610733,0.0,-2.26564011715797,0.0,-16.4692186318972,-3.85100540910809,0.268053512439078,60,3,1289,3347,7.01,533.1,1034.3,2132.3,184.9,2.39,1.88,1.14,0.995,71.1,2499,122.4,403,298,0.2,3.43
4501,C6H13NO2_3,2Amino4methylpentanoicacidH2NCHCH2CHCH32COOH,Nd+++,NaNO3 ,0,6.64213729585679,413.226701852195,18.3618073195658,17.2637101764277,4.26371017642768,9.42475614840891,8.18453056967762,1.88185508821384,1.13606427631524,1.13606427631524,0.436750864970988,0.436750864970988,0.169432735745478,0.169432735745478,43.6775815533116,4.79453718407182,5.10880819110721,17.9624693755912,131.094628656,1.88888888888889,2.66666666666667,3.11111111111111,0.833333333333333,-0.57,9,118.071,1.11498357271669,3.45451731742178,3.96835800807537,73.3270081738506,11.4528840702948,0.480086317326264,11.4528840702948,0.319977946620586,0.939837962962964,0.319977946620586,-4.11296296296296,-0.480086317326264,0.4444,35.0662,131.175,3,3,3,2,3,6,54,10.8285251668335,8.84157662500605,0.0,0.0,5.96930528795185,4.79453718407182,13.7037842345914,12.2668825866925,12.336827005532,1.37075855617022,0,26.4346150935376,5.96930528795185,1.43119965723263,0.0,26.0946016042704,0.0,0.0,5.71971697572627,17.0960059474087,4.79453718407182,33.7842946976229,0.0,1.43119965723263,63.32,93.5623691421013,11.4528840702948,3.33472930839002,-0.939837962962964,-6.2674537037037,-3.90347222222222,-4.11296296296296,-7.70958900226757,0.583947230181202,60,3,1289,3347,7.01,533.1,1034.3,2132.3,184.9,2.39,1.88,1.14,0.995,71.1,2257,85.0,581,298,0.1,5.7
4536,C6H13NO4,NNBis2hydroxyethylglycineHOCH2CH22NCH2COOH,Nd+++,KNO3  ,0,6.62224009971363,439.378272190563,19.7760208819389,18.0802067573554,5.08020675735541,10.4687262227789,8.46206184556925,2.23731697417766,1.16240201704713,1.16240201704713,0.517984382460024,0.517984382460024,0.266426734991297,0.266426734991297,43.4777645575827,4.79453718407182,15.3264245733216,18.0011845334001,163.084457896,1.45454545454545,2.09090909090909,2.54545454545455,0.833333333333333,-0.65,11,150.069,1.81137561371109,6.08560643188873,5.77780748663102,83.392645903211,11.4189002267574,0.480285798050107,11.4189002267574,0.31720561205096,0.937546296296296,0.31720561205096,-4.01208333333334,-0.480285798050107,-1.6424,38.2474,163.173,3,5,5,3,5,8,66,15.3264245733216,0.0,0.0,2.86239931446527,5.96930528795185,9.6944469149223,0.0,0.0,18.4767535933128,27.8393815071698,0,33.8285473190957,5.96930528795185,4.2935989716979,4.89990973085048,0.0,32.6085495387804,0.0,0.0,61.6665884453696,4.79453718407182,13.7075855617022,0.0,1.43119965723263,81.0,93.4826521164021,10.4813539304611,10.2349995275888,0.0,-2.22517479213908,0.0,0.0,-19.5571641156463,0.437208405239743,60,3,1289,3347,7.01,533.1,1034.3,2132.3,184.9,2.39,1.88,1.14,0.995,71.1,2109,101.1,607,293,0.1,5.66
4600,C6H5NO2_1,2PyridinecarboxylicacidC5H4NCOOH,Nd+++,NaClO4,0,3.40202491558064,394.298520592175,10.8783151775109,9.26371017642768,4.26371017642768,6.48526966519293,4.51371017642768,2.10546188596382,1.23467107406522,1.23467107406522,0.660357662720967,0.660357662720967,0.326879681079231,0.326879681079231,35.963384616605,4.79453718407182,10.0927867120544,6.91423388191352,123.0320284,1.66666666666667,2.55555555555556,3.33333333333333,0.0,-1.38,9,118.071,2.09677698217555,2.25933420066476,1.2528322001979,59.0832718260462,10.8298904006047,0.47650947163992,10.8298904006047,0.353975498550663,0.530990173847316,0.353975498550663,-1.21111111111111,-0.47650947163992,0.7798,31.1963,123.111,1,3,3,1,3,1,46,5.10880819110721,5.69392799484846,0.0,0.0,5.96930528795185,0.0,6.0424187076633,12.0848374153266,6.17289521081476,5.48303422468088,1,15.3863795998599,5.96930528795185,1.43119965723263,4.98397852094721,0.0,0.0,29.9940793286531,0.0,16.0620920000063,0.0,15.9714994036012,24.3001513338046,1.43119965723263,50.19,34.9330083144369,14.1108626228269,3.56762849584278,-0.591666666666666,-1.21111111111111,-1.7174253590325,-0.591296296296296,0.0,0.59986894334993,60,3,1289,3347,7.01,533.1,1034.3,2132.3,184.9,2.39,1.88,1.14,0.995,71.1,2499,122.4,403,298,0.5,3.51
4737,C6H6O2_1,12DihydroxybenzenepyrocatecholHOC6H4OH,Nd+++,NaClO4,0,3.56568583554634,331.074741320733,10.8783151775108,9.81649658092773,3.81649658092773,6.54011122005933,4.72474487139159,1.90824829046386,1.15824829046386,1.15824829046386,0.620790811898598,0.620790811898598,0.289562072615966,0.289562072615966,35.668698497221,0.0,10.2176163822144,8.34543353914615,110.036779432,1.0,1.5,1.875,0.0,-1.18,8,104.064,1.40557587233287,1.73812053619634,0.729374857413069,55.6230341411504,7.27782407407407,0.504260124670253,7.27782407407407,0.293293620567297,0.494444444444444,0.293293620567297,-0.538657407407407,-0.504260124670253,1.0978,29.7716,110.112,2,2,2,2,2,2,42,10.2176163822144,0.0,11.4990236665678,0.0,0.0,0.0,12.0848374153266,12.0848374153266,0.0,5.48303422468088,1,15.7006506068953,0.0,2.86239931446527,0.0,0.0,0.0,24.1696748306532,0.0,13.0800156966797,0.0,5.48303422468088,24.1696748306532,0.0,40.46,42.1697222222222,0.0,7.95564814814815,0.0,-0.988888888888888,-2.13648148148148,0.0,0.0,0.490727668901521,60,3,1289,3347,7.01,533.1,1034.3,2132.3,184.9,2.39,1.88,1.14,0.995,71.1,2499,122.4,403,298,0.1,10.27
4738,C6H6O2_1,12DihydroxybenzenepyrocatecholHOC6H4OH,Nd+++,NaClO4,0,3.56568583554634,331.074741320733,10.8783151775108,9.81649658092773,3.81649658092773,6.54011122005933,4.72474487139159,1.90824829046386,1.15824829046386,1.15824829046386,0.620790811898598,0.620790811898598,0.289562072615966,0.289562072615966,35.668698497221,0.0,10.2176163822144,8.34543353914615,110.036779432,1.0,1.5,1.875,0.0,-1.18,8,104.064,1.40557587233287,1.73812053619634,0.729374857413069,55.6230341411504,7.27782407407407,0.504260124670253,7.27782407407407,0.293293620567297,0.494444444444444,0.293293620567297,-0.538657407407407,-0.504260124670253,1.0978,29.7716,110.112,2,2,2,2,2,2,42,10.2176163822144,0.0,11.4990236665678,0.0,0.0,0.0,12.0848374153266,12.0848374153266,0.0,5.48303422468088,1,15.7006506068953,0.0,2.86239931446527,0.0,0.0,0.0,24.1696748306532,0.0,13.0800156966797,0.0,5.48303422468088,24.1696748306532,0.0,40.46,42.1697222222222,0.0,7.95564814814815,0.0,-0.988888888888888,-2.13648148148148,0.0,0.0,0.490727668901521,60,3,1289,3347,7.01,533.1,1034.3,2132.3,184.9,2.39,1.88,1.14,0.995,71.1,2499,122.4,403,298,0.2,9.84
4777,C6H6O2_1,12DihydroxybenzenepyrocatecholHOC6H4OH,Nd+++,NaCl  ,0,3.56568583554634,331.074741320733,10.8783151775108,9.81649658092773,3.81649658092773,6.54011122005933,4.72474487139159,1.90824829046386,1.15824829046386,1.15824829046386,0.620790811898598,0.620790811898598,0.289562072615966,0.289562072615966,35.668698497221,0.0,10.2176163822144,8.34543353914615,110.036779432,1.0,1.5,1.875,0.0,-1.18,8,104.064,1.40557587233287,1.73812053619634,0.729374857413069,55.6230341411504,7.27782407407407,0.504260124670253,7.27782407407407,0.293293620567297,0.494444444444444,0.293293620567297,-0.538657407407407,-0.504260124670253,1.0978,29.7716,110.112,2,2,2,2,2,2,42,10.2176163822144,0.0,11.4990236665678,0.0,0.0,0.0,12.0848374153266,12.0848374153266,0.0,5.48303422468088,1,15.7006506068953,0.0,2.86239931446527,0.0,0.0,0.0,24.1696748306532,0.0,13.0800156966797,0.0,5.48303422468088,24.1696748306532,0.0,40.46,42.1697222222222,0.0,7.95564814814815,0.0,-0.988888888888888,-2.13648148148148,0.0,0.0,0.490727668901521,60,3,1289,3347,7.01,533.1,1034.3,2132.3,184.9,2.39,1.88,1.14,0.995,71.1,2165,58.4,1074,298,0.1,10.5
4785,C6H6O2_2,13DihydroxybenzeneHOC6H4OH,Nd+++,NaClO4,0,3.55533792416577,334.824741320733,10.8783151775108,9.81649658092773,3.81649658092773,6.54011122005933,4.72474487139159,1.90824829046386,1.15824829046386,1.15824829046386,0.579124145231932,0.579124145231932,0.310395405949299,0.310395405949299,35.668698497221,0.0,10.2176163822144,8.34543353914615,110.036779432,1.0,1.625,2.125,0.0,-1.18,8,104.064,1.40557587233287,1.73812053619634,0.90414189560934,55.6230341411504,7.31157407407407,0.507823329796821,7.31157407407407,0.293095525302417,0.492361111111111,0.293095525302417,-0.540740740740741,-0.507823329796821,1.0978,29.7716,110.112,2,2,2,2,2,2,42,10.2176163822144,11.4990236665678,0.0,0.0,0.0,0.0,6.0424187076633,12.0848374153266,6.0424187076633,5.48303422468088,1,15.7006506068953,0.0,2.86239931446527,0.0,0.0,0.0,24.1696748306532,0.0,13.0800156966797,0.0,5.48303422468088,24.1696748306532,0.0,40.46,42.2005555555556,0.0,7.92481481481481,0.0,-0.984722222222221,-2.14064814814815,0.0,0.0,0.524584140290977,60,3,1289,3347,7.01,533.1,1034.3,2132.3,184.9,2.39,1.88,1.14,0.995,71.1,2499,122.4,403,298,0.2,5.35
4812,C6H6O3_3,135TrihydroxybenzeneC6H3OH3,Nd+++,NaClO4,0,3.56942041301432,303.367988708206,11.5854219586974,10.2247448713916,4.22474487139159,7.07811602252011,4.83711730708738,2.11237243569579,1.36237243569579,1.36237243569579,0.681186217847897,0.681186217847897,0.403093108923949,0.403093108923949,35.3757916228416,0.0,15.3264245733216,8.40587464020856,126.031694052,0.888888888888889,1.22222222222222,1.44444444444444,0.0,-1.38,9,120.063,1.80018332718793,1.85387986281791,1.2528322001979,60.5039381514736,7.35324074074074,0.507679547787495,7.35324074074074,0.293098986378554,0.531944444444444,0.293098986378554,-0.573333333333333,-0.507679547787495,0.8034,31.4364,126.111,3,3,3,3,3,3,48,15.3264245733216,17.2485354998517,0.0,0.0,0.0,0.0,0.0,0.0,18.1272561229899,4.11227566851066,1,19.4387002418323,0.0,4.2935989716979,0.0,0.0,0.0,18.1272561229899,0.0,19.6200235450195,0.0,4.11227566851066,18.1272561229899,0.0,60.69,41.8736111111111,0.0,11.9422222222222,0.0,-1.59583333333333,-1.72,0.0,0.0,0.481545038823675,60,3,1289,3347,7.01,533.1,1034.3,2132.3,184.9,2.39,1.88,1.14,0.995,71.1,2499,122.4,403,298,0.2,4.1
4878,C6H6O8S2,45Dihydroxybenzene13disulfonicacidHO2C6H2SO3H2,Nd+++,NaClO4,0,4.14200321328551,790.079662545742,17.2925287398839,13.0824829046386,8.71547606649408,10.0840812944293,5.94948974278318,6.13299316185545,2.47474487139159,5.10773803324704,1.3665816237972,2.85816324759439,0.755155181539915,1.81134139938781,53.6110817509971,16.8355939686579,19.3276777221282,8.46631574127098,269.950409152,0.875,1.4375,1.9375,0.0,-1.36,16,264.192,6.39367315666126,3.58944341372913,2.41315152990829,99.053646677486,11.5948667800454,0.504197349719278,11.5948667800454,0.297909190493104,1.16921296296296,0.297909190493104,-5.10569444444444,-0.504197349719278,-0.4088,49.4008,270.24,4,8,8,4,10,6,90,10.2176163822144,4.89548347551778,11.4990236665678,2.86239931446527,0.0,9.11006133991374,0.0,6.0424187076633,6.0424187076633,7.63700058785822,1,38.9047888031265,20.2362537180671,5.72479862893054,0.0,9.79096695103555,0.0,12.0848374153266,0.0,39.0256710052513,20.2362537180671,2.74151711234044,21.8758043663621,2.86239931446527,149.2,94.2789670729403,-2.89578703703704,7.71287438586546,0.0,-2.37645313681028,-2.70279572940287,0.0,0.0,0.418198347072341,60,3,1289,3347,7.01,533.1,1034.3,2132.3,184.9,2.39,1.88,1.14,0.995,71.1,2499,122.4,403,298,0.1,13.69
4945,C6H8O6S,CarboxymethylthiobutanedioicacidHOOCCHSCH2COOHCH2COOH,Nd+++,NaClO4,0,5.84636802034896,442.973363460689,17.0604779323151,13.857738033247,6.67423461417477,9.4012482074911,6.35773803324704,3.44948974278318,1.52062072615966,2.33711730708738,0.63741495713053,1.37899658092773,0.30360862707794,0.706701736001889,46.9736722689101,14.3836115522155,15.3264245733216,11.147391752549,208.004158976,1.15384615384615,1.76923076923077,2.30769230769231,0.5,-1.24,13,200.127,3.86871018044108,5.41346133044889,5.97043315285298,89.0541139576214,11.3967124905518,0.481188891682068,11.3967124905518,0.31673156586047,0.682916666666667,0.31673156586047,-3.64562783446712,-0.481188891682068,-0.2679,43.7704,208.191,3,6,7,3,7,6,74,15.3264245733216,5.22598966918386,0.0,0.0,17.9079158638556,14.3836115522155,0.0,0.0,2.74151711234044,16.1901574549902,0,36.5638289063882,29.6698008132467,4.2935989716979,0.0,11.5989145705132,5.70495688515016,0.0,0.0,44.1652869915112,14.3836115522155,13.2267176821805,0.0,4.2935989716979,111.9,55.5844575144873,33.584801744772,6.52056783824641,-3.29826672335601,-5.97968253968254,0.0,-3.64562783446712,0.0,0.550420074695573,60,3,1289,3347,7.01,533.1,1034.3,2132.3,184.9,2.39,1.88,1.14,0.995,71.1,2499,122.4,403,303,0.1,4.1
5056,C6H9NO6,NitrilotriethanoicacidNCH2COOH3,Nd+++,KNO3  ,0,6.30014592109475,400.944859071513,17.9307214203181,14.8967033382831,5.89670333828314,9.81016683008899,6.87031013603312,2.64556526464153,1.53319282894573,1.53319282894573,0.609271475377552,0.609271475377552,0.357713827908825,0.357713827908825,42.2984046476539,14.3836115522155,15.3264245733216,12.5181503087192,191.042987008,1.0,1.30769230769231,1.53846153846154,0.5,-1.63,13,182.067,3.25880771669489,5.09325152203915,6.75572806171649,86.0958081026273,11.2324867724868,0.480285522383785,11.2324867724868,0.317231978127664,0.905138888888889,0.317231978127664,-3.87784722222222,-0.480285522383785,-1.4578,39.3474,191.139,3,7,7,3,7,6,74,15.3264245733216,0.0,0.0,0.0,17.9079158638556,19.2835212830659,0.0,0.0,0.0,27.7151303899692,0,37.9345874625584,17.9079158638556,4.2935989716979,4.89990973085048,0.0,19.4905790529478,0.0,0.0,57.6248292209755,14.3836115522155,8.22455133702132,0.0,4.2935989716979,115.14,62.8160799319728,32.7923214285714,9.82844246031746,0.0,-6.55330215419501,0.0,0.0,-11.6335416666667,0.469579147760142,60,3,1289,3347,7.01,533.1,1034.3,2132.3,184.9,2.39,1.88,1.14,0.995,71.1,2109,101.1,607,298,0.1,11.26
5072,C6H9NO6,NitrilotriethanoicacidNCH2COOH3,Nd+++,NaCl  ,0,6.30014592109475,400.944859071513,17.9307214203181,14.8967033382831,5.89670333828314,9.81016683008899,6.87031013603312,2.64556526464153,1.53319282894573,1.53319282894573,0.609271475377552,0.609271475377552,0.357713827908825,0.357713827908825,42.2984046476539,14.3836115522155,15.3264245733216,12.5181503087192,191.042987008,1.0,1.30769230769231,1.53846153846154,0.5,-1.63,13,182.067,3.25880771669489,5.09325152203915,6.75572806171649,86.0958081026273,11.2324867724868,0.480285522383785,11.2324867724868,0.317231978127664,0.905138888888889,0.317231978127664,-3.87784722222222,-0.480285522383785,-1.4578,39.3474,191.139,3,7,7,3,7,6,74,15.3264245733216,0.0,0.0,0.0,17.9079158638556,19.2835212830659,0.0,0.0,0.0,27.7151303899692,0,37.9345874625584,17.9079158638556,4.2935989716979,4.89990973085048,0.0,19.4905790529478,0.0,0.0,57.6248292209755,14.3836115522155,8.22455133702132,0.0,4.2935989716979,115.14,62.8160799319728,32.7923214285714,9.82844246031746,0.0,-6.55330215419501,0.0,0.0,-11.6335416666667,0.469579147760142,60,3,1289,3347,7.01,533.1,1034.3,2132.3,184.9,2.39,1.88,1.14,0.995,71.1,2165,58.4,1074,310,0.15,10.05
5340,C7H6O3_1,2HydroxybenzoicacidSalicylicacidHOC6H4COOH,Nd+++,NaNO3 ,0,3.63827652562796,446.483683301615,12.4556654467005,10.7247448713916,4.72474487139159,7.45079482258229,5.17886901662352,2.36237243569579,1.4915816237972,1.4915816237972,0.85721725415588,0.85721725415588,0.444759775590615,0.444759775590615,41.4519434435859,4.79453718407182,10.2176163822144,8.34543353914615,138.031694052,1.4,2.2,2.9,0.0,-1.51,10,132.074,2.26847791080305,2.38963270744379,1.07489362298405,66.1494983555907,11.1087792894936,0.507052890945198,11.1087792894936,0.338969087360731,0.630758692365835,0.338969087360731,-1.31087962962963,-0.507052890945198,1.0904,35.0661,138.122,2,3,3,2,3,2,52,10.2176163822144,11.3129633249809,0.0,0.0,5.96930528795185,0.0,12.0848374153266,12.0848374153266,0.0,5.48303422468088,1,20.4951877909671,5.96930528795185,2.86239931446527,0.0,0.0,0.0,29.7331263223502,0.0,17.6181213273989,0.0,15.8410229004497,24.1696748306532,1.43119965723263,57.53,42.2923138699924,11.1087792894936,7.58003590325019,-0.67037037037037,-1.97453703703704,-2.66955498866213,0.0,0.0,0.610258505858026,60,3,1289,3347,7.01,533.1,1034.3,2132.3,184.9,2.39,1.88,1.14,0.995,71.1,2257,85.0,581,298,0.1,8.26
5358,C7H6O4_1,24DihydroxybenzoicacidbResorcylicacidC6H3OH2COOH,Nd+++,NaClO4,0,3.65401680645861,462.412520706195,13.162772227887,11.1329931618555,5.13299316185545,7.98879962504307,5.29124145231932,2.56649658092773,1.69570576902913,1.69570576902913,0.959279326771846,0.959279326771846,0.516624145231932,0.516624145231932,41.1590365692065,4.79453718407182,15.3264245733216,8.40587464020856,154.026608672,1.27272727272727,2.09090909090909,2.72727272727273,0.0,-1.71,11,148.073,2.73092519551159,2.49436282477873,1.40294566225847,71.030402365914,11.1706415343915,0.507822480145236,11.1706415343915,0.33897393720728,0.626129062736205,0.33897393720728,-1.33724017384732,-0.507822480145236,0.796,36.7309,154.121,3,4,4,3,4,3,58,15.3264245733216,17.0624751582648,0.0,0.0,5.96930528795185,0.0,0.0,12.0848374153266,6.0424187076633,4.11227566851066,1,24.2332374259041,5.96930528795185,4.2935989716979,0.0,0.0,0.0,23.6907076146869,0.0,24.1581291757388,0.0,14.4702643442795,18.1272561229899,1.43119965723263,77.76,41.9616331254724,11.1706415343915,11.5656779100529,-0.702962962962963,-2.66660997732426,-2.16171296296296,0.0,0.0,0.558539139698867,60,3,1289,3347,7.01,533.1,1034.3,2132.3,184.9,2.39,1.88,1.14,0.995,71.1,2499,122.4,403,298,0.2,6.55
5375,C7H6O4_2,34DihydroxybenzoicacidC6H3OH2COOH,Nd+++,NaClO4,0,3.64084018579535,462.412520706195,13.162772227887,11.1329931618555,5.13299316185545,7.98879962504307,5.29124145231932,2.56649658092773,1.69570576902913,1.69570576902913,0.94991495713053,0.94991495713053,0.479639663385923,0.479639663385923,41.1590365692065,4.79453718407182,15.3264245733216,8.40587464020856,154.026608672,1.27272727272727,2.0,2.63636363636364,0.0,-1.71,11,148.073,2.73092519551158,2.49436282477872,1.40294566225847,71.030402365914,11.1375689720333,0.504259584384276,11.1375689720333,0.335322525644417,0.628212396069539,0.335322525644417,-1.33024943310658,-0.504259584384276,0.796,36.7309,154.121,3,4,4,3,4,3,58,15.3264245733216,0.0,11.4990236665678,0.0,5.96930528795185,0.0,0.0,18.1272561229899,0.0,9.67572716020766,1,24.2332374259041,5.96930528795185,4.2935989716979,0.0,0.0,0.0,23.6907076146869,0.0,24.1581291757388,0.0,14.4702643442795,18.1272561229899,1.43119965723263,77.76,41.9853283257748,11.1375689720333,11.5680645313681,-0.70087962962963,-2.62383219954649,-2.19958333333333,0.0,0.0,0.522491224882729,60,3,1289,3347,7.01,533.1,1034.3,2132.3,184.9,2.39,1.88,1.14,0.995,71.1,2499,122.4,403,298,0.2,8.45
5415,C7H6O6S,5Sulfosalicylicacid2Hydroxy5sulfobenzoicHO3SC6H3OHCOOH,Nd+++,NaClO4,0,3.91835122962092,658.50506355917,15.662772227887,12.357738033247,7.17423461417477,9.22277985976729,5.79124145231932,4.47474487139159,2.14982991426106,3.46632649518879,1.20927932677185,1.91340347200378,0.64630633005259,1.04939943897654,50.423135070474,13.2123341684008,14.7726470521713,8.40587464020856,217.988508912,1.35714285714286,2.14285714285714,2.71428571428571,0.0,-1.6,14,212.138,4.75987712665407,3.27618237857371,2.00660319678575,87.8648046237586,11.4378571428571,0.507051395863154,11.4378571428571,0.339015455754514,0.91557350718065,0.339015455754514,-4.88537037037037,-0.507051395863154,0.3371,44.8807,218.186,3,6,6,3,7,4,76,10.2176163822144,11.3129633249809,0.0,1.43119965723263,5.96930528795185,4.55503066995687,0.0,18.1272561229899,0.0,9.00775914402844,1,32.0972568890827,16.0874321469854,4.2935989716979,0.0,4.89548347551778,0.0,23.6907076146869,0.0,30.5909489816847,10.1181268590336,14.4702643442795,23.0227395985077,2.86239931446527,111.9,68.1607327097506,10.0875689720333,7.47429846938775,-1.00775462962963,-2.47836923658352,-3.26777258125472,0.0,0.0,0.616733740425787,60,3,1289,3347,7.01,533.1,1034.3,2132.3,184.9,2.39,1.88,1.14,0.995,71.1,2499,122.4,403,293,0.1,7.39
5461,C7H7NO2_1,2AminobenzoicacidAnthranilicacidH2NC6H4COOH,Nd+++,NaClO4,0,3.71623875281247,476.025393518703,13.3259089347036,11.7637101764277,4.76371017642768,7.82347362264446,5.68453056967762,2.38185508821384,1.51106427631524,1.51106427631524,0.871829243544416,0.871829243544416,0.453607318512224,0.453607318512224,41.3898178849856,4.79453718407182,5.10880819110721,9.73791803856992,137.047678464,1.6,2.4,3.1,0.0,-1.51,10,130.082,1.98503646951885,2.38963270744379,1.07489362298405,68.1295688069247,11.2243348450491,0.477583571499441,11.2243348450491,0.337289633878064,0.120925925925926,0.337289633878064,-1.35046296296296,-0.477583571499441,0.967,37.8137,137.138,3,3,3,2,3,2,52,10.8285251668335,0.0,2.8236841566564,0.0,5.96930528795185,0.0,12.0848374153266,12.0848374153266,5.68738627468356,11.0464857163779,1,18.2100637565163,11.6566915626354,1.43119965723263,0.0,0.0,5.71971697572627,29.7331263223502,5.71971697572627,11.0781134790591,0.0,15.8410229004497,24.1696748306532,1.43119965723263,63.32,49.9801379440665,11.2243348450491,3.62762849584278,-1.49199074074074,-1.35046296296296,-2.82298091458806,0.0,0.0,0.566589187245288,60,3,1289,3347,7.01,533.1,1034.3,2132.3,184.9,2.39,1.88,1.14,0.995,71.1,2499,122.4,403,298,0.1,2.44
5719,C8H6O4_1,Benzene12dicarboxylicacidC6H4COOH2,Nd+++,NaClO4,0,3.75316858695778,482.053849939974,14.0330157158901,11.6329931618555,5.63299316185545,8.36147842510525,5.63299316185545,2.81649658092773,1.82491495713053,1.82491495713053,1.09574829046386,1.09574829046386,0.618686217847897,0.618686217847897,47.2351883899509,9.58907436814364,10.2176163822144,8.34543353914615,166.026608672,1.0,1.41666666666667,1.75,0.0,-1.84,12,160.084,3.26438927556122,3.0419304797472,1.42063214175102,76.6759625700311,11.2645956160242,0.477620338593833,11.2645956160242,0.336066918857849,0.762101284958428,0.336066918857849,-1.44222222222222,-0.477620338593833,1.083,40.3606,166.132,2,4,4,2,4,2,62,10.2176163822144,0.0,0.0,0.0,11.9386105759037,0.0,12.0848374153266,12.0848374153266,0.0,16.6099372080749,1,25.2897249750389,11.9386105759037,2.86239931446527,0.0,0.0,0.0,35.2965778140472,0.0,22.1562269581181,0.0,26.1990115762185,24.1696748306532,2.86239931446527,74.6,42.3774603174603,22.5291912320484,7.19292139077853,-1.67916666666667,-2.88444444444444,-3.20262849584278,0.0,0.0,0.688908808436835,60,3,1289,3347,7.01,533.1,1034.3,2132.3,184.9,2.39,1.88,1.14,0.995,71.1,2499,122.4,403,303,0.1,4.22
5777,C8H8O2,PhenylethanoicacidC6H5CH2COOH,Nd+++,KCl   ,0,3.66004536994825,483.303803866381,14.2485586655139,12.8164965809277,4.81649658092773,8.15680695597779,6.31649658092773,2.40824829046386,1.41245747856526,1.41245747856526,0.727062072615966,0.727062072615966,0.414562072615966,0.414562072615966,48.1177752192947,4.79453718407182,5.10880819110721,11.0265095504242,136.052429496,1.5,2.1,2.7,0.125,-1.31,10,128.086,1.84484457170387,3.01177944469578,1.89537540220571,70.4434774599997,11.1252447089947,0.480986173323174,11.1252447089947,0.3073147590435,0.690934429327286,0.3073147590435,-2.99085648148148,-0.480986173323174,1.3137,37.7818,136.15,1,2,2,1,2,2,52,5.10880819110721,0.0,0.0,0.0,5.96930528795185,4.79453718407182,30.2120935383165,5.563451491697,2.74151711234044,13.2267176821805,1,19.4986552683706,5.96930528795185,1.43119965723263,0.0,6.37292490132938,0.0,35.7755450300135,0.0,11.0781134790591,11.1674620854012,15.1587613848885,30.2120935383165,1.43119965723263,37.3,58.1644026360544,11.1252447089947,3.48946593915344,-0.841898148148147,-1.65182350718065,-3.87786848072562,-2.99085648148148,0.0,0.665180232644755,60,3,1289,3347,7.01,533.1,1034.3,2132.3,184.9,2.39,1.88,1.14,0.995,71.1,1984,74.6,1043,298,1.0,4.3
5811,C8H8O3_1,2Phenyl2hydroxyethanoicacidC6H5CHOHCOOH,Nd+++,KCl   ,0,3.71692745853416,504.210710171604,14.9556654467005,13.2247448713916,5.22474487139159,8.71746712775761,6.42886901662352,2.61237243569579,1.6165816237972,1.6165816237972,0.912457478565265,0.912457478565265,0.465593108923949,0.465593108923949,47.8248683449153,4.79453718407182,10.2176163822144,11.0869506514866,152.047344116,1.45454545454545,2.09090909090909,2.63636363636364,0.125,-1.35,11,144.085,2.31776878074618,3.16342779921574,1.78231371361344,75.3243814703229,11.2989947089947,0.479066387758605,11.2989947089947,0.336713862289287,0.717294973544974,0.336713862289287,-3.03252314814815,-0.479066387758605,0.8046,39.0376,152.149,2,3,3,2,3,3,58,10.2176163822144,0.0,6.08001802694999,1.43119965723263,5.96930528795185,0.0,30.2120935383165,5.563451491697,0.0,8.22455133702132,1,23.2367049033076,5.96930528795185,2.86239931446527,0.0,6.08001802694999,0.0,35.7755450300135,0.0,17.6181213273989,4.79453718407182,19.8680208556683,30.2120935383165,1.43119965723263,57.53,57.9103106103553,11.2989947089947,7.36552036092215,-0.883564814814815,-1.69349017384732,-4.04858087679516,-3.03252314814815,0.0,0.658690585407907,60,3,1289,3347,7.01,533.1,1034.3,2132.3,184.9,2.39,1.88,1.14,0.995,71.1,1984,74.6,1043,298,1.0,6.5
6022,C9H11NO2,2Amino3phenylpropanoicacidH2NCHCH2C6H5COOH,Nd+++,NaCl  ,0,3.83366695667726,619.86971285336,18.3259089347036,16.7637101764277,5.76371017642768,10.3501826289519,8.18453056967762,2.88185508821384,1.76106427631524,1.76106427631524,0.936750864970988,0.936750864970988,0.481932735745478,0.481932735745478,59.8553846633706,4.79453718407182,5.10880819110721,15.2209522632508,165.078978592,1.58333333333333,2.25,2.83333333333333,0.222222222222222,-1.35,12,154.104,2.11586733088341,3.87520092849763,2.35865123647334,86.4793350363891,11.5824601599899,0.480077700203442,11.5824601599899,0.32031550163956,0.689882369614513,0.32031550163956,-3.49724820483749,-0.480077700203442,0.641,45.7572,165.192,3,3,3,2,3,4,64,10.8285251668335,8.84157662500605,0.0,0.0,5.96930528795185,4.79453718407182,30.2120935383165,11.9363763930264,2.74151711234044,8.22455133702132,1,23.6930979811972,5.96930528795185,1.43119965723263,0.0,12.390817369679,0.0,35.7755450300135,5.71971697572627,17.0960059474087,11.1674620854012,16.5295199410588,30.2120935383165,1.43119965723263,63.32,81.943457787436,11.5824601599899,3.49711238662131,-1.77932681405896,-1.95897108843537,-8.18959354266398,-3.42847222222222,0.0,0.690462799002939,60,3,1289,3347,7.01,533.1,1034.3,2132.3,184.9,2.39,1.88,1.14,0.995,71.1,2165,58.4,1074,298,0.15,3.22
6061,C9H13N3O5,CytidineCytosine1betaDribofuranoside,Nd+++,KNO3  ,0,2.81211490653382,811.114964236539,23.4996355210705,20.8828822388192,7.88288223881919,13.5476770246634,10.185557720283,4.06638565789146,2.78684712329619,2.78684712329619,1.77356611358731,1.77356611358731,1.06388900742025,1.06388900742025,55.0978047068559,4.79453718407182,20.3188293059573,22.8202145315161,243.085520516,1.76470588235294,2.64705882352941,3.35294117647059,0.555555555555556,-1.48,17,230.115,3.75484698261617,4.41447506313719,2.02566327373391,115.251078584015,12.4259505700428,0.393566853887659,12.4259505700428,0.351212693833089,0.289187452758881,0.351212693833089,-3.82175276360544,-0.393566853887659,-2.2681,55.7578,243.219,5,8,6,4,8,5,94,25.783004502848,24.0756738666072,9.02763696659296,4.2935989716979,6.03111451233807,4.89990973085048,0.0,6.05207174603557,6.17600652902213,17.525053692278,2,38.6475773172117,11.8667342980953,4.2935989716979,4.89990973085048,24.4440068907865,6.55898524291629,12.2280782750577,5.71971697572627,67.3896597076682,4.73686295380005,10.9660684493618,17.2204830076934,0.0,128.61,103.541907824877,15.2416491874528,11.6082133250581,-0.309310111785761,-0.985133548017972,-2.87975085558915,-16.5703023431595,-3.73060681216931,0.448930489231489,60,3,1289,3347,7.01,533.1,1034.3,2132.3,184.9,2.39,1.88,1.14,0.995,71.1,2109,101.1,607,308,0.1,3.03
6260,Cl,Chloride,Nd+++,NaClO4,-1,0.0,0.0,0.0,0.377964473009227,1.13389341902768,0.0,0.0,0.0,0.0,0.0,0.0,0.0,0.0,0.0,0.0,0.0,0.0,0.0,34.96940125991,1.0,1.0,1.0,0.0,0.29,1,35.453,1.29,1.73827586206897,10.0831034482759,13.5215710124531,0.0,1.0,0.0,-1.0,0.0,1.0,0.0,-1.0,-2.996,0.0,35.453,0,0,0,0,1,0,8,12.40703316118,0.0,0.0,0.0,0.0,0.0,0.0,0.0,0.0,0.0,0,12.40703316118,0.0,0.0,0.0,0.0,0.0,0.0,12.40703316118,0.0,0.0,0.0,0.0,0.0,0.0,0.0,0.0,0.0,0.0,0.0,0.0,0.0,0.0,0.268226902773631,60,3,1289,3347,7.01,533.1,1034.3,2132.3,184.9,2.39,1.88,1.14,0.995,71.1,2499,122.4,403,298,1.0,0.21
6419,F,Fluoride,Nd+++,NaCl  ,-1,0.0,0.0,0.0,0.377964473009227,0.377964473009227,0.0,0.0,0.0,0.0,0.0,0.0,0.0,0.0,0.0,0.0,0.0,0.0,0.0,18.99895179991,1.0,1.0,1.0,0.0,-0.07,1,18.998,0.930000000000001,-16.3557142857143,-61.2128571428572,6.09714072430475,0.0,1.0,0.0,-1.0,0.0,1.0,0.0,-1.0,-2.996,0.0,18.998,0,0,0,0,1,0,8,4.70439638173391,0.0,0.0,0.0,0.0,0.0,0.0,0.0,0.0,0.0,0,4.70439638173391,0.0,0.0,0.0,0.0,0.0,0.0,4.70439638173391,0.0,0.0,0.0,0.0,0.0,0.0,0.0,0.0,0.0,0.0,0.0,0.0,0.0,0.0,0.262388282934387,60,3,1289,3347,7.01,533.1,1034.3,2132.3,184.9,2.39,1.88,1.14,0.995,71.1,2165,58.4,1074,298,1.0,2.69
6437,N3,Azide,Nd+++,NaClO4,-1,3.2659863237109,21.0195500086539,2.70710678118655,1.34164078649987,1.34164078649987,1.4142135623731,0.4,0.4,0.089442719099992,0.089442719099992,0.0,0.0,0.0,0.0,0.0,0.0,0.0,11.0622579975705,42.00977057991,1.33333333333333,1.33333333333333,1.33333333333333,0.0,-0.69,3,42.021,2.31,1.31,1.31,17.2980594456124,6.75,0.372636230082985,6.75,-0.254727539834029,1.5,0.254727539834029,1.5,-0.372636230082985,0.8661,10.077,42.021,0,3,0,0,3,0,16,11.0622579975705,0.0,0.0,0.0,0.0,4.91171164725246,0.0,0.0,0.0,0.0,0,0.0,0.0,0.0,0.0,0.0,0.0,15.973969644823,0.0,0.0,0.0,0.0,0.0,15.973969644823,58.7,0.0,1.5,0.0,13.5,0.0,0.0,0.0,0.0,0.219164597449062,60,3,1289,3347,7.01,533.1,1034.3,2132.3,184.9,2.39,1.88,1.14,0.995,71.1,2499,122.4,403,298,1.0,0.58
6481,NO3,Nitrate,Nd+++,NaClO4,-1,2.80303948767405,26.2646625064904,3.57735026918963,1.67195846689155,1.67195846689155,1.73205080756888,0.547722557505166,0.547722557505166,0.223606797749979,0.223606797749979,0.0,0.0,0.0,0.0,5.08661904293254,0.0,0.0,15.3215712935429,61.98836643991,1.5,1.5,1.5,0.0,-0.8,4,62.004,3.2,0.654545454545455,0.075,21.7755568876067,8.25,0.356293863035067,8.25,0.068881589105201,1.75,0.068881589105201,-1.75,-0.356293863035067,-0.2391,10.3614,62.004,0,4,3,0,4,0,24,15.3215712935429,0.0,0.0,0.0,0.0,0.0,0.0,0.0,0.0,5.08661904293254,0,5.08661904293254,0.0,0.0,0.0,0.0,0.0,15.3215712935429,0.0,5.08661904293254,0.0,0.0,0.0,0.0,66.2,0.0,8.25,14.75,0.0,0.0,0.0,0.0,0.0,0.287045862564787,60,3,1289,3347,7.01,533.1,1034.3,2132.3,184.9,2.39,1.88,1.14,0.995,71.1,2499,122.4,403,296,5.0,0.03
6485,NO3,Nitrate,Nd+++,NaClO4,-1,2.80303948767405,26.2646625064904,3.57735026918963,1.67195846689155,1.67195846689155,1.73205080756888,0.547722557505166,0.547722557505166,0.223606797749979,0.223606797749979,0.0,0.0,0.0,0.0,5.08661904293254,0.0,0.0,15.3215712935429,61.98836643991,1.5,1.5,1.5,0.0,-0.8,4,62.004,3.2,0.654545454545455,0.075,21.7755568876067,8.25,0.356293863035067,8.25,0.068881589105201,1.75,0.068881589105201,-1.75,-0.356293863035067,-0.2391,10.3614,62.004,0,4,3,0,4,0,24,15.3215712935429,0.0,0.0,0.0,0.0,0.0,0.0,0.0,0.0,5.08661904293254,0,5.08661904293254,0.0,0.0,0.0,0.0,0.0,15.3215712935429,0.0,5.08661904293254,0.0,0.0,0.0,0.0,66.2,0.0,8.25,14.75,0.0,0.0,0.0,0.0,0.0,0.287045862564787,60,3,1289,3347,7.01,533.1,1034.3,2132.3,184.9,2.39,1.88,1.14,0.995,71.1,2499,122.4,403,298,2.0,-0.19
