source_index,Molecule,Isomer,Metal,Medium,Molecular Charge,BalabanJ(m),BertzCT(m),Chi0(m),Chi0n(m),Chi0v(m),Chi1(m),Chi1n(m),Chi1v(m),Chi2n(m),Chi2v(m),Chi3n(m),Chi3v(m),Chi4n(m),Chi4v(m),EState_VSA1(m),EState_VSA10(m),EState_VSA8(m),EState_VSA9(m),ExactMolWt(m),FpDensityMorgan1(m),FpDensityMorgan2(m),FpDensityMorgan3(m),FractionCSP3(m),HallKierAlpha(m),HeavyAtomCount(m),HeavyAtomMolWt(m),Kappa1(m),Kappa2(m),Kappa3(m),LabuteASA(m),MaxAbsEStateIndex(m),MaxAbsPartialCharge(m),MaxEStateIndex(m),MaxPartialCharge(m),MinAbsEStateIndex(m),MinAbsPartialCharge(m),MinEStateIndex(m),MinPartialCharge(m),MolLogP(m),MolMR(m),MolWt(m),NHOHCount(m),NOCount(m),NumHAcceptors(m),NumHDonors(m),NumHeteroatoms(m),NumRotatableBonds(m),NumValenceElectrons(m),PEOE_VSA1(m),PEOE_VSA10(m),PEOE_VSA11(m),PEOE_VSA12(m),PEOE_VSA14(m),PEOE_VSA2(m),PEOE_VSA6(m),PEOE_VSA7(m),PEOE_VSA8(m),PEOE_VSA9(m),RingCount(m),SMR_VSA1(m),SMR_VSA10(m),SMR_VSA2(m),SMR_VSA3(m),SMR_VSA5(m),SMR_VSA6(m),SMR_VSA7(m),SlogP_VSA1(m),SlogP_VSA2(m),SlogP_VSA3(m),SlogP_VSA5(m),SlogP_VSA6(m),SlogP_VSA8(m),TPSA(m),VSA_EState1(m),VSA_EState2(m),VSA_EState3(m),VSA_EState4(m),VSA_EState5(m),VSA_EState6(m),VSA_EState7(m),VSA_EState8(m),qed(m),Atomic Number_metal,Outer shell electrons_metal,Melting Point_metal  (K),Boiling Point_metal  (K),Density_metal  (g/cm3),First IE_metal  (kJ/mol),Second IE_metal  (kJ/mol),Third IE_metal  (kJ/mol),Electron Affinity_metal  (kJ/mol),Atomic Radius_metal,Covalent Radius_metal,Pauling EN_metal,Ionic Radius_metal,Standard Entropy_metal (J/mol.K),Density_medium (kg/m3),Molar Mass_medium (g/mol),Melting Point_medium (K),Temperature (K),Concentration (M),Log K1
16,C10H10O6,12PhenylenedioxodiethanoicacidC6H4OCH2COOH2,Nd+++,NaClO4,0,3.58535474306285,674.746970711227,20.4472292782632,17.4494897427832,7.44948974278318,11.7957653897425,8.44948974278318,3.63299316185545,2.14141153805826,2.14141153805826,1.09364369641316,1.09364369641316,0.618686217847897,0.618686217847897,60.7252795589573,9.58907436814364,19.6913422898145,13.828467763827,226.04773804,1.0,1.4375,1.8125,0.2,-2.24,16,216.104,3.96850480109739,5.59473338203068,3.86871018044108,105.252819258509,11.2215464179563,0.478723155612299,11.2215464179563,0.341226038936179,0.948129540396405,0.341226038936179,-3.41594246031746,-0.478723155612299,0.6134,52.7036,226.184,2,6,6,2,6,6,86,19.6913422898145,0.0,24.6169941524004,0.0,11.9386105759037,0.0,12.0848374153266,12.0848374153266,0.0,10.9660684493618,1,40.2464851073199,11.9386105759037,2.86239931446527,0.0,0.0,13.1179704858326,24.1696748306532,9.4737259076001,35.2741974439507,9.58907436814364,10.9660684493618,24.1696748306532,2.86239931446527,93.06,81.5513775544908,22.4430928359126,6.82591179024666,0.0,-6.11575008398421,-4.03941384269757,0.0,-6.83188492063492,0.737841121329228,60,3,1289,3347,7.01,533.1,1034.3,2132.3,184.9,2.39,1.88,1.14,0.995,71.1,2499,122.4,403,298,0.1,4.45
30,C10H12N2O4,2PyridylmethyliminodiethanoicacidC5H4NCH2NCH2COOH2,Nd+++,KNO3  ,0,3.8911345867114,773.100363295112,22.2401224970766,19.5274203528554,7.52742035285537,12.5766924802685,9.50102715060535,3.68453056967762,2.19294894588043,2.19294894588043,1.09089457908499,1.09089457908499,0.655484382460024,0.655484382460024,66.3231786883551,9.58907436814364,15.2015949031616,16.5699848761675,224.079706864,1.3125,2.0,2.625,0.3,-1.95,16,212.12,3.52599662541768,5.81607760836703,4.51603387021278,109.180093565378,11.6534273956496,0.480285537743257,11.6534273956496,0.317229192225287,0.732520786092215,0.317229192225287,-3.88782041288738,-0.480285537743257,0.0528,54.7856,224.216,2,6,6,2,6,6,86,10.2176163822144,0.0,0.0,0.0,11.9386105759037,19.4729626199413,6.0424187076633,12.0848374153266,15.4112720074711,29.6537158128421,1,33.5142763120603,11.9386105759037,2.86239931446527,9.88388825179769,6.49685968431595,12.9937193686319,29.9940793286531,0.0,45.0338345785477,16.0859340524596,19.4015135565507,24.3001513338046,2.86239931446527,90.73,89.8971237244898,25.8210309061896,6.84616696061141,-1.276100718065,-4.3354318888049,-3.03664682539683,-1.02121892584194,-11.4782565665155,0.709252287383635,60,3,1289,3347,7.01,533.1,1034.3,2132.3,184.9,2.39,1.88,1.14,0.995,71.1,2109,101.1,607,298,0.1,8.64
39,C10H12N4O5,Hypoxanthine9betaDribofuranoside,Nd+++,KNO3  ,0,2.43212509880209,1027.30664369346,23.6209558646301,20.8300958343191,8.83009583431915,14.230641117267,10.3701992129969,4.7372060511414,3.34483569849459,3.34483569849459,2.29665870174902,2.29665870174902,1.46597905162469,1.46597905162469,60.6536018364546,0.0,35.3871683272705,21.4277300320923,268.080769484,1.42105263157895,2.36842105263158,3.15789473684211,0.5,-1.81,19,256.133,4.6316829655677,4.3842388535215,1.74761285887602,123.506830192949,8.63494708994709,0.491603849001116,8.63494708994709,0.294914763262616,0.22692365835223,0.294914763262616,-3.70569314531368,-0.491603849001116,-1.8566,59.9972,268.229,4,9,9,4,9,6,102,25.1720957182289,27.2849429071566,17.3678307483205,10.1735873081333,0.0,4.56709964779136,0.0,0.0,0.0,21.0869082939038,3,36.1381641675907,11.163877938384,5.72479862893054,19.519035210633,24.4440068907865,6.55898524291629,12.6067434279325,0.0,70.4781059277586,4.73686295380005,17.1700212592983,12.6067434279325,11.163877938384,133.75,98.0928129419365,10.663021968812,16.1698909884074,-1.17776011484841,-0.650874288758713,0.0,-16.3679475833543,-3.64581057886117,0.498126779348831,60,3,1289,3347,7.01,533.1,1034.3,2132.3,184.9,2.39,1.88,1.14,0.995,71.1,2109,101.1,607,308,0.1,4.29
45,C10H14N5O7P,Adenosine5monophosphoricacid5Adenylicacid,Nd+++,NaClO4,0,2.38603816714054,1251.2956381786,28.4054129150063,24.5410196062468,11.4354467972467,16.8710868702955,12.014405799855,6.94757893368011,3.90179062025357,4.97879199708854,2.46768921729475,2.78258310796226,1.57181936966772,1.76653411462647,68.4141734009864,4.56504828493133,39.4846839048058,24.2514141887487,347.063084418,1.47826086956522,2.34782608695652,3.08695652173913,0.5,-1.66,23,333.112,6.3320988361268,5.7609491535486,3.05276310357402,148.435931058756,12.098577785359,0.469170685061239,12.098577785359,0.469170685061239,0.090117157974301,0.38741947596719,-5.49020078780458,-0.38741947596719,-1.863,73.6551,347.224,6,12,12,5,13,9,126,30.4655811097787,32.8016436247729,20.4926769651957,5.72479862893054,7.82269712313217,9.09084680950317,0.0,0.0,0.0,21.0869082939038,3,47.6244121867138,24.8044378393512,5.72479862893054,19.519035210633,24.4440068907865,12.2787022186426,12.6067434279325,5.71971697572627,70.0518743435822,13.8256584004432,17.1700212592983,12.6067434279325,11.163877938384,186.07,130.271281682622,17.6723801220072,8.20060090702948,-1.61526664797012,-0.724976676270192,0.0,-17.7855620330981,-4.13936767762661,0.39017854457244,60,3,1289,3347,7.01,533.1,1034.3,2132.3,184.9,2.39,1.88,1.14,0.995,71.1,2499,122.4,403,298,0.1,4.09
72,C10H16N2O8_1,12DiaminoethaneNNNNtetraethanoicacidSequestricacid,Nd+++,NaClO4,0,7.2039661525952,818.997641475345,29.2925287398839,25.1604135147108,9.16041351471082,15.9849229784979,11.8048407057107,4.27742035285537,2.54425710526098,2.54425710526098,1.21303607179888,1.21303607179888,0.604403429379471,0.604403429379471,72.2722019663741,19.1781487362873,20.4352327644288,22.2560683472891,292.090665472,0.8,1.15,1.45,0.6,-2.2,20,276.116,4.66972040452112,8.82491372780069,7.99933431952663,135.888800133245,12.02915794734,0.481175286820812,12.02915794734,0.320803094899433,1.34706089380197,0.320803094899433,-4.5873971324641,-0.481175286820812,-1.9786,63.3586,292.244,6,10,10,6,10,11,114,31.0548594710056,14.8594690933557,0.0,0.0,23.8772211518074,19.1781487362873,0.0,0.0,23.9597878179936,15.4873669149992,0,56.1446512190748,23.8772211518074,5.72479862893054,10.6196267065768,24.7816347393581,12.9937193686319,0.0,10.6196267065768,69.3419582215674,19.1781487362873,26.453435364361,0.0,5.72479862893054,173.26,119.038327532834,47.3870000517249,10.5307062090221,0.0,-10.0809043264536,-8.93587435437138,-8.59779418116088,-9.1747942649282,0.234105103485993,60,3,1289,3347,7.01,533.1,1034.3,2132.3,184.9,2.39,1.88,1.14,0.995,71.1,2499,122.4,403,301,0.2,10.56
111,C10H16N2O8_1,12DiaminoethaneNNNNtetraethanoicacidSequestricacid,Nd+++,KCl   ,0,7.2039661525952,818.997641475345,29.2925287398839,25.1604135147108,9.16041351471082,15.9849229784979,11.8048407057107,4.27742035285537,2.54425710526098,2.54425710526098,1.21303607179888,1.21303607179888,0.604403429379471,0.604403429379471,72.2722019663741,19.1781487362873,20.4352327644288,22.2560683472891,292.090665472,0.8,1.15,1.45,0.6,-2.2,20,276.116,4.66972040452112,8.82491372780069,7.99933431952663,135.888800133245,12.02915794734,0.481175286820812,12.02915794734,0.320803094899433,1.34706089380197,0.320803094899433,-4.5873971324641,-0.481175286820812,-1.9786,63.3586,292.244,6,10,10,6,10,11,114,31.0548594710056,14.8594690933557,0.0,0.0,23.8772211518074,19.1781487362873,0.0,0.0,23.9597878179936,15.4873669149992,0,56.1446512190748,23.8772211518074,5.72479862893054,10.6196267065768,24.7816347393581,12.9937193686319,0.0,10.6196267065768,69.3419582215674,19.1781487362873,26.453435364361,0.0,5.72479862893054,173.26,119.038327532834,47.3870000517249,10.5307062090221,0.0,-10.0809043264536,-8.93587435437138,-8.59779418116088,-9.1747942649282,0.234105103485993,60,3,1289,3347,7.01,533.1,1034.3,2132.3,184.9,2.39,1.88,1.14,0.995,71.1,1984,74.6,1043,293,0.1,16.06
138,C10H16N2O8_1,12DiaminoethaneNNNNtetraethanoicacidSequestricacid,Nd+++,KNO3  ,0,7.2039661525952,818.997641475345,29.2925287398839,25.1604135147108,9.16041351471082,15.9849229784979,11.8048407057107,4.27742035285537,2.54425710526098,2.54425710526098,1.21303607179888,1.21303607179888,0.604403429379471,0.604403429379471,72.2722019663741,19.1781487362873,20.4352327644288,22.2560683472891,292.090665472,0.8,1.15,1.45,0.6,-2.2,20,276.116,4.66972040452112,8.82491372780069,7.99933431952663,135.888800133245,12.02915794734,0.481175286820812,12.02915794734,0.320803094899433,1.34706089380197,0.320803094899433,-4.5873971324641,-0.481175286820812,-1.9786,63.3586,292.244,6,10,10,6,10,11,114,31.0548594710056,14.8594690933557,0.0,0.0,23.8772211518074,19.1781487362873,0.0,0.0,23.9597878179936,15.4873669149992,0,56.1446512190748,23.8772211518074,5.72479862893054,10.6196267065768,24.7816347393581,12.9937193686319,0.0,10.6196267065768,69.3419582215674,19.1781487362873,26.453435364361,0.0,5.72479862893054,173.26,119.038327532834,47.3870000517249,10.5307062090221,0.0,-10.0809043264536,-8.93587435437138,-8.59779418116088,-9.1747942649282,0.234105103485993,60,3,1289,3347,7.01,533.1,1034.3,2132.3,184.9,2.39,1.88,1.14,0.995,71.1,2109,101.1,607,293,0.1,16.77
139,C10H16N2O8_1,12DiaminoethaneNNNNtetraethanoicacidSequestricacid,Nd+++,KNO3  ,0,7.2039661525952,818.997641475345,29.2925287398839,25.1604135147108,9.16041351471082,15.9849229784979,11.8048407057107,4.27742035285537,2.54425710526098,2.54425710526098,1.21303607179888,1.21303607179888,0.604403429379471,0.604403429379471,72.2722019663741,19.1781487362873,20.4352327644288,22.2560683472891,292.090665472,0.8,1.15,1.45,0.6,-2.2,20,276.116,4.66972040452112,8.82491372780069,7.99933431952663,135.888800133245,12.02915794734,0.481175286820812,12.02915794734,0.320803094899433,1.34706089380197,0.320803094899433,-4.5873971324641,-0.481175286820812,-1.9786,63.3586,292.244,6,10,10,6,10,11,114,31.0548594710056,14.8594690933557,0.0,0.0,23.8772211518074,19.1781487362873,0.0,0.0,23.9597878179936,15.4873669149992,0,56.1446512190748,23.8772211518074,5.72479862893054,10.6196267065768,24.7816347393581,12.9937193686319,0.0,10.6196267065768,69.3419582215674,19.1781487362873,26.453435364361,0.0,5.72479862893054,173.26,119.038327532834,47.3870000517249,10.5307062090221,0.0,-10.0809043264536,-8.93587435437138,-8.59779418116088,-9.1747942649282,0.234105103485993,60,3,1289,3347,7.01,533.1,1034.3,2132.3,184.9,2.39,1.88,1.14,0.995,71.1,2109,101.1,607,296,0.1,15.63
165,C10H16N2O8_2,12DiaminoethaneNNdi14butanedioicacidCH2NHCHCOOHCH2COOH2,Nd+++,KCl   ,0,7.70379586312185,754.997641475345,29.2925287398839,25.1604135147108,9.16041351471082,15.9075727093083,11.8576271102108,4.22463394835533,2.49147070076093,2.49147070076093,1.08596876492005,1.08596876492005,0.632853469982595,0.632853469982595,72.658198719404,19.1781487362873,20.4352327644288,22.1739013029732,292.090665472,0.7,0.95,1.15,0.6,-2.2,20,276.116,4.66972040452112,8.82491372780069,9.79185151652331,136.192629841959,11.8382537706568,0.480285663977319,11.8382537706568,0.317218118975639,1.32146352985639,0.317218118975639,-4.79792233560091,-0.480285663977319,-2.0712,63.4232,292.244,4,10,10,4,10,11,114,20.4352327644288,0.0,0.0,0.0,23.8772211518074,28.9779681979882,0.0,0.0,18.4767535933128,36.9535071866256,0,56.0624841747588,23.8772211518074,5.72479862893054,9.79981946170096,0.0,38.9811581058957,0.0,0.0,93.0934314838329,19.1781487362873,16.4491026740426,0.0,5.72479862893054,155.68,119.671348485369,44.7100880229145,13.1947516583411,0.0,-10.1202338960275,0.0,0.0,-27.2892876039305,0.333294737123963,60,3,1289,3347,7.01,533.1,1034.3,2132.3,184.9,2.39,1.88,1.14,0.995,71.1,1984,74.6,1043,298,0.1,12.62
188,C10H16N2O8_2,12DiaminoethaneNNdi14butanedioicacidCH2NHCHCOOHCH2COOH2,Nd+++,KNO3  ,0,7.70379586312185,754.997641475345,29.2925287398839,25.1604135147108,9.16041351471082,15.9075727093083,11.8576271102108,4.22463394835533,2.49147070076093,2.49147070076093,1.08596876492005,1.08596876492005,0.632853469982595,0.632853469982595,72.658198719404,19.1781487362873,20.4352327644288,22.1739013029732,292.090665472,0.7,0.95,1.15,0.6,-2.2,20,276.116,4.66972040452112,8.82491372780069,9.79185151652331,136.192629841959,11.8382537706568,0.480285663977319,11.8382537706568,0.317218118975639,1.32146352985639,0.317218118975639,-4.79792233560091,-0.480285663977319,-2.0712,63.4232,292.244,4,10,10,4,10,11,114,20.4352327644288,0.0,0.0,0.0,23.8772211518074,28.9779681979882,0.0,0.0,18.4767535933128,36.9535071866256,0,56.0624841747588,23.8772211518074,5.72479862893054,9.79981946170096,0.0,38.9811581058957,0.0,0.0,93.0934314838329,19.1781487362873,16.4491026740426,0.0,5.72479862893054,155.68,119.671348485369,44.7100880229145,13.1947516583411,0.0,-10.1202338960275,0.0,0.0,-27.2892876039305,0.333294737123963,60,3,1289,3347,7.01,533.1,1034.3,2132.3,184.9,2.39,1.88,1.14,0.995,71.1,2109,101.1,607,293,0.1,13.41
221,C10H16N5O13P3,Adenosine5triphosphoricacid,Nd+++,KCl   ,0,2.24697517627228,1655.74644473839,36.2338400397525,29.8849365400299,16.5682181130296,21.4066207762283,14.2914958674632,11.3293593937214,4.95951712743903,9.13176741575819,2.86768921729475,6.38258310796226,1.8483421304627,4.52356711908129,84.0595676472508,13.695144854794,57.897331442091,27.113813503214,506.995745462,1.12903225806452,1.87096774193548,2.54838709677419,0.5,-1.36,31,491.054,10.7122505271484,8.53221316282703,5.71434142075795,194.333991887702,13.073711162784,0.489542975730367,13.073711162784,0.489542975730367,0.044080038155037,0.387419475959204,-6.40884858951786,-0.387419475959204,-1.629,95.4757,507.182,8,18,18,7,21,15,174,40.2569659078167,32.8016436247729,20.4926769651957,8.58719794339581,23.4680913693965,9.09084680950317,0.0,0.0,0.0,21.0869082939038,3,75.1671562938615,40.4498320856155,8.58719794339581,19.519035210633,24.4440068907865,12.2787022186426,12.6067434279325,5.71971697572627,82.7056584560854,31.577017709553,17.1700212592983,12.6067434279325,11.163877938384,279.13,178.26226158158,24.2145647137432,8.16971238779747,-1.94618338838723,-0.827758073071736,0.0,-19.112636685292,-4.57652128212396,0.19742203378388,60,3,1289,3347,7.01,533.1,1034.3,2132.3,184.9,2.39,1.88,1.14,0.995,71.1,1984,74.6,1043,298,0.1,6.47
234,C10H17N2O10P,Bisbiscarboxymethylaminomethylphosphinicacid,Nd+++,NaCl  ,0,8.05119894275131,924.007394063801,32.4996355210705,27.4241236911385,11.3185508821384,17.7182328810881,12.8282373678447,6.41171984986553,3.01935127280605,4.52232601239623,1.27566128335561,2.2022599157267,0.806710067068149,1.57803005898923,79.5092030589314,23.7431970212186,25.3309251634478,23.6051009602058,356.062081374,0.782608695652174,1.08695652173913,1.30434782608696,0.6,-2.01,23,339.088,6.13012547760473,9.20146390132443,11.2412504776115,153.85477451067,13.8330291005291,0.48028551317043,13.8330291005291,0.317232268698032,1.46940980095742,0.317232268698032,-7.15573696145124,-0.48028551317043,-1.8858,73.2485,356.224,5,12,12,5,13,13,132,25.3309251634478,0.0,0.0,8.80002718767623,23.8772211518074,33.5430164829196,0.0,0.0,0.0,54.9124375890222,0,65.5232248587091,31.246048682251,7.15599828616317,9.79981946170096,0.0,38.4633349149795,0.0,0.0,98.9025003491683,23.7431970212186,16.4491026740426,0.0,5.72479862893054,192.98,141.115811527371,48.3489065333816,13.1043430257013,0.0,-10.5251625918707,0.0,-10.1234547430083,-18.2924845679012,0.244501522725827,60,3,1289,3347,7.01,533.1,1034.3,2132.3,184.9,2.39,1.88,1.14,0.995,71.1,2165,58.4,1074,298,0.16,14.64
242,C10H17N3O6S,Glutamylcysteinylglycine,Nd+++,NaClO4,0,7.06762440447211,924.248162979344,30.162772227887,26.1993788197469,10.0158754006746,16.347565077428,12.3105022587648,4.70515129583728,2.56990595068839,2.77403009592032,1.24251714870998,1.43586631424348,0.556860021661595,0.689813781245789,89.6084610638909,19.1781487362873,10.2176163822144,23.3411523625125,307.083806264,1.15,1.9,2.5,0.6,-1.81,20,290.192,4.59818299335621,9.15071374245247,7.58661057429172,143.823929105462,12.8633062484253,0.480086286462131,12.8633062484253,0.322470707027705,0.857551591184122,0.322470707027705,-4.53533938807005,-0.480086286462131,-2.2061,71.2744,307.328,6,9,8,6,10,11,114,26.5569600645174,22.4801279507038,2.8236841566564,11.814359458703,11.9386105759037,19.1781487362873,0.0,6.37292490132938,20.3024331235009,5.48303422468088,0,48.7507189935167,36.2856660727637,3.98619848749746,10.6196267065768,24.781634739358,12.2018165694661,0.0,16.339343682303,59.3319870960187,19.1781487362873,26.453435364361,0.0,2.86239931446527,158.82,126.60578808704,48.8826477341807,4.14430916985241,-5.00653190827487,-10.1705365336929,-8.60807254771744,-9.00054096340736,-3.98951144679635,0.263437293348075,60,3,1289,3347,7.01,533.1,1034.3,2132.3,184.9,2.39,1.88,1.14,0.995,71.1,2499,122.4,403,298,0.1,7.0
253,C10H18N2O7,NHydroxyethyldiaminoethaneNNNtriethanoicacid,Nd+++,NaClO4,0,7.81847088474462,852.919981471328,30.2151784706943,26.752165224247,8.75216522424696,16.2368524056532,12.6535029649788,4.0205098031234,2.30607529481163,2.30607529481163,1.04032521846128,1.04032521846128,0.587209923523831,0.587209923523831,73.2478786743685,14.3836115522155,20.4352327644288,24.9154184153136,278.111400916,0.842105263157895,1.31578947368421,1.78947368421053,0.7,-1.71,19,260.117,3.90213411315711,9.25064385289595,9.94393165993123,134.841048742251,11.9314604977921,0.480285801512334,11.9314604977921,0.317218118969275,1.33029761904762,0.317218118969275,-4.84188066893424,-0.480285801512334,-2.1635,62.8732,278.261,4,9,9,4,9,12,110,20.4352327644288,0.0,0.0,1.43119965723263,17.9079158638556,24.1834310139164,0.0,0.0,27.7151303899692,37.0156327452259,0,54.0094641030274,17.9079158638556,5.72479862893054,9.79981946170096,0.0,45.540143348812,0.0,0.0,95.11431109603,14.3836115522155,19.1906197863831,0.0,4.2935989716979,138.61,135.676068804065,33.0302912523417,13.3965401021137,0.0,-7.63044676975728,0.0,0.0,-31.7224533887629,0.33243038678915,60,3,1289,3347,7.01,533.1,1034.3,2132.3,184.9,2.39,1.88,1.14,0.995,71.1,2499,122.4,403,298,0.5,14.47
286,C10H18O2,Decane24dioneCH3COCH2COCH25CH3,Nd+++,R4N.X ,0,6.64798956634976,694.736108357789,25.1547005383793,23.8164965809277,5.81649658092773,12.5594010767585,11.6582482904639,2.65824829046386,1.40824829046386,1.40824829046386,0.590593108923949,0.590593108923949,0.284879887795308,0.284879887795308,63.5078235352975,9.58907436814364,0.0,24.673654011064,170.130679816,1.0,1.75,2.41666666666667,0.8,-0.66,12,152.108,1.50957411490376,7.01436210881243,7.44706638115632,99.6362432605071,12.2867168603553,0.299537051221103,12.2867168603553,0.139742552477207,2.44345572719829,0.139742552477207,-4.48456868858655,-0.299537051221103,2.505,49.064,170.252,0,2,2,0,2,9,70,0.0,11.5664898927299,0.0,0.0,0.0,9.58907436814364,25.9706668212838,13.2248170186251,31.0465789123933,6.37292490132938,0,34.2627283792076,11.5664898927299,0.0,0.0,51.9413336425676,0.0,0.0,0.0,11.5664898927299,9.58907436814364,76.6149876536316,0.0,0.0,34.14,132.172271676277,23.9757751271996,0.0,0.0,-5.14230304390274,0.0,-26.0303764723482,-7.6420339538925,0.434303904160444,60,3,1289,3347,7.01,533.1,1034.3,2132.3,184.9,2.39,1.88,1.14,0.995,71.1,884,404.2,253,298,0.1,6.9
291,C10H19N3O4_2,LeucylglycylglycineH2NCHCH2CHCH32CONHCH2CONHCH2COOH,Nd+++,KCl   ,0,4.46692328107264,822.696599815123,29.3009649083212,26.9746339483553,7.97463394835533,15.5995122968178,13.1190611393552,3.85535096292756,2.25196594025537,2.25196594025537,1.11519797795998,1.11519797795998,0.628230133866287,0.628230133866287,79.0231208654206,9.58907436814364,10.2176163822144,26.206378291517,245.137556088,1.05882352941176,1.47058823529412,1.88235294117647,0.8,-1.18,17,226.127,2.86579653265617,7.20538165385544,6.20036068308011,126.924776784045,11.9839266617204,0.480285804977186,11.9839266617204,0.317204364257965,1.1788709372638,0.317204364257965,-4.67479450113379,-0.480285804977186,-1.6372,61.0213,245.279,3,7,7,3,7,4,98,15.5274297355028,1.4118420783282,0.0,0.0,11.9386105759037,19.3888938298446,0.0,0.0,55.4302607799384,18.4767535933128,1,43.1506697274098,11.9386105759037,2.86239931446527,15.1096328149893,0.0,51.9748774745276,0.0,5.30981335328838,83.9309238943467,9.58907436814364,21.9321368987235,0.0,2.86239931446527,93.11,149.140322555331,21.5472231269178,5.56905001775988,0.0,-4.96522948685647,0.0,0.0,-35.9580328798186,0.546870189347695,60,3,1289,3347,7.01,533.1,1034.3,2132.3,184.9,2.39,1.88,1.14,0.995,71.1,1984,74.6,1043,298,0.1,1.75
319,C10H26N4O6P2,14710Tetraazacyclododecane17bismethanephosphonicacid,Nd+++,KCl   ,0,4.79224407362155,1131.45051154821,39.1378282015047,36.1327713157829,11.9216256977828,20.7840925714467,17.3061470408655,7.86404410903066,2.98379053500496,5.3736628410152,1.31576936752826,2.20566731608489,0.756752373153308,1.44665032170994,100.061744474097,9.13009656986266,19.5827695960759,35.9636539089913,360.132757812001,0.818181818181818,1.13636363636364,1.40909090909091,1.0,0.14,22,334.08,4.269484198991,9.43924849706017,10.7977226153798,166.732133754321,12.9398633198126,0.33894238055031,12.9398633198126,0.33894238055031,1.52187778302535,0.323529157891109,-6.38404777104457,-0.323529157891109,-1.9464,82.7076,360.288,6,10,10,6,12,8,132,30.2023963026527,15.2995803343721,0.0,5.72479862893054,15.1915246535758,18.9299160315636,0.0,0.0,73.9070143732511,5.48303422468088,1,58.9517214459994,15.1915246535758,5.72479862893054,20.4194461682777,0.0,64.4507736522433,0.0,10.6196267065768,99.5581613389507,9.13009656986266,27.4151711234044,0.0,0.0,145.6,234.682173851948,10.9150724073997,-3.07222442680776,0.0,0.0,0.0,-9.74885388556249,-39.8969612937768,0.3129364421644,60,3,1289,3347,7.01,533.1,1034.3,2132.3,184.9,2.39,1.88,1.14,0.995,71.1,1984,74.6,1043,298,0.1,17.2
329,C10H6O8,Benzene1245tetracarboxylicacidC6H2COOH4,Nd+++,NaClO4,0,4.08416793663738,614.54391900574,18.6019298166425,14.2659863237109,8.26598632371091,11.2588552350727,6.76598632371091,4.13299316185545,2.89982991426106,2.89982991426106,1.81649658092773,1.81649658092773,1.11237243569579,1.11237243569579,58.215864533922,19.1781487362873,20.4352327644288,8.46631574127098,254.006267152,0.666666666666667,0.888888888888889,1.05555555555556,0.0,-2.9,18,248.102,6.74295500999528,4.53458705796368,2.26493664458379,107.490699019558,11.6072728489544,0.477620051622461,11.6072728489544,0.336094409984352,1.14427721088435,0.336094409984352,-1.68173941798942,-0.477620051622461,0.4794,54.2792,254.15,4,8,8,4,8,4,94,20.4352327644288,0.0,0.0,0.0,23.8772211518074,0.0,0.0,12.0848374153266,0.0,24.9953230791284,1,42.3548986130566,23.8772211518074,5.72479862893054,0.0,0.0,0.0,34.3386433821146,0.0,44.3124539162363,0.0,44.1734718154157,12.0848374153266,5.72479862893054,149.2,41.6276451877047,46.4290913958176,14.3560336356765,-4.57710884353742,-6.72695767195767,-2.44203703703704,0.0,0.0,0.605396356835948,60,3,1289,3347,7.01,533.1,1034.3,2132.3,184.9,2.39,1.88,1.14,0.995,71.1,2499,122.4,403,298,0.1,4.73
342,C10H7NO2_1,1Nitroso2naphtholalphaNitrosobetanaphthol,Nd+++,KCl   ,0,3.2310510549494,746.934243529387,15.1877162542694,13.2637101764277,6.26371017642768,9.36147842510525,6.76855341928083,3.36030512881697,2.26901803589944,2.26901803589944,1.53169781030474,1.53169781030474,0.962949172837608,0.962949172837608,47.6914103539472,4.90706524398828,10.2856901189659,9.65575099425396,173.047678464,1.07692307692308,1.76923076923077,2.46153846153846,0.0,-1.9,13,166.115,3.10383761410049,2.8603023152423,1.140925603898,84.5234971469606,10.9129128873772,0.505530893936503,10.9129128873772,0.293217212513362,0.295,0.293217212513362,-0.632286470143613,-0.505530893936503,2.9433,51.0678,173.171,1,3,3,1,3,2,64,5.10880819110721,5.74951183328391,5.68738627468356,0.0,0.0,0.0,30.2120935383165,16.6055248499867,5.3862242144648,8.22455133702132,2,13.3333595281285,16.4598347036132,1.43119965723263,0.0,0.0,0.0,41.1615774899681,0.0,6.54000784833985,0.0,8.22455133702132,41.4313941738384,10.7724484289296,49.66,52.8160820578231,10.9129128873772,6.09517739040061,-0.580555555555555,-0.608767951625094,-3.46818216175359,0.0,0.0,0.673713275346342,60,3,1289,3347,7.01,533.1,1034.3,2132.3,184.9,2.39,1.88,1.14,0.995,71.1,1984,74.6,1043,298,0.1,4.44
361,C10H7NO2_3,Quinoline2carboxylicacid,Nd+++,NaClO4,0,3.02214284295254,746.689131031551,15.1877162542694,13.2637101764277,6.26371017642768,9.30663687023885,6.76371017642768,3.35546188596382,2.22147447294021,2.22147447294021,1.39056276103345,1.39056276103345,0.838334779391715,0.838334779391715,47.9177455287801,4.79453718407182,10.0927867120544,9.65575099425396,173.047678464,1.23076923076923,2.0,2.84615384615385,0.0,-1.9,13,166.115,3.10383761410049,2.8603023152423,1.3567719743658,84.574877358117,11.3106947593852,0.476509144723178,11.3106947593852,0.354003874517372,0.247656840513983,0.354003874517372,-1.26591553287982,-0.476509144723178,1.933,48.7023,173.171,1,3,3,1,3,1,64,5.10880819110721,5.69392799484846,0.0,0.0,5.96930528795185,0.0,24.1696748306532,12.0848374153266,5.3862242144648,13.7412520546376,2,18.1278967122004,16.8722302200329,1.43119965723263,4.98397852094721,0.0,0.0,41.9484402408282,0.0,16.0620920000063,0.0,18.7130165159416,36.2545122459798,12.3341245893137,50.19,52.3082574850928,14.9664817964223,3.450646494709,-0.944508692365834,-1.26591553287982,-3.34829488431175,0.0,0.0,0.716365079749461,60,3,1289,3347,7.01,533.1,1034.3,2132.3,184.9,2.39,1.88,1.14,0.995,71.1,2499,122.4,403,303,0.1,2.57
369,C10H7NO2_4,Quinoline8carboxylicacid,Nd+++,NaClO4,0,3.10771255484063,738.439131031551,15.1877162542694,13.2637101764277,6.26371017642768,9.30663687023885,6.76371017642768,3.35546188596382,2.23467107406522,2.23467107406522,1.46383774073189,1.46383774073189,0.923914965980951,0.923914965980951,47.9177455287801,4.79453718407182,10.0927867120544,9.65575099425396,173.047678464,1.30769230769231,2.15384615384615,3.0,0.0,-1.9,13,166.115,3.10383761410049,2.8603023152423,1.24184516781919,84.574877358117,11.535690665155,0.477582094820084,11.535690665155,0.337415864188888,0.284814814814814,0.337415864188888,-1.2661753590325,-0.477582094820084,1.933,48.7023,173.171,1,3,3,1,3,1,64,5.10880819110721,0.0,0.0,0.0,5.96930528795185,4.98397852094721,18.1272561229899,12.0848374153266,11.5591194252796,19.3047035463346,2,18.1278967122004,16.8722302200329,1.43119965723263,4.98397852094721,0.0,0.0,41.9484402408282,0.0,16.0620920000063,0.0,18.5825400127901,36.3849887491312,12.3341245893137,50.19,52.2047281273621,15.1551351095994,3.4824185090703,-0.905324074074073,-1.2661753590325,-2.90509826152683,-0.59901738473167,0.0,0.716365079749461,60,3,1289,3347,7.01,533.1,1034.3,2132.3,184.9,2.39,1.88,1.14,0.995,71.1,2499,122.4,403,303,0.1,2.55
381,C10H7NO5S_1,1Nitroso2hydroxynaphalene7sulfonicacid,Nd+++,KCl   ,0,3.27764683791862,978.191554050695,18.3948230354559,14.8967033382831,8.71319991921086,11.1334634622903,7.38092585497662,5.47267756451276,2.9272663263633,4.24376290729103,1.88375988292071,2.58788402815264,1.16449572729958,1.56758883622353,67.4350504097649,13.3248622283172,14.8407207889227,9.71619209531637,253.004493324,1.11764705882353,1.88235294117647,2.52941176470588,0.0,-1.99,17,246.179,5.5644689769824,3.79110091429242,1.97220838907242,106.238803415128,11.7504732772739,0.505530887926024,11.7504732772739,0.294034541435291,0.546916099773243,0.294034541435291,-4.90885511148904,-0.505530887926024,2.19,60.8824,253.235,2,6,6,2,7,4,88,5.10880819110721,5.74951183328391,5.68738627468356,1.43119965723263,0.0,4.55503066995687,12.0848374153266,28.6903622653133,5.3862242144648,11.7492762563689,2,24.9354286262441,26.5779615626467,2.86239931446527,0.0,4.89548347551778,0.0,35.1191587823048,0.0,19.5128355026257,10.1181268590336,6.8537927808511,40.2844589416929,12.2036480861622,104.03,79.3321444843369,9.90244102733686,5.37002338435374,-0.832471655328798,-0.802527399848828,-4.47742139602755,0.0,0.0,0.630153423307972,60,3,1289,3347,7.01,533.1,1034.3,2132.3,184.9,2.39,1.88,1.14,0.995,71.1,1984,74.6,1043,298,0.1,4.49
394,C10H7NO5S_2,1Nitroso2hydroxynaphthalene6sulfonicacid,Nd+++,KCl   ,0,3.26103563100594,978.191554050695,18.3948230354559,14.8967033382831,8.71319991921086,11.1334634622903,7.38092585497662,5.47267756451276,2.9272663263633,4.24376290729103,1.88375988292071,2.58788402815264,1.16449572729958,1.56758883622353,67.4350504097649,13.3248622283172,14.8407207889227,9.71619209531637,253.004493324,1.11764705882353,1.88235294117647,2.52941176470588,0.0,-1.99,17,246.179,5.5644689769824,3.79110091429242,1.97220838907242,106.238803415128,11.7312966112371,0.50553089387102,11.7312966112371,0.29403318515889,0.576684618291761,0.29403318515889,-4.88828094818174,-0.50553089387102,2.19,60.8824,253.235,2,6,6,2,7,4,88,5.10880819110721,5.74951183328391,5.68738627468356,1.43119965723263,0.0,4.55503066995687,12.0848374153266,28.6903622653133,5.3862242144648,11.7492762563689,2,24.9354286262441,26.5779615626467,2.86239931446527,0.0,4.89548347551778,0.0,35.1191587823048,0.0,19.5128355026257,10.1181268590336,6.8537927808511,40.2844589416929,12.2036480861622,104.03,79.3232050999412,9.88649041792643,5.39408883692366,-0.774315003779289,-0.761899381666246,-4.59595568783069,0.0,0.0,0.630153423307972,60,3,1289,3347,7.01,533.1,1034.3,2132.3,184.9,2.39,1.88,1.14,0.995,71.1,1984,74.6,1043,298,0.1,4.47
406,C10H7NO5S_3,2Nitroso1hydroxynaphthalene4sulfonicacid,Nd+++,KCl   ,0,3.36964696967756,978.191554050695,18.3948230354559,14.8967033382831,8.71319991921086,11.1334634622903,7.38092585497662,5.47267756451276,2.9272663263633,4.24376290729103,1.92992025609918,2.73610647394707,1.25007591388882,1.87484360557951,67.4350504097649,13.3248622283172,14.8407207889227,9.71619209531637,253.004493324,1.11764705882353,1.82352941176471,2.41176470588235,0.0,-1.99,17,246.179,5.5644689769824,3.79110091429242,1.85452674737746,106.238803415128,11.9494973544974,0.504901935216229,11.9494973544974,0.294720963848635,0.641458333333333,0.294720963848635,-4.9662962962963,-0.504901935216229,2.19,60.8824,253.235,2,6,6,2,7,4,88,5.10880819110721,4.89548347551778,11.4368981079675,1.43119965723263,0.0,4.55503066995687,24.1696748306532,11.219300635522,10.7724484289296,6.8537927808511,2,24.9354286262441,26.5779615626467,2.86239931446527,0.0,4.89548347551778,0.0,35.1191587823048,0.0,19.5128355026257,10.1181268590336,6.8537927808511,40.2844589416929,12.2036480861622,104.03,79.7177630542958,9.81485481229529,5.19000779478458,-0.973929988662131,-0.80469387755102,-4.39437216553288,0.0,0.0,0.630153423307972,60,3,1289,3347,7.01,533.1,1034.3,2132.3,184.9,2.39,1.88,1.14,0.995,71.1,1984,74.6,1043,298,0.1,3.47
417,C10H7NO5S_4,2Nitroso1hydroxynaphthalene8sulfonicacid,Nd+++,KCl   ,0,3.36729513996962,978.191554050695,18.3948230354559,14.8967033382831,8.71319991921086,11.1334634622903,7.38092585497662,5.47267756451276,2.9272663263633,4.24376290729103,1.92992025609918,2.73610647394707,1.24808747399277,1.86887828589137,67.4350504097649,13.3248622283172,14.8407207889227,9.71619209531637,253.004493324,1.11764705882353,1.88235294117647,2.52941176470588,0.0,-1.99,17,246.179,5.5644689769824,3.79110091429242,1.85452674737746,106.238803415128,11.9553788737717,0.50486653797669,11.9553788737717,0.294776776645901,0.619189814814814,0.294776776645901,-4.95766817838246,-0.50486653797669,2.19,60.8824,253.235,2,6,6,2,7,4,88,5.10880819110721,10.5828697502013,5.74951183328391,1.43119965723263,0.0,4.55503066995687,18.1272561229899,22.64794355765,5.3862242144648,6.8537927808511,2,24.9354286262441,26.5779615626467,2.86239931446527,0.0,4.89548347551778,0.0,35.1191587823048,0.0,19.5128355026257,10.1181268590336,6.8537927808511,40.2844589416929,12.2036480861622,104.03,79.7490812389771,9.77465695074326,5.20345379818594,-0.888461829176115,-0.890162037037036,-4.40756660997732,0.0,0.0,0.630153423307972,60,3,1289,3347,7.01,533.1,1034.3,2132.3,184.9,2.39,1.88,1.14,0.995,71.1,1984,74.6,1043,298,0.1,5.46
422,C10H7NO5S_5,2Nitroso1hydroxynaphthalene5sulfonicacid,Nd+++,KCl   ,0,3.34766871110417,978.191554050695,18.3948230354559,14.8967033382831,8.71319991921086,11.1334634622903,7.38092585497662,5.47267756451276,2.9272663263633,4.24376290729103,1.92992025609918,2.73610647394707,1.22725414065944,1.80637828589137,67.4350504097649,13.3248622283172,14.8407207889227,9.71619209531637,253.004493324,1.11764705882353,1.88235294117647,2.52941176470588,0.0,-1.99,17,246.179,5.5644689769824,3.79110091429242,1.85452674737746,106.238803415128,11.9251917989418,0.504902428537047,11.9251917989418,0.294636603038554,0.641458333333334,0.294636603038554,-4.93155057161753,-0.504902428537047,2.19,60.8824,253.235,2,6,6,2,7,4,88,5.10880819110721,10.5828697502013,5.74951183328391,1.43119965723263,0.0,4.55503066995687,18.1272561229899,17.2617193431852,10.7724484289296,6.8537927808511,2,24.9354286262441,26.5779615626467,2.86239931446527,0.0,4.89548347551778,0.0,35.1191587823048,0.0,19.5128355026257,10.1181268590336,6.8537927808511,40.2844589416929,12.2036480861622,104.03,79.7326862874779,9.76080762629126,5.22943137440161,-0.830305177626606,-0.80469387755102,-4.57304232804233,0.0,0.0,0.630153423307972,60,3,1289,3347,7.01,533.1,1034.3,2132.3,184.9,2.39,1.88,1.14,0.995,71.1,1984,74.6,1043,298,0.1,3.83
430,C10H7NO8S2_1,1Nitroso2hydroxynaphthalene36disulfonicacid,Nd+++,KCl   ,0,3.38146239715076,1214.9746375983,21.6019298166425,16.5296965001386,11.162689661994,12.9054484994753,7.99329829067242,7.58505000020856,3.58551461682717,6.21850777868262,2.27748862220334,3.76907024600054,1.43989509129892,2.39378692822155,76.4062420366529,21.7426592126462,19.3957514588796,9.77663319637878,332.961308184,0.904761904761905,1.52380952380952,2.0952380952381,0.0,-2.08,21,326.243,8.38391818585253,4.73389989207608,2.71239466847073,127.954109683296,11.9596511637062,0.504261445135908,11.9596511637062,0.297824070075198,0.828600718065004,0.297824070075198,-5.1631829228605,-0.504261445135908,1.4367,70.697,333.299,3,9,9,3,11,6,112,5.10880819110721,4.89548347551778,11.4368981079675,2.86239931446527,0.0,9.11006133991374,6.0424187076633,28.6903622653133,5.3862242144648,10.3785177001987,2,36.5374977243597,36.6960884216803,4.2935989716979,0.0,9.79096695103555,0.0,29.0767400746415,0.0,32.4856631569115,20.2362537180671,5.48303422468088,39.1375237095474,13.6348477433949,158.4,106.281948761758,8.50640065980096,4.62473604024943,-1.11169926303855,-1.22277901129588,-4.8295963771311,0.0,0.0,0.561690097276662,60,3,1289,3347,7.01,533.1,1034.3,2132.3,184.9,2.39,1.88,1.14,0.995,71.1,1984,74.6,1043,298,0.1,5.01
437,C10H7NO8S2_2,2Nitroso1hydroxynaphthalene46disulfonicacid,Nd+++,NaCl  ,0,3.44610255936845,1214.9746375983,21.6019298166424,16.5296965001386,11.162689661994,12.9054484994753,7.99329829067242,7.58505000020856,3.58551461682717,6.21850777868262,2.28198232871514,3.79229269179497,1.45162246835079,2.47948326896544,76.4062420366529,21.7426592126462,19.3957514588796,9.77663319637878,332.961308184,0.904761904761905,1.57142857142857,2.14285714285714,0.0,-2.08,21,326.243,8.38391818585253,4.73389989207608,2.71239466847073,127.954109683296,12.1122095458554,0.504901928029188,12.1122095458554,0.294721691769544,0.893374433106576,0.294721691769544,-5.21769286186697,-0.504901928029188,1.4367,70.697,333.299,3,9,9,3,11,6,112,5.10880819110721,4.89548347551778,11.4368981079675,2.86239931446527,0.0,9.11006133991374,0.0,29.3465567585118,10.7724484289296,10.3785177001987,2,36.5374977243597,36.6960884216803,4.2935989716979,0.0,9.79096695103555,0.0,29.0767400746415,0.0,32.4856631569115,20.2362537180671,5.48303422468088,39.1375237095474,13.6348477433949,158.4,106.742491857848,8.26541015094947,4.49501106229529,-1.12706141870328,-0.998453325774753,-5.02419501133787,0.0,0.0,0.561690097276662,60,3,1289,3347,7.01,533.1,1034.3,2132.3,184.9,2.39,1.88,1.14,0.995,71.1,2165,58.4,1074,298,0.1,3.76
444,C10H7NO8S2_3,2Nitroso1hydroxynaphthalene47disulfonicacid,Nd+++,NaCl  ,0,3.43187748199974,1214.9746375983,21.6019298166425,16.5296965001386,11.162689661994,12.9054484994753,7.99329829067242,7.58505000020856,3.58551461682717,6.21850777868262,2.28198232871514,3.79229269179497,1.45162246835079,2.47948326896544,76.4062420366529,21.7426592126462,19.3957514588796,9.77663319637878,332.961308184,0.904761904761905,1.57142857142857,2.14285714285714,0.0,-2.08,21,326.243,8.38391818585253,4.73389989207608,2.71239466847073,127.954109683296,12.0765093143739,0.504901461950237,12.0765093143739,0.294720975030292,0.978842592592592,0.294720975030292,-5.16384323559671,-0.504901461950237,1.4367,70.697,333.299,3,9,9,3,11,6,112,5.10880819110721,4.89548347551778,11.4368981079675,2.86239931446527,0.0,9.11006133991374,6.0424187076633,23.3041380508485,10.7724484289296,10.3785177001987,2,36.5374977243597,36.6960884216803,4.2935989716979,0.0,9.79096695103555,0.0,29.0767400746415,0.0,32.4856631569115,20.2362537180671,5.48303422468088,39.1375237095474,13.6348477433949,158.4,106.649923666226,8.38979194223986,4.4736681941295,-1.16768943688587,-1.05660997732426,-5.0247206212732,0.0,0.0,0.561690097276662,60,3,1289,3347,7.01,533.1,1034.3,2132.3,184.9,2.39,1.88,1.14,0.995,71.1,2165,58.4,1074,298,0.1,3.88
456,C10H8N2,22BipyridineC5H4N2,Nd+++,NaNO3 ,0,2.82634867860606,653.879383791778,15.1877162542694,13.8944271909999,5.89442719099992,9.25179531537246,7.14442719099992,3.14442719099992,1.89442719099992,1.89442719099992,1.15832039324994,1.15832039324994,0.684713595499958,0.684713595499958,48.6003026676093,0.0,9.96795704189442,10.9660684493618,156.068748256,0.666666666666667,1.16666666666667,1.66666666666667,0.0,-1.7,12,148.124,2.39159977449059,3.13304807081031,1.32075308310191,82.1675572887965,7.71561980347695,0.254621119780609,7.71561980347695,0.088559979942467,0.302777777777777,0.088559979942467,-0.546100718065004,-0.254621119780609,2.1436,47.468,156.188,0,2,2,0,2,1,58,0.0,0.0,0.0,0.0,0.0,9.96795704189442,12.0848374153266,24.1696748306532,12.3457904216295,22.3539244390587,2,10.9660684493618,0.0,0.0,9.96795704189442,0.0,0.0,48.6003026676093,0.0,9.96795704189442,0.0,10.9660684493618,48.6003026676093,11.3878559896969,25.78,60.1780414882002,7.27466364323507,0.0,-0.605555555555555,0.0,-3.08828147308306,-1.09220143613001,0.0,0.631772952859179,60,3,1289,3347,7.01,533.1,1034.3,2132.3,184.9,2.39,1.88,1.14,0.995,71.1,2257,85.0,581,298,0.5,0.9
468,C10H8O5S,23Dihydroxynaphthalene6sulfonicacid,Nd+++,NaClO4,0,3.21219450074684,944.884749104512,18.3948230354559,15.4494897427832,8.26598632371091,11.1334634622903,7.58711730708738,5.27062072615966,2.81649658092773,4.13299316185545,1.72285288451456,2.4269770297465,1.04213966338592,1.44523277230987,67.4971759683652,8.41779698432894,14.7726470521713,11.147391752549,240.009244356,0.9375,1.5625,2.125,0.0,-1.79,16,232.172,4.60308963863464,3.36004092136802,1.79830675317305,102.829945941389,11.7481754692618,0.504245008144793,11.7481754692618,0.294033182494823,0.498166099773242,0.294033182494823,-4.86723502981439,-0.504245008144793,1.4977,57.0922,240.236,3,5,5,3,6,4,84,10.2176163822144,0.0,11.4990236665678,1.43119965723263,0.0,4.55503066995687,6.0424187076633,34.9421232595828,0.0,11.7492762563689,2,30.0442368173513,20.8905752879631,4.2935989716979,0.0,4.89548347551778,0.0,30.2120935383165,0.0,26.0528433509655,10.1181268590336,6.8537927808511,35.1075770138342,12.2036480861622,94.83,86.6555956186487,-1.12650699168556,7.1675462569287,0.0,-1.42553789262619,-4.32052862811791,0.0,0.0,0.518297421666834,60,3,1289,3347,7.01,533.1,1034.3,2132.3,184.9,2.39,1.88,1.14,0.995,71.1,2499,122.4,403,298,0.5,9.26
479,C10H8O8S2,18Dihydroxynaphthalene36disulfonicacid,Nd+++,NaClO4,0,3.36507784480519,1091.84885134943,21.6019298166424,17.0824829046386,10.7154760664941,12.9054484994753,8.19948974278318,7.38299316185545,3.47474487139159,6.10773803324704,2.13531036307983,3.54355865354369,1.35721725415588,2.24673680533711,76.4683675952532,16.8355939686579,19.3276777221282,11.2078328536114,319.966059216,0.75,1.2,1.55,0.0,-1.88,20,312.236,7.22081708303965,4.31203981334008,2.53607933856634,124.545252209557,11.9191519038171,0.507118331266787,11.9191519038171,0.294172243498862,0.761239606953892,0.294172243498862,-5.09123387240699,-0.507118331266787,0.7444,66.9068,320.3,4,8,8,4,10,6,108,10.2176163822144,11.4990236665678,0.0,2.86239931446527,0.0,9.11006133991374,0.0,17.4710616297914,12.0848374153266,20.6602253901812,2,41.6463059154669,31.0087021469967,5.72479862893054,0.0,9.79096695103555,0.0,24.1696748306532,0.0,39.0256710052513,20.2362537180671,5.48303422468088,33.9606417816887,13.6348477433949,149.2,113.606720967708,-2.67675736961451,6.60695956160242,0.0,-2.02478741496599,-4.82966799991602,0.0,0.0,0.591869377728241,60,3,1289,3347,7.01,533.1,1034.3,2132.3,184.9,2.39,1.88,1.14,0.995,71.1,2499,122.4,403,293,0.1,8.18
487,C10H9N3O2S,22Thiazolylazo4methoxyphenolCH3OC6H3OHNNC3H2N2,Nd+++,KNO3  ,0,2.58386711420471,816.759431711057,18.9387931098259,16.5663856578915,8.38288223881919,11.5467311747722,8.27329620762344,4.6815444980873,2.39422228964677,3.16761895178075,1.41368627335857,1.96254637573741,0.787205824086692,1.14271676093205,42.3516185231238,0.0,25.0581499171133,12.3972681065944,235.041547528,1.375,2.3125,3.0625,0.1,-1.95,16,226.196,4.13682535085862,4.7136339326248,2.34474782968992,108.799412277145,7.93502551020408,0.505612920994512,7.93502551020408,0.293215236825668,0.092499094545226,0.293215236825668,-2.96692502331256,-0.505612920994512,3.2727,60.9488,235.268,1,5,6,1,6,5,82,9.84567114490726,17.1864099412514,0.0,5.13155847983933,0.0,0.0,0.0,12.0848374153266,17.5714283281457,18.0040209082443,2,20.811739594269,22.1557306324576,1.43119965723263,4.98397852094721,0.0,7.03795245888259,29.6562657434722,4.73686295380005,18.5619388281696,0.0,10.9660684493618,39.884765994731,0.0,67.07,70.8647920567638,3.61546540375409,11.1731511879124,-0.510637755102041,-1.32718358948518,-2.17033575312841,-0.323034288593,0.0,0.829964078793325,60,3,1289,3347,7.01,533.1,1034.3,2132.3,184.9,2.39,1.88,1.14,0.995,71.1,2109,101.1,607,298,0.1,8.53
494,C10H9NO4S,2Methyl8hydroxyquinoline5sulfonicacid,Nd+++,NaClO4,0,3.23398011109048,973.225771191451,19.3174727662663,16.4884550478193,8.304951628747,11.3792631703061,8.17195846689155,5.26371017642768,2.79638943007074,4.11288601099847,1.74801232349864,2.55419854134653,1.12789685200768,1.70163350739039,68.3815420427136,8.41779698432894,14.6478173820113,12.4577092076568,239.025228768,1.375,2.25,2.9375,0.1,-1.66,16,230.18,4.30744422516135,3.42882248129586,1.72389224473762,104.938602526577,11.9487562594482,0.505664906438756,11.9487562594482,0.294697414356186,0.681712962962963,0.294697414356186,-4.93209785997732,-0.505664906438756,1.49552,57.9594,239.252,2,5,5,2,6,4,84,5.10880819110721,16.1616960264179,0.0,1.43119965723263,0.0,4.55503066995687,0.0,31.0215669479489,15.1924278778239,5.48303422468088,2,27.6769457385846,21.0210517911146,2.86239931446527,4.98397852094721,11.7473755928135,0.0,29.8636028255016,0.0,24.4968140235729,10.1181268590336,15.28923788804,29.065158306171,12.3341245893137,87.49,94.265930531935,2.48329648526077,3.43005267384732,-1.54692554799698,-0.761175359032501,-3.83507133408919,0.0,-2.93734292328042,0.736073401380941,60,3,1289,3347,7.01,533.1,1034.3,2132.3,184.9,2.39,1.88,1.14,0.995,71.1,2499,122.4,403,303,0.1,4.95
525,C11H12N2O2,2Amino33indolylpropanoicacidH2NCHCH2C8H6NCOOH,Nd+++,KNO3  ,0,3.06038413666974,941.795518603138,21.0579597422724,19.2109237719276,7.21092377192764,12.2608662314748,9.57895776067754,3.8290686837138,2.5832778718152,2.5832778718152,1.63396446047095,1.63396446047095,0.998244631807941,0.998244631807941,70.8887860986031,4.79453718407182,5.10880819110721,16.632794341579,204.089877624,1.66666666666667,2.53333333333333,3.33333333333333,0.181818181818182,-1.81,15,192.133,2.85746691031163,3.74447763335976,1.84535989022564,103.833187121545,11.837552962543,0.480077692359359,11.837552962543,0.320316921059169,0.19943499622071,0.320316921059169,-3.53245004251701,-0.480077692359359,1.1223,57.6139,204.229,4,4,3,3,4,4,78,15.8055284370627,8.84157662500605,1.4118420783282,0.0,5.96930528795185,4.79453718407182,18.1272561229899,11.6058701993603,26.1902621565656,8.22455133702132,2,25.1049400595254,16.8722302200329,1.43119965723263,4.97700327022925,12.390817369679,0.0,35.9060215331649,5.71971697572627,22.073009217638,11.1674620854012,16.5295199410588,30.3425700414679,12.3341245893137,79.11,92.3568808920173,12.0369879587638,2.92540868816663,-2.23643424036281,-1.96887335180986,-6.64855564216427,-4.46541430461073,0.0,0.700584099755737,60,3,1289,3347,7.01,533.1,1034.3,2132.3,184.9,2.39,1.88,1.14,0.995,71.1,2109,101.1,607,308,0.1,5.18
530,C11H13NO3,N12Hydroxyphenylethylidenebetaalanine,Nd+++,NaClO4,0,3.69919817453721,784.413753110326,22.4032592038932,20.1719584668915,7.17195846689155,12.4008238918341,9.94628436226274,3.53803607179888,2.27726109210044,2.27726109210044,1.21981425470099,1.21981425470099,0.656886288613595,0.656886288613595,72.2508641336363,9.58907436814364,5.2095338210438,17.8803023312753,207.089543276,1.4,2.13333333333333,2.66666666666667,0.272727272727273,-1.68,15,194.125,2.91846084200996,4.70384088785492,3.17777171554343,106.438550573754,12.3283291997354,0.299454297089052,12.3283291997354,0.257605157430481,0.436821617535903,0.257605157430481,-3.77950444066516,-0.299454297089052,1.69632,55.7495,207.229,1,4,3,1,4,6,80,0.0,5.78324494636494,0.0,1.43119965723263,0.0,14.7986081891874,17.6482889070236,25.7886216499179,10.9660684493618,17.5433454006938,1,32.6789105204627,17.3778109504,0.0,0.0,20.0767091359207,5.06321772496535,29.7331263223502,5.06321772496535,16.8999584967602,9.58907436814364,35.2373711843647,24.1696748306532,0.0,57.61,95.5231217539625,24.0531271968855,3.4182669595616,-2.15701430880994,-4.27085606156043,-4.58626519589317,-3.77950444066516,-6.61754257014764,0.465920917773093,60,3,1289,3347,7.01,533.1,1034.3,2132.3,184.9,2.39,1.88,1.14,0.995,71.1,2499,122.4,403,298,0.1,8.67
538,C11H13NO4S,NAcetylacetonylideneorthanilicacidHO3SC6H4NCCH3CH2COCH3,Nd+++,NaClO4,0,4.1692186479661,1009.62773152862,24.0330157158901,20.9884550478193,8.804951628747,13.2072837716297,10.2637101764277,5.26371017642768,2.54638943007074,3.86288601099847,1.34004855144518,2.13545978959463,0.801350297545707,1.31085931549543,76.4423105249445,13.2123341684008,9.54743540259254,17.8803023312753,255.056528896,1.35294117647059,2.11764705882353,2.76470588235294,0.272727272727273,-1.53,17,242.191,3.99624808939315,5.19993096268991,4.08484196253401,118.292881047733,12.0141367472915,0.299605987857901,12.0141367472915,0.296175024269227,1.10159112024439,0.296175024269227,-5.25994925516503,-0.299605987857901,2.0048,64.3236,255.295,1,5,5,1,6,7,92,0.0,10.6787284218827,0.0,1.43119965723263,0.0,14.3419725866644,12.0848374153266,25.7886216499179,23.0506783534618,11.1704204993644,1,34.2164675124003,27.3004430828528,1.43119965723263,0.0,24.9721926114385,0.0,24.1696748306532,0.0,24.4677576034214,14.9126640431054,36.5258118099634,34.0575630388066,1.43119965723263,83.8,123.32662523883,13.6531731990636,0.0,-3.1627980914588,-2.20198163370286,-4.78983609956328,-3.80971159297052,-7.25552176503317,0.658461447680781,60,3,1289,3347,7.01,533.1,1034.3,2132.3,184.9,2.39,1.88,1.14,0.995,71.1,2499,122.4,403,298,0.1,18.2
558,C11H13NO5,N2HydroxybenzyliminodiethanoicacidHOC6H4CH2NCH2COOH2,Nd+++,KNO3  ,0,4.08143327308578,832.613058094071,23.8174727662663,20.9884550478193,7.98845504781927,13.5422176376579,10.1661859908012,3.9414411194096,2.4498594956124,2.4498594956124,1.28288089025896,1.28288089025896,0.757984642841147,0.757984642841147,71.8117375153361,9.58907436814364,15.3264245733216,18.0011845334001,239.079372516,1.17647058823529,1.82352941176471,2.41176470588235,0.272727272727273,-2.08,17,226.123,3.70865526555611,5.8557913582039,4.51927100965528,116.246320094922,11.7600171380281,0.507623839236195,11.7600171380281,0.317228268930683,0.792520786092215,0.317228268930683,-3.97351769179894,-0.507623839236195,0.363399999999999,58.6554,239.227,3,6,6,3,6,7,92,15.3264245733216,5.74951183328391,0.0,0.0,11.9386105759037,14.4889840989941,18.1272561229899,6.0424187076633,14.8018282883534,23.9597878179936,1,38.6230845031675,11.9386105759037,4.2935989716979,4.89990973085048,6.49685968431595,12.9937193686319,29.7331263223502,0.0,46.5898639059403,16.0859340524596,19.2710370533992,24.1696748306532,2.86239931446527,98.07,98.1561678791887,22.7275134899639,10.9129696816998,-1.35480442176871,-5.64768623498782,-4.4186990845721,0.0,-11.7921279761905,0.662802976929222,60,3,1289,3347,7.01,533.1,1034.3,2132.3,184.9,2.39,1.88,1.14,0.995,71.1,2109,101.1,607,298,0.1,12.46
579,C11H14N2O4,N6Methyl2pyridylmethyliminodiethanoicacidCH3C5H3NCH2NCH2COOH2,Nd+++,KNO3  ,0,4.04412504542739,857.9931472249,24.7401224970767,22.0274203528554,8.02742035285537,13.7880173456737,10.7510271506053,3.93453056967762,2.44294894588042,2.44294894588042,1.21589457908499,1.21589457908499,0.742636081897519,0.742636081897519,72.6961035896845,9.58907436814364,15.2015949031616,19.3115019885079,238.095356928,1.35294117647059,2.05882352941176,2.64705882352941,0.363636363636364,-1.95,17,224.131,3.52043941687576,5.95207772339724,5.07483193512478,118.35497668011,11.7597236919459,0.48028553774325,11.7597236919459,0.31722919223051,0.812027588813303,0.31722919223051,-3.98707105064248,-0.48028553774325,0.36122,59.5226,238.243,2,6,6,2,6,7,92,10.2176163822144,0.0,0.0,0.0,11.9386105759037,19.4729626199413,0.0,24.5001810243193,19.5235476759818,28.2829572566719,1,36.2557934244007,11.9386105759037,2.86239931446527,9.88388825179769,13.3487518016116,12.9937193686319,29.5151121126868,0.0,45.0338345785477,16.0859340524596,27.7064821605881,18.2577326261414,2.86239931446527,90.73,105.689553099017,25.9374500293945,6.848759553204,-2.62359279205509,-4.46515796905182,-2.44505752918451,-1.18684392584194,-15.0884437988158,0.743274326951653,60,3,1289,3347,7.01,533.1,1034.3,2132.3,184.9,2.39,1.88,1.14,0.995,71.1,2109,101.1,607,298,0.1,6.28
616,C11H18N2O8_1,12DiaminopropaneNNNNtetraethanoicacid,Nd+++,KNO3  ,0,8.36556402141923,915.193495743754,31.7925287398839,27.6604135147108,9.66041351471082,17.1575727093083,13.1076271102108,4.47463394835533,2.72827409963592,2.72827409963592,1.25367386323253,1.25367386323253,0.744656868857585,0.744656868857585,79.0311236207334,19.1781487362873,20.4352327644288,24.9154184153136,306.106315536,0.761904761904762,1.14285714285714,1.47619047619048,0.636363636363636,-2.2,21,288.127,4.64763272057676,8.86920415224913,9.35020621159835,145.367512956691,12.0648694169153,0.480285662982069,12.0648694169153,0.31722775886663,1.44708852985639,0.31722775886663,-5.11042233560091,-0.480285662982069,-1.6827,68.0182,306.271,4,10,10,4,10,12,120,20.4352327644288,0.0,0.0,0.0,23.8772211518074,28.9779681979882,0.0,6.85189211729568,20.7393034896869,36.9535071866256,0,58.8040012870993,23.8772211518074,5.72479862893054,9.79981946170096,12.8697845856453,32.4842984215797,0.0,0.0,92.6144642678666,19.1781487362873,26.0425119036788,0.0,5.72479862893054,155.68,136.865008963449,45.232422206588,13.2318477467765,0.0,-10.5756193835559,-5.11042233560091,0.0,-28.2265705309902,0.347330619560756,60,3,1289,3347,7.01,533.1,1034.3,2132.3,184.9,2.39,1.88,1.14,0.995,71.1,2109,101.1,607,293,0.1,17.32
646,C11H18N2O8_2,13DiaminopropaneNNNNtetraethanoicacidHOOCCH22NCH22CH2,Nd+++,KNO3  ,0,7.3361631927973,906.703270748081,31.7925287398839,27.6604135147108,9.66041351471082,17.2349229784979,13.0548407057107,4.52742035285537,2.66925710526098,2.66925710526098,1.27483947067387,1.27483947067387,0.635305128816966,0.635305128816966,78.6451268677035,19.1781487362873,20.4352327644288,24.9975854596296,306.106315536,0.80952380952381,1.19047619047619,1.52380952380952,0.636363636363636,-2.2,21,288.127,4.64763272057676,9.66426592797784,9.35020621159835,145.063683247977,12.097397634078,0.48117528683865,12.097397634078,0.320802295463774,1.40217505983875,0.320802295463774,-4.74145526266062,-0.48117528683865,-1.5885,67.9756,306.271,6,10,10,6,10,12,120,31.0548594710056,14.8594690933557,0.0,0.0,23.8772211518074,19.1781487362873,0.0,19.3666442699613,13.7075855617022,15.4873669149992,0,58.8861683314152,23.8772211518074,5.72479862893054,10.6196267065768,31.1545596406874,12.9937193686319,0.0,10.6196267065768,69.3419582215674,19.1781487362873,35.5678773780308,0.0,5.72479862893054,173.26,135.509127641479,47.6389268209305,10.4186105609658,0.0,-10.2405170405498,-9.06654418116089,-13.4457600280445,-9.39717710695389,0.230623757414101,60,3,1289,3347,7.01,533.1,1034.3,2132.3,184.9,2.39,1.88,1.14,0.995,71.1,2109,101.1,607,293,0.1,12.34
663,C11H18N2O8_3,13DiaminopropaneNNdi14butanedioicacid,Nd+++,KNO3  ,0,7.80916360214016,842.703270748081,31.7925287398839,27.6604135147108,9.66041351471082,17.1575727093083,13.1076271102108,4.47463394835533,2.61647070076093,2.61647070076093,1.14777216379504,1.14777216379504,0.669656868857585,0.669656868857585,79.0311236207334,19.1781487362873,20.4352327644288,24.9154184153136,306.106315536,0.714285714285714,1.0,1.23809523809524,0.636363636363636,-2.2,21,288.127,4.64763272057676,9.66426592797784,11.3345372921131,145.367512956691,11.8952578597248,0.480285668457359,11.8952578597248,0.317217317537195,1.3675425170068,0.317217317537195,-4.92001133786848,-0.480285668457359,-1.6811,68.0402,306.271,4,10,10,4,10,12,120,20.4352327644288,0.0,0.0,0.0,23.8772211518074,28.9779681979882,0.0,6.37292490132938,21.2182707056532,36.9535071866256,0,58.8040012870993,23.8772211518074,5.72479862893054,9.79981946170096,6.37292490132938,38.9811581058957,0.0,0.0,93.0934314838329,19.1781487362873,25.5635446877125,0.0,5.72479862893054,155.68,136.242559133821,44.8459464048858,13.1895266361825,0.0,-10.2686093038889,0.0,-4.92001133786848,-27.6727448664651,0.328129700846687,60,3,1289,3347,7.01,533.1,1034.3,2132.3,184.9,2.39,1.88,1.14,0.995,71.1,2109,101.1,607,298,0.1,9.37
676,C11H18N2O9_1,13Diamino2hydroxypropaneNNNNtetraethanoicacid,Nd+++,KCl   ,0,8.01485475931677,864.320528218557,32.4996355210705,28.0686618051747,10.0686618051747,17.7182328810881,13.2199995459066,4.67875809358726,2.82059484599287,2.82059484599287,1.23905925671257,1.23905925671257,0.760943961775113,0.760943961775113,78.738216746354,19.1781487362873,25.5440409555361,24.975859516376,322.101230156,0.727272727272727,1.04545454545455,1.27272727272727,0.636363636363636,-2.24,22,304.126,5.14637706453412,9.65200362249811,10.5359380406574,150.248416967014,11.9571201046228,0.480285659459382,11.9571201046228,0.317218935958067,1.3937925170068,0.317218935958067,-4.96167800453515,-0.480285659459382,-2.7103,69.4300000000001,322.27,5,11,11,5,11,13,126,25.5440409555361,0.0,0.0,1.43119965723263,23.8772211518074,28.9779681979882,0.0,0.0,18.4767535933128,44.4042837697458,0,62.5420509220363,23.8772211518074,7.15599828616317,9.79981946170096,6.08001802694999,38.9811581058957,0.0,0.0,105.713457359123,19.1781487362873,17.8198612302129,0.0,5.72479862893054,175.91,136.293863933518,45.0408953844776,16.9024650337637,0.0,-10.3740514807596,0.0,-4.96167800453515,-27.9848281997984,0.252279926232531,60,3,1289,3347,7.01,533.1,1034.3,2132.3,184.9,2.39,1.88,1.14,0.995,71.1,1984,74.6,1043,298,1.0,12.08
702,C11H18N2O9_2,2Hydroxy13diaminopropaneNNdi14butanedioicacid,Nd+++,KNO3  ,0,7.53179742537738,928.320528218557,32.4996355210705,28.0686618051747,10.0686618051747,17.7955831502777,13.1672131414065,4.7315444980873,2.87338125049291,2.87338125049291,1.36612656359139,1.36612656359139,0.68094867527573,0.68094867527573,78.3522199933241,19.1781487362873,25.5440409555361,25.058026560692,322.101230156,0.818181818181818,1.22727272727273,1.54545454545455,0.636363636363636,-2.24,22,304.126,5.14637706453412,9.65200362249811,8.83686290514573,149.9445872583,12.159259878976,0.481175286802903,12.159259878976,0.320803912274494,1.42842505983875,0.320803912274494,-4.78312192932729,-0.481175286802903,-2.61769999999999,69.3654,322.27,7,11,11,7,11,13,126,36.1636676621128,14.8594690933557,0.0,1.43119965723263,23.8772211518074,19.1781487362873,0.0,0.0,23.9597878179936,22.9381434981194,0,62.6242179663522,23.8772211518074,7.15599828616317,10.6196267065768,30.861652766308,12.9937193686319,0.0,10.6196267065768,81.9619840968573,19.1781487362873,27.8241939205312,0.0,5.72479862893054,193.49,135.595177181666,47.8589090267758,14.0433866380633,0.0,-10.3361803058559,-9.15487751449422,-13.5571545858676,-9.53259377362057,0.198695864928037,60,3,1289,3347,7.01,533.1,1034.3,2132.3,184.9,2.39,1.88,1.14,0.995,71.1,2109,101.1,607,298,0.1,10.21
731,C11H8O6S_3,1Hydroxy4sulfo2naphthoicacid,Nd+++,NaClO4,0,3.37009152878651,1037.6286884914,19.9721733046455,16.357738033247,9.17423461417477,12.0441470648132,8.04124145231932,5.72474487139159,3.14982991426106,4.46632649518879,2.06134139938781,2.86752761723571,1.34211840266856,1.97227358420847,73.2804209147301,13.2123341684008,14.7726470521713,11.147391752549,268.004158976,1.11111111111111,1.83333333333333,2.44444444444444,0.0,-2.12,18,260.182,5.68009511895038,3.96755846088436,1.89264098139887,113.356410155829,12.089212962963,0.506394208571952,12.089212962963,0.339039964064178,0.724050925925926,0.339039964064178,-5.06805555555555,-0.506394208571952,1.4903,62.3867,268.246,3,6,6,3,7,4,94,10.2176163822144,16.2084468004987,0.0,1.43119965723263,5.96930528795185,4.55503066995687,24.1696748306532,6.0424187076633,10.7724484289296,6.8537927808511,2,34.8387740014232,26.859880575915,4.2935989716979,0.0,4.89548347551778,0.0,35.7755450300135,0.0,30.5909489816847,10.1181268590336,17.2117814566199,35.1075770138342,13.6348477433949,111.9,87.1559398358109,10.5794844419249,6.36459774187453,-1.05263369236584,-2.52206254724112,-4.7072702244478,0.0,0.0,0.711237170022352,60,3,1289,3347,7.01,533.1,1034.3,2132.3,184.9,2.39,1.88,1.14,0.995,71.1,2499,122.4,403,298,0.1,7.44
741,C11H8O6S_4,3Hydroxy7sulfo2naphthoicacid,Nd+++,NaClO4,0,3.23633183785603,1037.6286884914,19.9721733046455,16.357738033247,9.17423461417477,12.0441470648132,8.04124145231932,5.72474487139159,3.14982991426106,4.46632649518879,1.95927932677185,2.66340347200378,1.20307184820658,1.60616495713053,73.2804209147301,13.2123341684008,14.7726470521713,11.147391752549,268.004158976,1.11111111111111,1.88888888888889,2.55555555555556,0.0,-2.12,18,260.182,5.68009511895038,3.96755846088435,2.12989196133104,113.356410155829,11.8153398211136,0.507029322358141,11.8153398211136,0.338992182119802,0.599341458805745,0.338992182119802,-4.95184616979508,-0.507029322358141,1.4903,62.3867,268.246,3,6,6,3,7,4,94,10.2176163822144,11.3129633249809,0.0,1.43119965723263,5.96930528795185,4.55503066995687,6.0424187076633,34.9421232595828,0.0,11.7492762563689,2,34.8387740014232,26.859880575915,4.2935989716979,0.0,4.89548347551778,0.0,35.7755450300135,0.0,30.5909489816847,10.1181268590336,17.2117814566199,35.1075770138342,13.6348477433949,111.9,86.8368246357185,10.5106999165407,6.50909525384228,-0.90900888133031,-2.38048338162425,-4.86528137335181,0.0,0.0,0.711237170022352,60,3,1289,3347,7.01,533.1,1034.3,2132.3,184.9,2.39,1.88,1.14,0.995,71.1,2499,122.4,403,298,0.1,6.82
750,C11H8O9S2,1Hydroxy47disulfo2naphthoicacid,Nd+++,NaClO4,0,3.4572691347825,1276.27729303465,23.1792800858321,17.9907311951025,11.6237243569579,13.8161321019982,8.65361388801511,7.83711730708738,3.80807820472492,6.44107136658038,2.41340347200378,3.92371383508361,1.54366495713053,2.57691324759439,82.2516125416182,21.6301311527297,19.3276777221282,11.2078328536114,347.960973836,0.909090909090909,1.59090909090909,2.18181818181818,0.0,-2.21,22,340.246,8.4297758088449,4.9132608148377,2.73900463635921,135.071716423997,12.2162249228395,0.506393461687934,12.2162249228395,0.339039969990041,1.06022108843537,0.339039969990041,-5.26560249485596,-0.506393461687934,0.737,72.2013,348.31,4,9,9,4,11,6,118,10.2176163822144,16.2084468004987,0.0,2.86239931446527,5.96930528795185,9.11006133991374,6.0424187076633,18.1272561229899,10.7724484289296,10.3785177001987,2,46.4408430995388,36.9780074349485,5.72479862893054,0.0,9.79096695103555,0.0,29.7331263223502,0.0,43.5637766359705,20.2362537180671,15.8410229004497,33.9606417816887,15.0660474006275,166.27,114.268244244457,9.1019603095868,5.68481099615772,-1.24639314058957,-2.92711007705551,-5.28515741790543,0.0,0.0,0.584680088136701,60,3,1289,3347,7.01,533.1,1034.3,2132.3,184.9,2.39,1.88,1.14,0.995,71.1,2499,122.4,403,298,0.1,7.85
769,C11H9N3O2,42Pyridylazo13dihydroxybenzeneC5H4NNNC6H3OH2,Nd+++,NaNO3 ,0,2.63834748041078,875.095976767537,18.8863868670186,16.6581373674276,7.6581373674276,11.738488522817,8.31917206239151,4.00267548146378,2.5040686837138,2.5040686837138,1.43580094730315,1.43580094730315,0.805385977772467,0.805385977772467,65.4316801758809,0.0,25.4300951544204,12.4577092076568,215.069476528,0.9375,1.875,2.75,0.0,-2.43,16,206.14,3.85950171264285,4.39359826719017,2.32682739594945,104.561465673153,7.79582913412279,0.507820500753261,7.79582913412279,0.293218666069418,0.485916766397917,0.293218666069418,-0.664006151843453,-0.507820500753261,2.9082,58.1846,215.212,2,5,5,2,5,4,80,10.2176163822144,17.1864099412514,5.81786277783503,0.0,0.0,0.0,6.0424187076633,24.1696748306532,12.2153139184781,9.59530989319154,2,19.812926275406,11.5052490525186,2.86239931446527,4.98397852094721,0.0,0.0,42.4274074567945,0.0,18.0639942176269,0.0,9.59530989319154,52.6559077080533,0.0,78.07,66.9498261338129,3.52579333585286,15.3508867023495,-0.513878495842781,-1.69537078747171,-3.68515235217391,-0.598771203193552,0.0,0.755733306113195,60,3,1289,3347,7.01,533.1,1034.3,2132.3,184.9,2.39,1.88,1.14,0.995,71.1,2257,85.0,581,298,0.1,10.02
786,C12H12N2O3,1Ethyl14dihydro7methyl4oxo18naphthyridine3carboxylicacid,Nd+++,alc/w ,0,3.03070910485616,933.524179169816,22.6877162542694,20.1191720623915,8.1191720623915,12.9792866010492,10.1386547149096,4.23040642444569,2.95961561254709,2.95961561254709,1.95267548146378,1.95267548146378,1.24724078108799,1.24724078108799,72.8623848920226,9.58907436814364,10.0927867120544,16.5095437751051,232.084792244,1.58823529411765,2.47058823529412,3.17647058823529,0.25,-2.17,17,220.143,3.66234369546948,4.00892016977862,1.79576665863494,115.333639598134,12.6479931972789,0.477497012873671,12.6479931972789,0.340724876931317,0.032037037037037,0.340724876931317,-3.49793083900227,-0.477497012873671,1.38112,62.0433,232.239,1,5,5,1,5,4,88,10.0087179219577,11.3909673079043,0.0,5.78324494636494,5.96930528795185,4.79453718407182,0.0,25.7886216499179,29.3328626575483,9.67572716020766,2,29.7762266771233,17.5704130121518,1.43119965723263,4.98397852094721,13.7037842345914,11.3967694151664,35.0913279609634,4.89990973085048,28.3421966306871,4.79453718407182,37.9821529057854,23.833948474418,1.43119965723263,70.5,90.6324217897035,27.9598930776014,3.64437429138322,-3.26000595762996,-4.20783828577727,-2.09836687452759,-1.3453727324263,-10.075105308327,0.849523695002097,60,3,1289,3347,7.01,533.1,1034.3,2132.3,184.9,2.39,1.88,1.14,0.995,71.1,830,130.2,257,295,0.1,6.31
799,C12H12NO3Cl,2Chloro4dimethylaminobenzylidenepyruvicacidCH32NC6H3ClCHCHCOCOOH,Nd+++,NaClO4,0,3.9035314355535,848.577795564655,23.0579597422724,20.0499229399008,8.80585188591923,12.9781741610237,9.88042335591421,4.35013953845957,2.61458085467676,2.99254532768599,1.46357331626071,1.74704667101763,0.742498847831902,0.926493237946788,72.2090747300642,9.58907436814364,5.10880819110721,28.1104836653376,253.050570924,1.47058823529412,2.23529411764706,2.88235294117647,0.166666666666667,-1.81,17,241.589,4.13717745704326,5.4980675726327,3.60344642908106,121.058146883202,11.6044270810559,0.475247292537256,11.6044270810559,0.376080400122341,0.226272770305959,0.376080400122341,-3.35892594540367,-0.475247292537256,2.0729,67.4558,253.685,1,4,4,1,5,6,90,10.0087179219577,0.0,0.0,0.0,5.96930528795185,4.79453718407182,17.6433585978958,29.7524323990947,32.8862247260107,6.8537927808511,1,29.7762266771233,35.0929481452684,1.43119965723263,0.0,0.0,18.851563531415,34.7654126744638,4.89990973085048,30.8130122259885,9.58907436814364,20.6417956095694,24.1793278690254,7.4832714032682,57.61,89.8681428959537,22.4526831194165,2.50330266347943,-1.89115184345343,-3.55424979411722,-5.77318722705131,0.0,-6.71785189080734,0.659304238110217,60,3,1289,3347,7.01,533.1,1034.3,2132.3,184.9,2.39,1.88,1.14,0.995,71.1,2499,122.4,403,298,0.5,2.15
812,C12H13NO3,4DimethylaminobenzylidenepyruvicacidCH32NC6H4CHCHCOCOOH,Nd+++,NaClO4,0,3.9035314355535,843.491629237475,23.0579597422724,20.6719584668915,7.67195846689155,12.9781741610237,10.1914411194096,3.78319282894573,2.42559861817214,2.42559861817214,1.32183663888225,1.32183663888225,0.650501652774459,0.650501652774459,73.2288601239861,9.58907436814364,5.10880819110721,17.8803023312753,219.089543276,1.375,2.0625,2.625,0.166666666666667,-2.1,16,206.136,3.19661005237628,5.11399176954733,3.23673679631877,112.159851156488,11.5862864914867,0.475247292557097,11.5862864914867,0.376080392694819,0.261828325861515,0.376080392694819,-3.38361730342836,-0.475247292557097,1.4195,62.4458,219.24,1,4,4,1,4,6,84,10.0087179219577,0.0,0.0,0.0,5.96930528795185,4.79453718407182,18.1369091613622,23.7003606530592,27.8635914122694,8.22455133702132,1,31.1469852332935,23.4920082550359,1.43119965723263,0.0,0.0,18.851563531415,35.7851980683857,4.89990973085048,30.8130122259885,9.58907436814364,22.0125541657396,30.2217465766887,7.4832714032682,57.61,97.4783410899433,22.3850980854029,3.37710746317709,-2.04547283110775,-3.59708174171107,-7.16409079218107,0.0,-6.76723460685672,0.614274117903626,60,3,1289,3347,7.01,533.1,1034.3,2132.3,184.9,2.39,1.88,1.14,0.995,71.1,2499,122.4,403,298,0.5,2.25
823,C12H16O7S,23Benzo14710tetraoxacyclododeca2ene4sulfonicacid,Nd+++,R4N.X ,0,3.02700629652809,1150.87407350103,28.4996355210705,25.2659863237109,10.0824829046386,15.7692030384309,12.4953655975513,5.99536559755125,2.83711730708738,4.15361388801511,1.60816324759439,2.31228739282632,0.908248290463863,1.3019770297465,83.9938015816067,8.41779698432894,23.5024824851571,21.9925779997859,304.061673852,0.95,1.5,2.1,0.5,-1.35,20,288.192,4.57139961327304,6.88935808848635,4.34092181632865,139.264239841228,12.0663563374156,0.487295969196671,12.0663563374156,0.294154403878478,1.48105705939783,0.294154403878478,-5.33093330306691,-0.487295969196671,0.7377,68.8846000000001,304.32,1,7,7,1,8,2,112,18.9474518152002,13.1179704858326,11.4990236665678,1.43119965723263,0.0,4.55503066995687,0.0,12.0848374153266,6.0424187076633,51.6928027897363,2,52.4816578120394,10.1181268590336,1.43119965723263,0.0,4.89548347551778,39.3539114574977,18.1272561229899,9.4737259076001,52.3267391117835,19.5918527666337,20.5613783425533,23.0227395985077,1.43119965723263,91.29,168.703175542032,-1.59656631865709,0.0,0.0,-3.14986536281179,-4.59718373383304,0.0,-24.1119601569967,0.764937634412859,60,3,1289,3347,7.01,533.1,1034.3,2132.3,184.9,2.39,1.88,1.14,0.995,71.1,884,404.2,253,298,0.12,2.39
836,C12H18N2O5S,2Nitroso5Npropyl3sulfopropylaminophenol,Nd+++,KNO3  ,0,4.48577840900492,1199.37773420156,30.662772227887,27.3439169337831,10.1604135147108,16.6841047251725,13.3017462482266,5.8934979577627,2.85782804587226,3.97020048156806,1.57264754042517,1.92470961304113,0.886116474256715,1.05676002071548,88.5659952692614,13.3248622283172,14.8407207889227,24.7945362131888,302.093642676,1.3,2.1,2.75,0.5,-1.67,20,284.208,4.17089056117619,7.20278667736685,5.13796605942011,142.961300741822,11.9875474433792,0.505474324771893,11.9875474433792,0.29321859254741,0.94099678760393,0.29321859254741,-6.02633370939693,-0.505474324771893,2.2844,77.0984,302.352,2,7,7,2,8,11,112,10.0087179219577,11.4368981079675,0.0,1.43119965723263,0.0,4.55503066995687,6.85189211729568,30.007569145844,42.5433855811916,9.81723255366082,1,40.0137727441166,21.4928994084007,2.86239931446527,0.0,19.5977419199544,23.5985859846325,23.0343213669782,4.89990973085048,38.2115117564077,10.1181268590336,41.529878818678,23.3041380508485,1.43119965723263,107.27,166.769595049557,10.1662729954791,6.24034248032444,-7.62659270525116,-1.38173205624843,-4.63788626175779,-8.95012971623835,-13.136869409801,0.563229932600907,60,3,1289,3347,7.01,533.1,1034.3,2132.3,184.9,2.39,1.88,1.14,0.995,71.1,2109,101.1,607,298,0.1,5.7
859,C12H18N2O8_2,trans12DiaminocyclohexaneNNdipropanedioicacid,Nd+++,KNO3  ,0,4.58829290252146,961.437452518245,32.2925287398839,28.1604135147108,10.1604135147108,17.7349229784979,13.5548407057107,5.02742035285537,3.26786390301096,3.26786390301096,1.86921705538391,1.86921705538391,1.03395444800168,1.03395444800168,84.0601173371003,19.1781487362873,20.4352327644288,24.9975854596296,318.106315536,0.818181818181818,1.13636363636364,1.40909090909091,0.666666666666667,-2.2,22,300.138,4.89775762156715,7.70740644894157,4.66972040452112,150.422794208844,12.2414403415815,0.479638893390323,12.2414403415815,0.331922456901865,1.45271352985639,0.331922456901865,-5.01250566893424,-0.479638893390323,-1.4476,70.4346,318.282,6,10,10,6,10,8,124,20.4352327644288,2.8236841566564,0.0,12.0357849366993,23.8772211518074,10.6196267065768,12.7458498026588,12.7458498026588,25.7433704984015,2.74151711234044,1,58.8861683314152,23.8772211518074,5.72479862893054,10.6196267065768,49.5632694787161,0.0,0.0,10.6196267065768,68.3840237896348,19.1781487362873,41.9408022793602,0.0,5.72479862893054,173.26,141.347119775367,48.9657613663259,10.5719738805633,0.0,-10.5961692701772,-19.1668660241875,-18.4551530612245,0.0,0.290541424634642,60,3,1289,3347,7.01,533.1,1034.3,2132.3,184.9,2.39,1.88,1.14,0.995,71.1,2109,101.1,607,298,0.1,15.04
875,C12H18N2O8_3,14Dioxa710diazayclododecane512dione710diethanoicacid,Nd+++,R4N.X ,0,4.44332380212687,981.437452518245,32.2925287398839,28.1604135147108,10.1604135147108,17.4504659281217,13.6993788197469,4.88288223881919,2.8997189912248,2.8997189912248,1.41509291015198,1.41509291015198,0.812861386082675,0.812861386082675,85.7761692052366,19.1781487362873,19.6913422898145,24.7945362131888,318.106315536,1.04545454545455,1.45454545454545,1.81818181818182,0.666666666666667,-2.2,22,300.138,4.89775762156715,8.94866895018328,7.54743104380746,151.191906355926,12.6624330943861,0.480285663975965,12.6624330943861,0.319779870120849,1.39287084278156,0.319779870120849,-4.88747378117914,-0.480285663975965,-2.1404,70.0696,318.282,2,10,10,2,10,4,124,19.6913422898145,13.1179704858326,0.0,0.0,23.8772211518074,28.9779681979882,0.0,0.0,18.4767535933128,42.4365414113064,1,60.8016279248254,23.8772211518074,2.86239931446527,9.79981946170096,0.0,52.0991285917282,0.0,0.0,95.9937855874511,28.6518746438874,21.9321368987235,0.0,2.86239931446527,133.68,147.175281443194,46.6205024340238,6.6608381990818,0.0,-10.8624099006887,0.0,0.0,-36.9275455089443,0.552897219913476,60,3,1289,3347,7.01,533.1,1034.3,2132.3,184.9,2.39,1.88,1.14,0.995,71.1,884,404.2,253,298,0.1,5.93
889,C12H20N2O8_1,12DiaminobutaneNNNNtetraethanoicacidHOOCCH22NCH2CHC2H5NCH2COOH2,Nd+++,KNO3  ,0,8.84320354773002,1008.14797360335,34.2925287398839,30.1604135147108,10.1604135147108,18.4075727093083,14.3576271102108,4.72463394835533,2.85327409963592,2.85327409963592,1.37207556267003,1.37207556267003,0.828509418013827,0.828509418013827,85.4040485220628,19.1781487362873,20.4352327644288,27.6569355276541,320.1219656,0.772727272727273,1.18181818181818,1.54545454545455,0.666666666666667,-2.2,22,300.138,4.64854926134552,9.6848855359001,8.86920415224913,154.542396071423,12.2351500291602,0.480285662978327,12.2351500291602,0.317227930431309,1.54708852985639,0.317227930431309,-5.39688066893424,-0.480285662978327,-1.2926,72.6352,320.298,4,10,10,4,10,13,126,20.4352327644288,0.0,0.0,0.0,23.8772211518074,28.9779681979882,6.85189211729568,6.37292490132938,23.4808206020273,36.9535071866256,0,61.5455183994397,23.8772211518074,5.72479862893054,9.79981946170096,19.2427094869747,32.4842984215797,0.0,0.0,92.6144642678666,19.1781487362873,35.1569539173486,0.0,5.72479862893054,155.68,154.022264963071,45.6126940792259,13.2503603601552,0.0,-10.9348880910389,-5.39688066893424,-5.00499692932729,-28.8818870464853,0.340867379033433,60,3,1289,3347,7.01,533.1,1034.3,2132.3,184.9,2.39,1.88,1.14,0.995,71.1,2109,101.1,607,293,0.1,17.77
913,C12H20N2O8_2,12DiaminoethaneNNdi2pentane15dioicacidCH2NHCHCOOHCH2CH2COOH2,Nd+++,KNO3  ,0,7.59872807090366,991.657748607673,34.2925287398839,30.1604135147108,10.1604135147108,18.4849229784979,14.3048407057107,4.77742035285537,2.79425710526098,2.79425710526098,1.33803607179888,1.33803607179888,0.631518035899438,0.631518035899438,85.0180517690329,19.1781487362873,20.4352327644288,27.73910257197,320.1219656,0.772727272727273,1.13636363636364,1.45454545454545,0.666666666666667,-2.2,22,300.138,4.64854926134552,10.5158392768872,9.66426592797784,154.238566362709,12.3443509151928,0.481229489874487,12.3443509151928,0.320208554519912,1.49781824766944,0.320208554519912,-4.81317188681028,-0.481229489874487,-1.1984,72.5926,320.298,6,10,10,6,10,13,126,31.0548594710056,14.8594690933557,0.0,0.0,23.8772211518074,19.1781487362873,0.0,12.7458498026588,42.1886718453333,2.74151711234044,0,61.6276854437557,23.8772211518074,5.72479862893054,10.6196267065768,37.5274845420168,12.9937193686319,0.0,10.6196267065768,69.3419582215674,19.1781487362873,44.6823193917006,0.0,5.72479862893054,173.26,152.043175077969,48.1363482062491,10.2443105102913,0.0,-10.5389097988626,-9.51310345301778,-18.078810102342,-9.62634377362057,0.226166878892944,60,3,1289,3347,7.01,533.1,1034.3,2132.3,184.9,2.39,1.88,1.14,0.995,71.1,2109,101.1,607,298,0.1,7.7
933,C12H20N2O8_3,12DiaminoethaneNNdiethanoicNNdi2propanoicacid,Nd+++,KNO3  ,0,8.55321620180243,980.638198599019,34.2925287398839,30.1604135147108,10.1604135147108,18.4075727093083,14.3576271102108,4.72463394835533,2.96507749851091,2.96507749851091,1.51369970790196,1.51369970790196,0.744656868857585,0.744656868857585,85.4040485220628,19.1781487362873,20.4352327644288,27.6569355276541,320.1219656,0.727272727272727,1.09090909090909,1.36363636363636,0.666666666666667,-2.2,22,300.138,4.64854926134552,8.94866895018328,6.99469815103587,154.542396071423,12.4189250669531,0.480285565332602,12.4189250669531,0.320141003203948,1.54680366591081,0.320141003203948,-5.17604733560091,-0.480285565332602,-1.29419999999999,72.6132000000001,320.298,4,10,10,4,10,13,126,20.4352327644288,12.0357849366993,0.0,0.0,23.8772211518074,28.9779681979882,0.0,13.7037842345914,26.7013049303341,21.2182707056532,0,61.5455183994397,23.8772211518074,5.72479862893054,9.79981946170096,25.7395691712906,25.9874387372638,0.0,0.0,92.1354970519003,19.1781487362873,35.6359211333149,0.0,5.72479862893054,155.68,152.804652765414,46.0865742285078,13.3333467074719,0.0,-11.0519082787436,-9.67022274187453,0.0,-28.8357760141094,0.36081231415827,60,3,1289,3347,7.01,533.1,1034.3,2132.3,184.9,2.39,1.88,1.14,0.995,71.1,2109,101.1,607,293,0.1,16.0
957,C12H20N2O8_4,DL23DiaminobutaneNNNNtetraethanoicacidHOOCCH22NCHCH3CHCH3NCH2COOH2,Nd+++,KNO3  ,0,9.02887111143108,924.638198599019,34.2925287398839,30.1604135147108,10.1604135147108,18.4075727093083,14.3576271102108,4.72463394835533,2.96507749851091,2.96507749851091,1.48387896154502,1.48387896154502,0.856460267732574,0.856460267732574,85.4040485220628,19.1781487362873,20.4352327644288,27.6569355276541,320.121965600001,0.681818181818182,0.954545454545455,1.13636363636364,0.666666666666667,-2.2,22,300.138,4.64854926134552,8.94866895018328,7.54743104380746,154.542396071423,12.2351500291602,0.48028554735546,12.2351500291602,0.317227937845175,1.59292186318972,0.317227937845175,-5.39688066893424,-0.48028554735546,-1.2942,72.6132,320.298,4,10,10,4,10,13,126,20.4352327644288,0.0,0.0,0.0,23.8772211518074,28.9779681979882,0.0,13.7037842345914,23.001853386061,36.9535071866256,0,61.5455183994397,23.8772211518074,5.72479862893054,9.79981946170096,25.7395691712906,25.9874387372638,0.0,0.0,92.1354970519003,19.1781487362873,35.6359211333149,0.0,5.72479862893054,155.68,154.489919441529,45.7547563902614,13.2689438352119,0.0,-11.0310048710842,-10.7937613378685,0.0,-29.0221867913832,0.36081231415827,60,3,1289,3347,7.01,533.1,1034.3,2132.3,184.9,2.39,1.88,1.14,0.995,71.1,2109,101.1,607,293,0.1,17.7
969,C12H20N2O8_5,meso23DiaminobutaneNNNNtetraethanoicacidHOOCCH22NCHCH3CHCH3NCH2COOH2,Nd+++,NaClO4,0,9.02887111143108,924.638198599019,34.2925287398839,30.1604135147108,10.1604135147108,18.4075727093083,14.3576271102108,4.72463394835533,2.96507749851091,2.96507749851091,1.48387896154502,1.48387896154502,0.856460267732574,0.856460267732574,85.4040485220628,19.1781487362873,20.4352327644288,27.6569355276541,320.121965600001,0.681818181818182,0.954545454545455,1.13636363636364,0.666666666666667,-2.2,22,300.138,4.64854926134552,8.94866895018328,7.54743104380746,154.542396071423,12.2351500291602,0.48028554735546,12.2351500291602,0.317227937845175,1.59292186318972,0.317227937845175,-5.39688066893424,-0.48028554735546,-1.2942,72.6132,320.298,4,10,10,4,10,13,126,20.4352327644288,0.0,0.0,0.0,23.8772211518074,28.9779681979882,0.0,13.7037842345914,23.001853386061,36.9535071866256,0,61.5455183994397,23.8772211518074,5.72479862893054,9.79981946170096,25.7395691712906,25.9874387372638,0.0,0.0,92.1354970519003,19.1781487362873,35.6359211333149,0.0,5.72479862893054,155.68,154.489919441529,45.7547563902614,13.2689438352119,0.0,-11.0310048710842,-10.7937613378685,0.0,-29.0221867913832,0.36081231415827,60,3,1289,3347,7.01,533.1,1034.3,2132.3,184.9,2.39,1.88,1.14,0.995,71.1,2499,122.4,403,293,0.1,16.47
994,C12H20N2O8_6,12DiaminoethaneNNdiethanoicNNdipropanoicacid,Nd+++,R4N.X ,0,8.21693270280586,983.657748607673,34.2925287398839,30.1604135147108,10.1604135147108,18.4075727093083,14.3576271102108,4.72463394835533,2.74147070076093,2.74147070076093,1.21932212319191,1.21932212319191,0.653369775940057,0.653369775940057,85.4040485220628,19.1781487362873,20.4352327644288,27.6569355276541,320.1219656,0.681818181818182,1.04545454545455,1.36363636363636,0.666666666666667,-2.2,22,300.138,4.64854926134552,10.5158392768872,11.6121301775148,154.542396071423,12.1067672711621,0.481195046017267,12.1067672711621,0.317203778492383,1.50956089380196,0.317203778492383,-5.08948046579743,-0.481195046017267,-1.291,72.6572,320.298,4,10,10,4,10,13,126,20.4352327644288,0.0,0.0,0.0,23.8772211518074,28.9779681979882,0.0,0.0,42.4365414113064,31.2226033959715,0,61.5455183994397,23.8772211518074,5.72479862893054,9.79981946170096,12.7458498026588,38.9811581058957,0.0,0.0,93.0934314838329,19.1781487362873,34.6779867013823,0.0,5.72479862893054,155.68,153.206382537243,44.9409891705206,13.1813560106094,0.0,-10.5350568995198,0.0,-8.9991251996794,-29.1278789525069,0.321738301173216,60,3,1289,3347,7.01,533.1,1034.3,2132.3,184.9,2.39,1.88,1.14,0.995,71.1,884,404.2,253,303,0.01,15.08
1015,C12H20N2O8S,22ThiobisethyliminodiethanoicacidSCH2CH2NCH2COOH22,Nd+++,KNO3  ,0,7.46408496860427,950.127818149379,34.9996355210705,30.5686618051747,11.3851583861024,18.8646794904948,14.5158754006746,5.69937881974692,2.79765691860883,3.41002935430463,1.22931793045354,1.61601626152053,0.695299627512878,1.02019194257344,95.8299974390955,19.1781487362873,20.4352327644288,27.6569355276541,352.0940366,0.739130434782609,1.04347826086957,1.30434782608696,0.666666666666667,-1.85,23,332.205,5.32708189556907,11.6825225584861,13.5294719973095,164.665506096789,11.9151704589868,0.480285665750126,11.9151704589868,0.317217804215943,1.23152521118385,0.317217804215943,-4.59765817901235,-0.480285665750126,-1.338,80.7482000000001,352.365,4,10,11,4,11,14,132,20.4352327644288,0.0,0.0,0.0,23.8772211518074,28.9779681979882,0.0,0.0,35.369701588294,36.9535071866256,0,61.5455183994397,35.6391061011985,5.72479862893054,9.79981946170096,0.0,50.391071876196,0.0,0.0,104.503345254133,19.1781487362873,21.9321368987235,0.0,5.72479862893054,155.68,152.783982786175,45.1976314135795,13.3221355072435,-8.76562169312169,-10.0275911569545,0.0,0.0,-26.6976674313741,0.274400595884238,60,3,1289,3347,7.01,533.1,1034.3,2132.3,184.9,2.39,1.88,1.14,0.995,71.1,2109,101.1,607,298,0.1,14.22
1028,C12H20N2O9,OxabisethyleneiminodiethanoicacidHOOCCH22NCH2CH22O,Nd+++,KNO3  ,0,7.46408496860427,945.598493136398,34.9996355210705,30.5686618051747,10.5686618051747,18.8646794904948,14.5158754006746,4.88288223881919,2.79765691860883,2.79765691860883,1.22931793045354,1.22931793045354,0.695299627512878,0.695299627512878,85.7761692052366,19.1781487362873,25.1720957182289,27.6569355276541,336.11688022,0.695652173913043,1.0,1.26086956521739,0.666666666666667,-2.24,23,316.137,5.12753316680769,11.3436110668883,13.1630060553633,159.65594130093,11.8811568535446,0.480285660503431,11.8811568535446,0.317218745666665,1.33569187785052,0.317218745666665,-4.79947751322752,-0.480285660503431,-2.0546,74.2422,336.297,4,11,11,4,11,14,132,25.1720957182289,0.0,0.0,0.0,23.8772211518074,28.9779681979882,0.0,0.0,18.4767535933128,55.554511897139,0,66.2823813532397,23.8772211518074,5.72479862893054,9.79981946170096,0.0,52.0991285917282,0.0,0.0,106.211401969665,23.9150116900873,21.9321368987235,0.0,5.72479862893054,164.91,155.27377775972,44.8532436584775,13.1860810854748,0.0,-10.2127763421397,0.0,0.0,-36.9336594948662,0.257754861185502,60,3,1289,3347,7.01,533.1,1034.3,2132.3,184.9,2.39,1.88,1.14,0.995,71.1,2109,101.1,607,293,0.1,17.67
1041,C12H20O8N2,2Methyl12diaminopropaneNNNNtetraethanoicacidHOOCCH22NCH2CCH32NCH2COOH2,Nd+++,KNO3  ,0,9.05323967595771,986.638198599019,34.2925287398839,30.1604135147108,10.1604135147108,18.4075727093083,14.3576271102108,4.72463394835533,3.09007749851091,3.09007749851091,1.42137896154502,1.42137896154502,0.856460267732574,0.856460267732574,85.4040485220628,19.1781487362873,20.4352327644288,27.6569355276541,320.1219656,0.727272727272727,1.09090909090909,1.40909090909091,0.666666666666667,-2.2,22,300.138,4.64854926134552,8.29331699710403,8.16836628511967,154.542396071423,12.2914850631738,0.480285661977722,12.2914850631738,0.317236116191404,1.57271352985639,0.317236116191404,-5.42292233560091,-0.480285661977722,-1.2926,72.6352,320.298,4,10,10,4,10,13,126,20.4352327644288,0.0,0.0,0.0,23.8772211518074,28.9779681979882,0.0,13.7037842345914,23.001853386061,36.9535071866256,0,61.5455183994397,23.8772211518074,5.72479862893054,9.79981946170096,19.2427094869747,32.4842984215797,0.0,0.0,92.1354970519003,19.1781487362873,35.6359211333149,0.0,5.72479862893054,155.68,154.631586108196,45.7547563902614,13.2689438352119,-5.42292233560091,-11.0310048710842,0.0,0.0,-34.5346924603175,0.360873172845375,60,3,1289,3347,7.01,533.1,1034.3,2132.3,184.9,2.39,1.88,1.14,0.995,71.1,2109,101.1,607,293,0.1,16.6
1056,C12H21N3O6,147TriazacyclononaneNNNtriethanoicacid,Nd+++,NaCl  ,0,4.7832065088985,921.726930329464,34.0854219586974,30.7911305292831,9.79113052928305,18.2922176376579,14.961950922533,4.7372060511414,2.87483361544561,2.87483361544561,1.43009186862749,1.43009186862749,0.82541892622131,0.82541892622131,91.0793822152505,14.3836115522155,15.3264245733216,28.9672529827619,303.143035392001,0.761904761904762,1.0,1.19047619047619,0.75,-1.71,21,282.147,3.97525601895565,8.54881725327443,7.58853978546371,151.658942977898,12.2092756747888,0.480285804974019,12.2092756747888,0.317204365461923,1.39725056689342,0.317204365461923,-4.90348875661376,-0.480285804974019,-1.8402,72.2274,303.315,3,9,9,3,9,6,120,15.3264245733216,0.0,0.0,0.0,17.9079158638556,29.0833407447669,0.0,0.0,55.4302607799384,27.7151303899692,1,54.3836901366011,17.9079158638556,4.2935989716979,14.6997291925514,0.0,58.4717371588435,0.0,0.0,106.405806788572,14.3836115522155,24.673654011064,0.0,4.2935989716979,121.62,167.346603531449,32.4360753236863,10.1122627233477,0.0,-7.89618449231544,0.0,0.0,-43.2487570861678,0.519267629088595,60,3,1289,3347,7.01,533.1,1034.3,2132.3,184.9,2.39,1.88,1.14,0.995,71.1,2165,58.4,1074,298,0.1,13.15
1062,C12H21NO6,1Carboxy1aminoheptaneNNdiethanoicacidHOOCCHC6H13NCH2COOH2,Nd+++,KNO3  ,0,8.06773253640212,965.122104042343,32.9307214203182,29.8967033382831,8.89670333828314,17.310166830089,14.3703101360331,4.14556526464153,2.39499622782072,2.39499622782072,1.191538646306,1.191538646306,0.673499112810545,0.673499112810545,80.5359540556301,14.3836115522155,15.3264245733216,28.9672529827619,275.136887392,0.842105263157895,1.36842105263158,1.89473684210526,0.75,-1.63,19,254.133,3.33312024580583,9.31996660938085,8.14667062148486,141.145106791021,12.6593888180272,0.480285422685974,12.6593888180272,0.320444704582274,1.47271577380953,0.320444704582274,-5.09214380196523,-0.480285422685974,0.881199999999999,67.0274,275.301,3,7,7,3,7,12,110,15.3264245733216,6.01789246834965,0.0,0.0,17.9079158638556,19.2835212830659,32.3435917226132,6.37292490132938,17.8198612302129,19.847512149483,0,54.3836901366011,17.9079158638556,4.2935989716979,4.89990973085048,44.7344090922922,12.9937193686319,0.0,0.0,57.1458620050092,14.3836115522155,63.3901706350066,0.0,4.2935989716979,115.14,160.124742066854,35.2428577050655,9.97656837097787,0.0,-8.24178266606229,-5.07960636337869,-23.9367710566333,-13.3360080568231,0.479264189360622,60,3,1289,3347,7.01,533.1,1034.3,2132.3,184.9,2.39,1.88,1.14,0.995,71.1,2109,101.1,607,293,0.1,10.68
1075,C12H24N4O4,14710Tetraazacyclododecane17bisethanoicacid,Nd+++,R4N.X ,0,4.66165971726814,986.47387900284,35.8783151775108,33.4218475438553,9.42184754385528,19.0042128351971,16.2634883303552,4.55256455842752,2.58737613688034,2.58737613688034,1.27700137683497,1.27700137683497,0.706180983585035,0.706180983585035,97.3266535873409,9.58907436814364,10.2176163822144,33.1012545945261,288.179755248001,0.9,1.25,1.55,0.833333333333333,-1.22,20,264.156,3.24397531451892,9.64735434021341,8.05190263627892,152.287432329524,12.1738025740701,0.480285804980353,12.1738025740701,0.317204363054009,1.37464440831301,0.317204363054009,-4.84479540658856,-0.480285804980353,-2.04759999999999,73.891,288.348,4,8,8,4,8,4,116,20.8372430887912,2.8236841566564,0.0,0.0,11.9386105759037,19.3888938298446,0.0,0.0,73.9070143732511,18.4767535933128,1,50.0455460304189,11.9386105759037,2.86239931446527,20.4194461682777,0.0,64.9685968431595,0.0,10.6196267065768,96.9246432629786,9.58907436814364,27.4151711234044,0.0,2.86239931446527,105.14,192.164882842847,21.5983163315142,3.88175021751383,0.0,-5.21858714476479,0.0,0.0,-47.593028913777,0.468552809280589,60,3,1289,3347,7.01,533.1,1034.3,2132.3,184.9,2.39,1.88,1.14,0.995,71.1,884,404.2,253,298,0.1,12.56
1085,C12H24O6,147101316Hexaoxacyclooctadecane,Nd+++,R4N.X ,0,3.94575112073438,716.80457781268,34.2426406871193,32.4494897427832,8.44948974278318,17.7426406871193,15.9494897427832,3.94948974278318,1.83711730708738,1.83711730708738,0.862372435695795,0.862372435695795,0.403093108923949,0.403093108923949,78.7078229149955,0.0,28.4211777228003,32.8982053480853,264.157288488,0.333333333333333,0.444444444444444,0.555555555555556,1.0,-0.24,18,240.126,2.86068481085128,13.197768849931,10.885365230095,142.148346513732,7.66742857416153,0.376667636073453,7.66742857416153,0.07011439546557,4.09101166855631,0.07011439546557,-4.38036298260122,-0.376667636073453,0.099600000000001,64.914,264.318,0,6,6,0,6,0,108,28.4211777228003,0.0,0.0,0.0,0.0,0.0,0.0,0.0,0.0,111.606028263081,1,61.3193830708856,0.0,0.0,0.0,0.0,78.7078229149955,0.0,0.0,78.7078229149955,28.4211777228003,32.8982053480853,0.0,0.0,55.38,208.564355791215,0.0,0.0,0.0,0.0,0.0,0.0,-52.5643557912146,0.618336811834524,60,3,1289,3347,7.01,533.1,1034.3,2132.3,184.9,2.39,1.88,1.14,0.995,71.1,884,404.2,253,298,0.12,0.94
1097,C12H28N2O9P2,1410Trioxa713diazacyclopentadecane713diyldimethylenediphosphonicacid,Nd+++,R4N.X ,0,4.76308022856831,1323.41652996249,43.1044480066851,39.4630889961746,13.2519433781744,22.8460118382478,18.9920375302572,8.44436178942233,3.23152879529871,5.62140110130896,1.4225896401279,2.31248758868453,0.792925173597037,1.48282312215367,102.808590487754,9.13009656986266,33.7933584574761,38.6230039770158,406.127003736001,0.76,1.08,1.4,1.0,0.1,25,378.085,5.17033596844954,11.7377543103842,13.9000259798538,186.396757040278,13.0017357078863,0.378792161048438,13.0017357078863,0.338943630397571,1.62470067607145,0.338943630397571,-6.47699224591305,-0.378792161048438,-1.0758,89.4252000000001,406.309,4,11,11,4,13,8,150,33.7933584574761,12.4758961777157,0.0,5.72479862893054,15.1915246535758,18.9299160315636,0.0,0.0,36.9535071866256,61.2860483562213,1,75.821660375424,15.1915246535758,5.72479862893054,9.79981946170096,0.0,77.8172463724772,0.0,0.0,112.924634059185,23.3406854312628,32.8982053480853,0.0,0.0,149.23,261.643154579595,10.6341223260357,0.0,0.0,0.0,0.0,-9.94249971889583,-50.2696815837982,0.42258131055681,60,3,1289,3347,7.01,533.1,1034.3,2132.3,184.9,2.39,1.88,1.14,0.995,71.1,884,404.2,253,298,0.1,14.36
1119,C12H30N6,147101316HexaazacyclooctadecanecycloNHCH2CH26,Nd+++,NaCl  ,0,4.44251511818457,866.229089427817,39.4641016151378,38.6832815729997,8.68328157299975,20.4282032302755,18.8665631459995,4.18328157299975,2.01246117974981,2.01246117974981,0.970820393249937,0.970820393249937,0.467705098312484,0.467705098312484,109.821196331522,0.0,0.0,41.3692578180545,258.25319496,0.388888888888889,0.5,0.611111111111111,1.0,-0.24,18,228.174,2.18706834002508,13.197768849931,10.885365230095,153.544411032776,8.03364267091134,0.314205753449728,8.03364267091134,0.122298462397508,1.35296681057639,0.122298462397508,-4.61060887262389,-0.314205753449728,-2.4624,77.2182,258.414,6,6,6,6,6,0,108,31.8588801197303,8.4710524699692,0.0,0.0,0.0,0.0,0.0,0.0,110.860521559877,0.0,1,41.3692578180545,0.0,0.0,31.8588801197303,0.0,77.9623162117913,0.0,31.8588801197303,77.9623162117913,0.0,32.8982053480853,0.0,0.0,72.18,240.445107334945,0.0,-8.11780086345833,0.0,0.0,0.0,0.0,-55.3273064714867,0.289546026231531,60,3,1289,3347,7.01,533.1,1034.3,2132.3,184.9,2.39,1.88,1.14,0.995,71.1,2165,58.4,1074,293,0.1,10.2
1125,C12H8N2,110Phenanthroline,Nd+++,NaCl  ,0,2.73777780505722,890.62617289855,16.3424167926486,14.8944271909999,6.89442719099992,10.2517953153725,7.89442719099992,3.89442719099992,2.64442719099992,2.64442719099992,1.83262379212493,1.83262379212493,1.22741869381244,1.22741869381244,48.6003026676093,0.0,9.96795704189442,10.9660684493618,180.068748256,0.642857142857143,1.07142857142857,1.57142857142857,0.0,-1.96,14,172.146,3.02093550416501,2.77102896004398,0.972920489644757,92.4737921462029,7.98784202569917,0.253960355031887,7.98784202569917,0.096401255506718,0.06574074074074,0.096401255506718,-0.480794595616024,-0.253960355031887,2.783,57.044,180.21,0,2,2,0,2,0,66,0.0,0.0,0.0,0.0,0.0,9.96795704189442,24.1696748306532,12.0848374153266,23.1182388505591,21.9994698845943,3,10.9660684493618,21.8058498641621,0.0,9.96795704189442,0.0,0.0,48.6003026676093,0.0,9.96795704189442,0.0,10.9660684493618,48.6003026676093,21.8058498641621,25.78,62.1789107247837,7.68688586545729,-0.217535903250188,-0.131481481481481,0.0,-2.55519001427731,-0.961589191232048,0.0,0.496979970345452,60,3,1289,3347,7.01,533.1,1034.3,2132.3,184.9,2.39,1.88,1.14,0.995,71.1,2165,58.4,1074,298,5.0,2.83
1128,C13H11NO2,NPhenylbenzohydroxamicacidC6H5CONC6H5OH,Nd+++,NaClO4,0,2.77756003134243,904.242824916927,20.7900105498413,18.7637101764277,7.76371017642768,12.4662080327363,9.49216021703081,4.08391192656694,2.57313694686851,2.57313694686851,1.58821595413848,1.58821595413848,0.904970172871748,0.904970172871748,77.582204572365,4.79453718407182,5.2095338210438,15.1387852189348,213.078978592,0.9375,1.4375,2.0,0.0,-2.13,16,202.148,3.43273831468902,4.59287103211641,2.09564130455734,109.064413221852,12.7227739984883,0.281484050941572,12.7227739984883,0.281484050941572,0.019743008314437,0.280661581774144,-1.45784202569917,-0.280661581774144,2.7226,61.48,213.236,1,3,2,1,3,3,80,0.0,0.0,0.0,1.43119965723263,0.0,10.0040710051156,36.2545122459798,24.1696748306532,5.563451491697,19.3949718363858,2,25.1428562240504,11.5945660040351,0.0,0.0,0.0,5.06321772496535,65.9876385683299,5.06321772496535,11.1167135503953,0.0,24.065574237471,60.424187076633,0.0,40.54,83.7447214554759,12.7227739984883,4.09424957482993,-1.7010440287226,-1.45784202569917,-8.23619230770565,0.0,0.0,0.615133057794577,60,3,1289,3347,7.01,533.1,1034.3,2132.3,184.9,2.39,1.88,1.14,0.995,71.1,2499,122.4,403,298,0.1,7.88
1130,C13H11NO4S,2Phenyliminomethyphenol4sulfonicacid,Nd+++,NaClO4,0,2.90336006795461,1153.82386760478,23.1268738430248,19.9884550478193,9.804951628747,13.8106727149927,9.92195846689155,6.01371017642768,3.05958603119575,4.37608261212348,1.77146707760238,2.47559122283431,0.987725676366155,1.38145441564879,86.5439618142591,8.41779698432894,14.6562435936998,15.1992263199972,277.040878832,1.10526315789474,1.84210526315789,2.52631578947368,0.0,-2.18,19,266.213,5.06816793411546,5.21183203024454,3.39787413054225,125.799647706155,11.7953554816391,0.507227731131315,11.7953554816391,0.294150206370323,0.689276462899974,0.294150206370323,-4.96859851315411,-0.507227731131315,2.3895,71.6174,277.301,2,5,5,2,6,5,98,5.10880819110721,5.74951183328391,0.0,1.43119965723263,0.0,9.54743540259254,18.1272561229899,24.1696748306532,17.7965224180973,22.9196967557333,2,30.418462850925,21.9961653524541,2.86239931446527,0.0,4.89548347551778,0.0,53.9028011530034,0.0,25.7034877213627,10.1181268590336,17.900278497229,58.2272378694598,1.43119965723263,86.96,110.686362396749,2.32585485710711,4.15745328378265,-1.4987747622197,-0.992831685143194,-7.09698447356942,-1.0291477702192,0.0,0.665807627177823,60,3,1289,3347,7.01,533.1,1034.3,2132.3,184.9,2.39,1.88,1.14,0.995,71.1,2499,122.4,403,298,0.1,4.82
1140,C13H19NO3,212Hydroxyphenylethylimine3methylbutanoicacid,Nd+++,NaClO4,0,4.46356577145351,1004.04281256951,29.0330157158901,27.1719584668915,8.17195846689155,15.8495122968178,13.3232962076234,4.05958603119575,2.67559861817214,2.67559861817214,1.5436558699574,1.5436558699574,0.83908244395356,0.83908244395356,85.2471757708237,4.79453718407182,10.2176163822144,26.206378291517,237.136493468,1.35294117647059,2.17647058823529,2.82352941176471,0.461538461538462,-1.55,17,218.147,2.71822702176647,5.68143212653702,3.45804767620937,128.211686359998,12.5824032869321,0.50761281573325,12.5824032869321,0.32047767578384,1.0991217744814,0.32047767578384,-4.57226769179895,-0.50761281573325,2.152,65.9193,237.299,3,4,4,3,4,9,94,10.2176163822144,13.1792463799618,0.0,0.0,5.96930528795185,10.1043505373602,31.8310403575812,18.7882685103221,25.2889295217488,8.22455133702132,1,38.356132543338,5.96930528795185,2.86239931446527,5.30981335328838,32.5914612885863,0.0,29.7331263223502,5.30981335328838,23.6360137957486,4.79453718407182,54.0691572106572,24.1696748306532,1.43119965723263,69.56,147.495056820568,12.5824032869321,6.48825780003359,-1.59135251322751,-8.47545876375242,-13.8054912026539,0.0,-12.5267487612329,0.733591720379987,60,3,1289,3347,7.01,533.1,1034.3,2132.3,184.9,2.39,1.88,1.14,0.995,71.1,2499,122.4,403,298,0.1,10.35
1149,C13H20N2O8,trans13Cyclopentanediaminotetraethanoicacid,Nd+++,KCl   ,0,4.66906359145197,1023.64507109877,34.7925287398839,30.6604135147108,10.6604135147108,18.9075727093083,14.8576271102108,5.22463394835533,3.34007749851091,3.34007749851091,1.79568236042001,1.79568236042001,1.16131706548255,1.16131706548255,90.8190389914596,19.1781487362873,20.4352327644288,27.6569355276541,332.1219656,0.739130434782609,1.04347826086957,1.30434782608696,0.692307692307692,-2.2,23,312.149,4.89861591695502,8.43715277777778,6.61307977736549,159.901507032291,12.2296541182283,0.480285551899188,12.2296541182283,0.317227127141921,1.39900085034014,0.317227127141921,-5.02417800453515,-0.480285551899188,-1.1501,75.1162000000001,332.309,4,10,10,4,10,10,130,20.4352327644288,0.0,0.0,0.0,23.8772211518074,28.9779681979882,0.0,19.1187747039881,23.001853386061,36.9535071866256,1,61.5455183994397,23.8772211518074,5.72479862893054,9.79981946170096,31.1545596406874,25.9874387372638,0.0,0.0,92.1354970519003,19.1781487362873,41.0509116027117,0.0,5.72479862893054,155.68,158.261912402906,46.1206147722327,13.4512188130532,0.0,-10.6351625918707,-10.0262325207861,-14.6695885298564,-18.5860956790123,0.384995658360225,60,3,1289,3347,7.01,533.1,1034.3,2132.3,184.9,2.39,1.88,1.14,0.995,71.1,1984,74.6,1043,298,1.0,11.98
1161,C13H22N2O8_1,12DiaminopentaneNNNNtetraethanoicacidHOOCCH22NCH2CHC3H7NCH2COOH2,Nd+++,KNO3  ,0,9.17728808324236,1102.27036726482,36.7925287398839,32.6604135147108,10.6604135147108,19.6575727093083,15.6076271102108,4.97463394835533,2.97827409963592,2.97827409963592,1.43457556267003,1.43457556267003,0.887710267732574,0.887710267732574,91.7769734233922,19.1781487362873,20.4352327644288,30.3984526399945,334.137615664001,0.739130434782609,1.17391304347826,1.56521739130435,0.692307692307692,-2.2,23,312.149,4.66703601108033,10.5133585722012,10.2000390218522,163.717279186156,12.3678178532343,0.480285662978321,12.3678178532343,0.317227931803431,1.62659533257748,0.317227931803431,-5.61250566893424,-0.480285662978321,-0.902499999999995,77.2522,334.325,4,10,10,4,10,14,132,20.4352327644288,0.0,0.0,0.0,23.8772211518074,28.9779681979882,13.2248170186251,6.37292490132938,26.2223377143678,36.9535071866256,0,64.2870355117802,23.8772211518074,5.72479862893054,9.79981946170096,25.6156343883041,32.4842984215797,0.0,0.0,92.6144642678666,19.1781487362873,44.2713959310184,0.0,5.72479862893054,155.68,171.140172890131,45.9111155172456,13.2590293416367,0.0,-11.224052946796,-5.61250566893424,-10.1602933673469,-29.3967990992693,0.332581502542493,60,3,1289,3347,7.01,533.1,1034.3,2132.3,184.9,2.39,1.88,1.14,0.995,71.1,2109,101.1,607,293,0.1,17.76
1174,C13H22N2O8_2,24DiaminopentaneNNNNtetraethanoicacidHOOCCH22NCHCH3CH2CHCH3NCH2COOH2,Nd+++,KNO3  ,0,9.02870339180773,1014.76059226049,36.7925287398839,32.6604135147108,10.6604135147108,19.6575727093083,15.6076271102108,4.97463394835533,3.09007749851091,3.09007749851091,1.49637896154502,1.49637896154502,0.868611967170069,0.868611967170069,91.7769734233922,19.1781487362873,20.4352327644288,30.3984526399945,334.137615664001,0.695652173913043,1.0,1.21739130434783,0.692307692307692,-2.2,23,312.149,4.66703601108033,9.74341724214747,9.42466197944835,163.717279186156,12.2545413300574,0.480285552855238,12.2545413300574,0.317226954968223,1.61337585034014,0.317226954968223,-5.49292800453515,-0.480285552855238,-0.904099999999996,77.2302,334.325,4,10,10,4,10,14,132,20.4352327644288,0.0,0.0,0.0,23.8772211518074,28.9779681979882,0.0,20.0767091359207,25.7433704984015,36.9535071866256,0,64.2870355117802,23.8772211518074,5.72479862893054,9.79981946170096,32.11249407262,25.9874387372638,0.0,0.0,92.1354970519003,19.1781487362873,44.7503631469847,0.0,5.72479862893054,155.68,171.39959711568,45.7914136195494,13.2509991418514,0.0,-11.0985979660204,-10.8220658541194,-5.49292800453515,-29.1117513857395,0.352356952465114,60,3,1289,3347,7.01,533.1,1034.3,2132.3,184.9,2.39,1.88,1.14,0.995,71.1,2109,101.1,607,293,0.1,11.3
1187,C13H22N2O8_3,3Methyl12diaminobutaneNNNNtetraethanoicacid,Nd+++,KNO3  ,0,9.3675033341693,1084.76059226049,36.7925287398839,32.6604135147108,10.6604135147108,19.6575727093083,15.6076271102108,4.97463394835533,3.10327409963592,3.10327409963592,1.49047726210752,1.49047726210752,0.912361967170069,0.912361967170069,91.7769734233922,19.1781487362873,20.4352327644288,30.3984526399945,334.137615664001,0.739130434782609,1.1304347826087,1.47826086956522,0.692307692307692,-2.2,23,312.149,4.66703601108033,9.74341724214747,9.42466197944835,163.717279186156,12.4054306414051,0.480285662974551,12.4054306414051,0.317228103419512,1.64708852985639,0.317228103419512,-5.68333900226758,-0.480285662974551,-1.0466,77.1822000000001,334.325,4,10,10,4,10,14,132,20.4352327644288,0.0,0.0,0.0,23.8772211518074,28.9779681979882,13.7037842345914,5.89395768536308,26.2223377143678,36.9535071866256,0,64.2870355117802,23.8772211518074,5.72479862893054,9.79981946170096,19.721676702941,32.4842984215797,0.0,0.0,92.6144642678666,19.1781487362873,38.3774382456553,0.0,5.72479862893054,155.68,171.75243762936,45.9929659518639,13.2688729735339,0.0,-16.6116537278492,-5.68333900226758,0.0,-34.8026171579743,0.347206170504661,60,3,1289,3347,7.01,533.1,1034.3,2132.3,184.9,2.39,1.88,1.14,0.995,71.1,2109,101.1,607,293,0.1,17.57
1200,C13H22N2O8_4,PentamethylenedinitrilotetraethanoicacidHOOCCH22NCH2CH22CH2,Nd+++,KNO3  ,0,7.96900442798283,1017.78014226914,36.7925287398839,32.6604135147108,10.6604135147108,19.6575727093083,15.6076271102108,4.97463394835533,2.86647070076093,2.86647070076093,1.27277216379504,1.27277216379504,0.73180856829508,0.73180856829508,91.7769734233922,19.1781487362873,20.4352327644288,30.3984526399945,334.137615664001,0.652173913043478,0.956521739130435,1.21739130434783,0.692307692307692,-2.2,23,312.149,4.66703601108033,11.3783038501561,13.2005555087956,163.717279186156,11.9895752208916,0.480285668474474,11.9895752208916,0.317217311094537,1.43506687785052,0.317217311094537,-5.0899825207861,-0.480285668474474,-0.900899999999997,77.2742000000001,334.325,4,10,10,4,10,14,132,20.4352327644288,0.0,0.0,0.0,23.8772211518074,28.9779681979882,6.37292490132938,25.7395691712906,13.7075855617022,36.9535071866256,0,64.2870355117802,23.8772211518074,5.72479862893054,9.79981946170096,19.1187747039881,38.9811581058957,0.0,0.0,93.0934314838329,19.1781487362873,43.7924287150521,0.0,5.72479862893054,155.68,169.629381028806,45.0881671278652,13.1822545548626,0.0,-10.5069940292145,0.0,-15.2306042139078,-28.2455378017445,0.293475720934893,60,3,1289,3347,7.01,533.1,1034.3,2132.3,184.9,2.39,1.88,1.14,0.995,71.1,2109,101.1,607,298,0.1,9.77
1213,C13H22N2O9,Bis2aminoethyletherNNNtriethanoicacidN3propanoicacid,Nd+++,KNO3  ,0,7.68946005019598,1150.02186373181,37.4996355210705,33.0686618051747,11.0686618051747,20.1146794904948,15.7658754006746,5.13288223881919,2.92265691860883,2.92265691860883,1.29599460958947,1.29599460958947,0.705557780491609,0.705557780491609,92.149094106566,19.1781487362873,25.1720957182289,30.3984526399945,350.132530284001,0.708333333333333,1.16666666666667,1.66666666666667,0.692307692307692,-2.24,24,328.148,5.12906492258661,12.2154511785811,13.4248082999497,168.830824415662,12.059907404691,0.481195046000814,12.059907404691,0.317218745666665,1.37197346476342,0.317218745666665,-4.94805453199799,-0.481195046000814,-1.6645,78.8592,350.324,4,11,11,4,11,15,138,25.1720957182289,0.0,0.0,0.0,23.8772211518074,28.9779681979882,0.0,0.0,30.4566475023096,52.689060001812,0,69.0238984655802,23.8772211518074,5.72479862893054,9.79981946170096,6.37292490132938,52.0991285917282,0.0,0.0,106.211401969665,23.9150116900873,31.0465789123933,0.0,5.72479862893054,164.91,172.076904370034,44.9451338723202,13.1782939080162,0.0,-10.3904925088032,0.0,-4.46073321236752,-37.932439762533,0.249569981721141,60,3,1289,3347,7.01,533.1,1034.3,2132.3,184.9,2.39,1.88,1.14,0.995,71.1,2109,101.1,607,298,0.1,14.8
1231,C13H9FO2S,12Thienyl3fluoro2hydroxyphenylprop1one2eneC4H3SCHCHCOC6H3OHF,Nd+++,NaClO4,0,2.70538394800292,954.066951984887,19.9197670618382,17.1027093444008,8.91920592532854,12.0386876778077,8.6637271078962,5.07197539836007,2.75547881743234,3.57197539836007,1.68293939143862,2.29531182713442,0.948918926178444,1.35716721664231,65.2296661427793,9.18495223174664,5.10880819110721,12.3972681065944,248.030728748,1.35294117647059,2.23529411764706,2.94117647058824,0.0,-1.94,17,239.206,4.74060183094492,4.92788606692865,2.59719526785338,114.386779921782,13.9817450661011,0.504278916154974,13.9817450661011,0.29328593746867,0.303793514319308,0.29328593746867,-1.52511697425884,-0.504278916154974,3.4889,65.7483,248.278,1,2,3,1,4,4,86,5.10880819110721,0.0,17.3499776206947,0.0,0.0,4.79453718407182,12.0848374153266,35.5875140247286,4.8771471937013,16.5295199410588,2,25.2598288722156,23.1721025703352,1.43119965723263,0.0,0.0,0.0,57.8780992204638,0.0,12.3232527947048,0.0,26.2012043188319,41.6202796940196,6.05207174603557,37.3,81.5828281832706,12.1646928802385,3.62259847430708,-0.96432350718065,-4.05409950554296,-5.88240485317686,0.0,0.0,0.666528459070003,60,3,1289,3347,7.01,533.1,1034.3,2132.3,184.9,2.39,1.88,1.14,0.995,71.1,2499,122.4,403,303,0.1,5.16
1238,C14H10NO2F,12Pyridyl33fluoro2hydroxyphenylprop1one2eneC5H4NCHCHCOC6H3OHF,Nd+++,NaClO4,0,2.75274138160372,1040.00278449451,21.4971173310279,18.6416746494369,8.64167464943691,12.9493712803307,9.4526924129323,4.54444412246844,2.91944412246843,2.91944412246843,1.7746633702157,1.7746633702157,0.999651578696491,0.999651578696491,83.1389080561059,9.18495223174664,10.0927867120544,13.7680266627646,243.06955678,1.27777777777778,2.11111111111111,2.94444444444444,0.0,-2.49,18,233.157,4.64651311413058,5.22669454969517,2.60121071193982,117.371035132484,14.0405167050495,0.504278916144992,14.0405167050495,0.293285937468695,0.690094857042909,0.293285937468695,-1.5708943502919,-0.504278916144992,2.8224,65.6663,243.237,1,3,3,1,4,4,90,5.10880819110721,0.0,17.3499776206947,0.0,0.0,9.77851570501903,12.0848374153266,36.2738183227243,6.17289521081476,23.5942064920774,2,26.6305874283858,11.8353166924005,1.43119965723263,4.98397852094721,0.0,0.0,65.5540795304214,0.0,17.307231315652,0.0,28.3887436761493,48.4794792028301,6.05207174603557,50.19,89.2964281892484,15.9862942229361,3.95344666473364,-1.76667669228185,-4.25576973871887,-7.61224859460925,-0.768140717974773,0.0,0.66575875384368,60,3,1289,3347,7.01,533.1,1034.3,2132.3,184.9,2.39,1.88,1.14,0.995,71.1,2499,122.4,403,303,0.1,5.33
1248,C14H13NO4S,2Aminobenzenesulfonicacid2hydroxyacetophenoneSchiffbaseHSO3C6H4NCCH3C6H4OH,Nd+++,NaClO4,0,3.19824431714369,1273.81179780462,25.6268738430248,22.4884550478193,10.304951628747,15.0219975803979,11.1719584668916,6.26371017642768,3.29638943007074,4.61288601099847,1.99801232349864,2.7934235616481,1.18953303329118,1.6990420512409,92.9168867155885,8.41779698432894,14.6562435936998,17.9407434323377,291.056528896,1.15,1.9,2.65,0.071428571428571,-2.18,20,278.224,4.97919726020146,5.43907063018346,3.03777553339225,134.974530820887,12.2249297612627,0.507264116853182,12.2249297612627,0.296175270494193,0.871858092538107,0.296175270494193,-5.19759912761401,-0.507264116853182,2.7796,76.2344,291.328,2,5,5,2,6,6,104,5.10880819110721,10.6449953088017,0.0,1.43119965723263,0.0,9.54743540259254,24.1696748306532,31.0215669479489,15.3874121629784,16.6534547240453,2,33.1599799632654,21.5171981364878,2.86239931446527,0.0,11.7473755928135,0.0,53.9028011530034,0.0,25.2245205053964,10.1181268590336,27.4936877268651,58.2272378694598,1.43119965723263,86.96,127.616256329724,2.17201052952045,4.20655897003863,-3.41251936885865,-0.974203855925086,-8.20694645685537,0.0,-3.3702236866969,0.672124991499685,60,3,1289,3347,7.01,533.1,1034.3,2132.3,184.9,2.39,1.88,1.14,0.995,71.1,2499,122.4,403,298,0.1,5.22
1259,C14H15NO3,64Dimethylaminophenyl2oxo35hexadienoicacid,Nd+++,NaClO4,0,3.92483767534195,1010.38765772131,26.2126602806517,23.6719584668915,8.67195846689155,14.7995413660696,11.6914411194096,4.28319282894573,2.67559861817214,2.67559861817214,1.44683663888225,1.44683663888225,0.713001652774459,0.713001652774459,85.3330036160573,9.58907436814364,5.10880819110721,20.6218194436157,245.10519334,1.22222222222222,1.94444444444444,2.55555555555556,0.142857142857143,-2.36,18,230.158,3.57060147659334,6.39367315666126,4.25163205933399,127.010073353433,11.5555580540027,0.475247294720877,11.5555580540027,0.376080003907665,0.275468107365515,0.376080003907665,-3.41518920123215,-0.475247294720877,1.9757,71.5858,245.278,1,4,4,1,4,7,94,10.0087179219577,0.0,0.0,0.0,5.96930528795185,4.79453718407182,30.2410526534333,23.7003606530592,27.8635914122694,10.9660684493618,1,33.8885023456339,23.4920082550359,1.43119965723263,0.0,0.0,18.851563531415,47.8893415604569,4.89990973085048,30.8130122259885,9.58907436814364,24.7540712780801,42.3258900687599,7.4832714032682,57.61,113.77159706871,22.3340012740884,3.36200292985085,-2.07674080160327,-3.65226389491028,-9.90821817367136,0.0,-6.83037840246431,0.48930714031803,60,3,1289,3347,7.01,533.1,1034.3,2132.3,184.9,2.39,1.88,1.14,0.995,71.1,2499,122.4,403,298,0.5,2.09
1271,C14H16N2O8,12DiaminobenzeneNNNNtetraethanoicacidC6H4NCH2COOH22,Nd+++,NaClO4,0,4.71414762751076,1063.78792912434,31.7566303550217,27.1604135147108,11.1604135147108,18.0562901835438,13.1076271102108,5.47463394835533,3.46507749851091,3.46507749851091,1.90818236042001,1.90818236042001,1.26756706548255,1.26756706548255,95.2089267307925,19.1781487362873,20.4352327644288,22.1739013029732,340.090665472,0.708333333333333,1.0,1.25,0.285714285714286,-3.3,24,324.16,5.96445366733735,8.36345348371353,5.83001423041328,158.51983981923,12.1944455066105,0.479926017231118,12.1944455066105,0.322614408578428,0.849056122448979,0.322614408578428,-4.23276171579743,-0.479926017231118,-0.362199999999999,81.4112,340.288,4,10,10,4,10,10,130,30.2350522261298,25.9874387372638,0.0,0.0,23.8772211518074,19.1781487362873,12.0848374153266,12.0848374153266,0.0,27.8238752234098,1,56.0624841747588,35.2519937011745,5.72479862893054,0.0,0.0,35.7872581989647,24.1696748306532,9.79981946170096,70.2998926535,19.1781487362873,16.4491026740426,24.1696748306532,5.72479862893054,155.68,123.257791124153,47.0796697815439,13.8936036991575,-3.77757180650038,-9.60658121273201,-6.24919805576552,0.0,-16.9310468631897,0.443230197315208,60,3,1289,3347,7.01,533.1,1034.3,2132.3,184.9,2.39,1.88,1.14,0.995,71.1,2499,122.4,403,298,1.0,12.63
1285,C14H19NO7,16Nitro36912tetraoxabicyclo1231octadeca1181416trien18ol,Nd+++,R4N.X ,0,3.15370219299766,1137.89866027479,32.5769857902601,29.304951628747,10.304951628747,17.9138668756781,14.5841207669713,5.17587247650747,3.15958559945855,3.15958559945855,1.86087416563777,1.86087416563777,1.07072441261506,1.07072441261506,92.043831498836,10.1143182687656,24.0562600063074,26.1048536682966,313.116151948,1.0,1.45454545454545,1.86363636363636,0.571428571428571,-1.74,22,294.154,4.63665161546816,8.64183810796714,4.9174263741024,154.02760903518,11.693344657537,0.507191485223891,11.693344657537,0.29312797140924,1.52495940972808,0.29312797140924,-4.2719460191484,-0.507191485223891,1.3804,75.7112,313.306,1,8,7,1,8,2,122,24.0562600063074,5.74951183328391,0.0,0.0,0.0,10.1143182687656,0.0,0.0,23.2117403987206,82.0688470032119,2,53.6532250661891,5.68738627468356,1.43119965723263,0.0,13.1179704858326,39.3539114574977,33.3260586674862,0.0,50.8172303546553,32.0654223010328,35.800556994458,12.0848374153266,0.0,100.29,166.543005832001,10.1683852478089,15.8028382327449,-5.21931224804737,-1.67065662530444,-3.38568042957924,0.0,-33.7385800096235,0.617165045437683,60,3,1289,3347,7.01,533.1,1034.3,2132.3,184.9,2.39,1.88,1.14,0.995,71.1,884,404.2,253,298,0.1,2.98
1294,C14H20O5,23Benzo1471013pentaoxacyclopentadeca2ene,Nd+++,R4N.X ,0,2.95319294041373,1031.77042351789,30.9996355210705,29.0412414523193,9.04124145231932,16.9543247824324,14.5412414523193,4.54124145231932,2.48505523447142,2.48505523447142,1.39982991426106,1.39982991426106,0.778566105643205,0.778566105643205,88.1405804405513,0.0,14.2105888614001,36.8888970310045,268.13107374,0.578947368421053,0.947368421052632,1.36842105263158,0.571428571428571,-1.3,19,248.149,3.29597780582096,8.74170825458175,5.46367545307272,141.012245032031,7.97042410714286,0.487297502423726,7.97042410714286,0.160790899905971,1.15096314891251,0.160790899905971,-4.19408864019412,-0.487297502423726,1.5076,69.8890000000001,268.309,0,5,5,0,5,0,106,23.6843147690002,13.1179704858326,11.4990236665678,0.0,0.0,0.0,12.0848374153266,12.0848374153266,0.0,66.7690825809022,2,51.0994858924047,0.0,0.0,0.0,0.0,52.4718819433303,24.1696748306532,9.4737259076001,52.4718819433303,14.2105888614001,27.4151711234044,24.1696748306532,0.0,46.15,178.428447567043,0.0,0.0,0.0,-2.96077142122281,-4.93969006073759,0.0,-33.027986085083,0.713432075322556,60,3,1289,3347,7.01,533.1,1034.3,2132.3,184.9,2.39,1.88,1.14,0.995,71.1,884,404.2,253,298,0.1,2.27
1302,C14H20O8S,23Benzo1471013pentaoxacyclopentadeca2ene4sulfonicacid,Nd+++,R4N.X ,0,3.08345462844709,1361.80376243315,34.206742302257,30.6742346141748,11.4907311951025,18.7263098196174,15.1536138880151,6.65361388801511,3.14330352493528,4.45980010586301,1.75189198687703,2.45601613210896,0.975430475284521,1.36915921456715,97.1117720674393,8.41779698432894,28.2393454389571,27.4756122244668,348.0878886,0.826086956521739,1.30434782608696,1.82608695652174,0.571428571428571,-1.39,23,328.213,5.0557743479458,9.03974884234666,6.31878695816098,162.727551300199,12.2295595265148,0.487295969196671,12.2295595265148,0.294154403878478,1.61184277854214,0.294154403878478,-5.48257739550646,-0.487295969196671,0.7543,79.7036000000001,348.373,1,8,8,1,9,2,130,23.6843147690002,13.1179704858326,11.4990236665678,1.43119965723263,0.0,4.55503066995687,0.0,12.0848374153266,6.0424187076633,70.2938075002497,2,62.7015549905203,10.1181268590336,1.43119965723263,0.0,4.89548347551778,52.4718819433303,18.1272561229899,9.4737259076001,65.4447095976161,24.3287157204337,26.0444125672342,23.0227395985077,1.43119965723263,100.52,205.877067404233,-1.7273520378014,0.0,0.0,-3.55007178025531,-5.0478704303436,0.0,-34.1525290936599,0.742384083639265,60,3,1289,3347,7.01,533.1,1034.3,2132.3,184.9,2.39,1.88,1.14,0.995,71.1,884,404.2,253,298,0.12,1.81
1359,C14H22N2O8_1,trans12DiaminocyclohexaneNNNNtetraethanoicacid,Nd+++,KNO3  ,0,5.10457898356529,1110.93608957519,37.2925287398839,33.1604135147108,11.1604135147108,20.1575727093083,16.1076271102108,5.47463394835533,3.46507749851091,3.46507749851091,1.90818236042001,1.90818236042001,1.26756706548255,1.26756706548255,97.191963892789,19.1781487362873,20.4352327644288,30.3984526399945,346.137615664001,0.708333333333333,1.0,1.25,0.714285714285714,-2.2,24,324.16,4.91626112883385,9.18250529255439,6.50478881618085,169.076390147023,12.4821571074545,0.480285546390165,12.4821571074545,0.317228112387459,1.61521352985639,0.317228112387459,-5.51458900226758,-0.480285546390165,-0.759999999999997,79.7332,346.336,4,10,10,4,10,10,136,20.4352327644288,0.0,0.0,0.0,23.8772211518074,28.9779681979882,12.7458498026588,12.7458498026588,25.7433704984015,36.9535071866256,1,64.2870355117802,23.8772211518074,5.72479862893054,9.79981946170096,37.5274845420168,25.9874387372638,0.0,0.0,92.1354970519003,19.1781487362873,50.1653536163815,0.0,5.72479862893054,155.68,176.715058172948,46.6982013701052,13.4737931360433,0.0,-11.2691001091795,-11.0291780045352,-19.7872534013606,-19.6348544973545,0.39630813279278,60,3,1289,3347,7.01,533.1,1034.3,2132.3,184.9,2.39,1.88,1.14,0.995,71.1,2109,101.1,607,293,0.1,17.68
1379,C14H22N2O8_2,cis13DiaminocyclohexaneNNNNtetraethanoicacid,Nd+++,KCl   ,0,4.91055596122036,1114.93608957519,37.2925287398839,33.1604135147108,11.1604135147108,20.1575727093083,16.1076271102108,5.47463394835533,3.46507749851091,3.46507749851091,1.85818236042001,1.85818236042001,1.19256706548255,1.19256706548255,97.191963892789,19.1781487362873,20.4352327644288,30.3984526399945,346.137615664001,0.708333333333333,1.04166666666667,1.33333333333333,0.714285714285714,-2.2,24,324.16,4.91626112883385,9.18250529255439,6.92032751868993,169.076390147023,12.3688805842776,0.480285551899227,12.3688805842776,0.317227127111781,1.5356675170068,0.317227127111781,-5.32417800453515,-0.480285551899227,-0.759999999999998,79.7332,346.336,4,10,10,4,10,10,136,20.4352327644288,0.0,0.0,0.0,23.8772211518074,28.9779681979882,6.37292490132938,19.1187747039881,25.7433704984015,36.9535071866256,1,64.2870355117802,23.8772211518074,5.72479862893054,9.79981946170096,37.5274845420168,25.9874387372638,0.0,0.0,92.1354970519003,19.1781487362873,50.1653536163815,0.0,5.72479862893054,155.68,176.351371334627,46.4041873030969,13.4436956649051,0.0,-11.0178156530952,-10.6262325207861,-20.1901988851096,-19.1983405769715,0.39630813279278,60,3,1289,3347,7.01,533.1,1034.3,2132.3,184.9,2.39,1.88,1.14,0.995,71.1,1984,74.6,1043,298,1.0,7.08
1391,C14H22N2O8_3,cis14DiaminocyclohexaneNNNNtetraethanoicacid,Nd+++,KCl   ,0,4.7456164737467,1078.93608957519,37.2925287398839,33.1604135147108,11.1604135147108,20.1575727093083,16.1076271102108,5.47463394835533,3.46507749851091,3.46507749851091,1.85818236042001,1.85818236042001,1.16756706548255,1.16756706548255,97.191963892789,19.1781487362873,20.4352327644288,30.3984526399945,346.137615664001,0.708333333333333,0.958333333333333,1.16666666666667,0.714285714285714,-2.2,24,324.16,4.91626112883385,9.18250529255439,6.92032751868993,169.076390147023,12.286321351175,0.480285551920211,12.286321351175,0.317227119245028,1.47247417485513,0.317227119245028,-5.16280517762661,-0.480285551920211,-0.759999999999996,79.7332000000001,346.336,4,10,10,4,10,10,136,20.4352327644288,0.0,0.0,0.0,23.8772211518074,28.9779681979882,0.0,25.4916996053175,25.7433704984015,36.9535071866256,1,64.2870355117802,23.8772211518074,5.72479862893054,9.79981946170096,37.5274845420168,25.9874387372638,0.0,0.0,92.1354970519003,19.1781487362873,50.1653536163815,0.0,5.72479862893054,155.68,176.05838637824,46.2003370549897,13.4276078683453,0.0,-10.826337179602,-10.3256103552532,-20.4908210506425,-18.8768960494105,0.39630813279278,60,3,1289,3347,7.01,533.1,1034.3,2132.3,184.9,2.39,1.88,1.14,0.995,71.1,1984,74.6,1043,298,1.0,7.51
1402,C14H22N2O8_4,trans13DiaminocyclohexaneNNNNtetraethanoicacid,Nd+++,KCl   ,0,4.91055596122036,1114.93608957519,37.2925287398839,33.1604135147108,11.1604135147108,20.1575727093083,16.1076271102108,5.47463394835533,3.46507749851091,3.46507749851091,1.85818236042001,1.85818236042001,1.19256706548255,1.19256706548255,97.191963892789,19.1781487362873,20.4352327644288,30.3984526399945,346.137615664001,0.708333333333333,1.04166666666667,1.33333333333333,0.714285714285714,-2.2,24,324.16,4.91626112883385,9.18250529255439,6.92032751868993,169.076390147023,12.3688805842776,0.480285551899227,12.3688805842776,0.317227127111781,1.5356675170068,0.317227127111781,-5.32417800453515,-0.480285551899227,-0.759999999999998,79.7332,346.336,4,10,10,4,10,10,136,20.4352327644288,0.0,0.0,0.0,23.8772211518074,28.9779681979882,6.37292490132938,19.1187747039881,25.7433704984015,36.9535071866256,1,64.2870355117802,23.8772211518074,5.72479862893054,9.79981946170096,37.5274845420168,25.9874387372638,0.0,0.0,92.1354970519003,19.1781487362873,50.1653536163815,0.0,5.72479862893054,155.68,176.351371334627,46.4041873030969,13.4436956649051,0.0,-11.0178156530952,-10.6262325207861,-20.1901988851096,-19.1983405769715,0.39630813279278,60,3,1289,3347,7.01,533.1,1034.3,2132.3,184.9,2.39,1.88,1.14,0.995,71.1,1984,74.6,1043,298,1.0,7.55
1420,C14H22N2O8_5,trans14DiaminocyclohexaneNNNNtetraethanoicacid,Nd+++,KCl   ,0,4.7456164737467,1078.93608957519,37.2925287398839,33.1604135147108,11.1604135147108,20.1575727093083,16.1076271102108,5.47463394835533,3.46507749851091,3.46507749851091,1.85818236042001,1.85818236042001,1.16756706548255,1.16756706548255,97.191963892789,19.1781487362873,20.4352327644288,30.3984526399945,346.137615664001,0.708333333333333,0.958333333333333,1.16666666666667,0.714285714285714,-2.2,24,324.16,4.91626112883385,9.18250529255439,6.92032751868993,169.076390147023,12.286321351175,0.480285551920211,12.286321351175,0.317227119245028,1.47247417485513,0.317227119245028,-5.16280517762661,-0.480285551920211,-0.759999999999996,79.7332000000001,346.336,4,10,10,4,10,10,136,20.4352327644288,0.0,0.0,0.0,23.8772211518074,28.9779681979882,0.0,25.4916996053175,25.7433704984015,36.9535071866256,1,64.2870355117802,23.8772211518074,5.72479862893054,9.79981946170096,37.5274845420168,25.9874387372638,0.0,0.0,92.1354970519003,19.1781487362873,50.1653536163815,0.0,5.72479862893054,155.68,176.05838637824,46.2003370549897,13.4276078683453,0.0,-10.826337179602,-10.3256103552532,-20.4908210506425,-18.8768960494105,0.39630813279278,60,3,1289,3347,7.01,533.1,1034.3,2132.3,184.9,2.39,1.88,1.14,0.995,71.1,1984,74.6,1043,298,1.0,7.96
1433,C14H22N2O8_6,cis12DiaminocyclohexaneNNNNtetraethanoicacid,Nd+++,KCl   ,0,5.10457898356529,1110.93608957519,37.2925287398839,33.1604135147108,11.1604135147108,20.1575727093083,16.1076271102108,5.47463394835533,3.46507749851091,3.46507749851091,1.90818236042001,1.90818236042001,1.26756706548255,1.26756706548255,97.191963892789,19.1781487362873,20.4352327644288,30.3984526399945,346.137615664001,0.708333333333333,1.0,1.25,0.714285714285714,-2.2,24,324.16,4.91626112883385,9.18250529255439,6.50478881618085,169.076390147023,12.4821571074545,0.480285546390165,12.4821571074545,0.317228112387459,1.61521352985639,0.317228112387459,-5.51458900226758,-0.480285546390165,-0.759999999999996,79.7332000000001,346.336,4,10,10,4,10,10,136,20.4352327644288,0.0,0.0,0.0,23.8772211518074,28.9779681979882,12.7458498026588,12.7458498026588,25.7433704984015,36.9535071866256,1,64.2870355117802,23.8772211518074,5.72479862893054,9.79981946170096,37.5274845420168,25.9874387372638,0.0,0.0,92.1354970519003,19.1781487362873,50.1653536163815,0.0,5.72479862893054,155.68,176.715058172948,46.6982013701052,13.4737931360433,0.0,-11.2691001091795,-11.0291780045352,-19.7872534013606,-19.6348544973545,0.39630813279278,60,3,1289,3347,7.01,533.1,1034.3,2132.3,184.9,2.39,1.88,1.14,0.995,71.1,1984,74.6,1043,298,1.0,4.41
1443,C14H22N2O9,147Trioxa1013diazacyclopentadecane815dione1013diethanoicacid,Nd+++,R4N.X ,0,4.57449105364573,1177.39845207992,37.9996355210705,33.5686618051747,11.5686618051747,20.4075727093083,16.3576271102108,5.54113052928305,3.20590520907269,3.20590520907269,1.55882164943461,1.55882164943461,0.880043570903334,0.880043570903334,98.8941396910692,19.1781487362873,24.4282052436146,30.2775704378697,362.132530284,0.96,1.4,1.8,0.714285714285714,-2.24,25,340.159,5.37910329422494,11.3379836389979,10.2719999380998,174.655217814897,12.9817164597384,0.480285663975965,12.9817164597384,0.319738888666762,1.54819373582767,0.319738888666762,-5.13241012377173,-0.480285663975965,-2.12379999999999,80.8886,362.335,2,11,11,2,11,4,142,24.4282052436146,13.1179704858326,0.0,0.0,23.8772211518074,28.9779681979882,0.0,0.0,18.4767535933128,61.0375461218199,1,71.0215251033063,23.8772211518074,2.86239931446527,9.79981946170096,0.0,65.2170990775608,0.0,0.0,109.111756073284,33.3887375976874,27.4151711234044,0.0,2.86239931446527,142.91,183.922404515245,47.3196171343754,6.65188503103772,0.0,-11.5229754593017,0.0,0.0,-47.7042645546894,0.529587109724225,60,3,1289,3347,7.01,533.1,1034.3,2132.3,184.9,2.39,1.88,1.14,0.995,71.1,884,404.2,253,298,0.1,8.08
1481,C14H23N3O10,DiethylenetriaminepentaethanoicacidHOOCCH2NCH2CH2NCH2COOH22,Nd+++,KNO3  ,0,8.7088638651902,1187.35687658616,40.6543360594498,35.4241236911385,12.4241236911385,22.0049785885276,16.8449440843884,5.80370263206913,3.44974857257614,3.44974857257614,1.56266605446254,1.56266605446254,0.907993112056366,0.907993112056366,103.017992791154,23.9726859203591,25.5440409555361,31.8296522972271,393.138343936001,0.518518518518518,0.740740740740741,1.0,0.642857142857143,-2.77,27,370.165,6.11792356624836,12.5617990236722,14.120624863026,186.28945158129,12.4440207688269,0.480285804974003,12.4440207688269,0.317218118969234,1.54887734648242,0.317218118969234,-5.34343584656085,-0.480285804974003,-2.68459999999999,87.4990000000001,393.349,5,13,13,5,13,16,154,25.5440409555361,0.0,0.0,0.0,29.8465264397592,38.6724151129105,0.0,0.0,36.9535071866256,46.191883983282,0,74.1903808869591,29.8465264397592,7.15599828616317,14.6997291925514,0.0,58.4717371588435,0.0,0.0,128.56203374669,23.9726859203591,24.673654011064,0.0,7.15599828616317,196.22,179.049287715233,56.2819503510821,16.5231834618809,0.0,-13.7916884316669,0.0,0.0,-44.9793997631958,0.181917108801965,60,3,1289,3347,7.01,533.1,1034.3,2132.3,184.9,2.39,1.88,1.14,0.995,71.1,2109,101.1,607,298,0.1,21.6
1510,C14H24N2O10_1,EthyleneglycolOObis2aminoethyletherNNNNtetraethanoicacid,Nd+++,NaNO3 ,0,7.30773868952166,1139.94425975221,40.706742302257,35.9769100956385,11.9769100956385,21.8217862716814,17.1741236911385,5.54113052928305,3.10384313645673,3.10384313645673,1.37304666973617,1.37304666973617,0.762481812333536,0.762481812333536,98.8941396910692,19.1781487362873,29.9089586720289,33.1399697523349,380.143094968001,0.615384615384615,0.923076923076923,1.19230769230769,0.714285714285714,-2.28,26,356.158,5.60951960968287,13.9489499821967,15.2595733182518,183.119252759902,11.9309620651532,0.480285660503431,11.9309620651532,0.317218745666716,1.3571755465404,0.317218745666716,-4.81837121504938,-0.480285660503431,-2.03799999999999,85.0612000000001,380.35,4,12,12,4,12,17,150,29.9089586720289,0.0,0.0,0.0,23.8772211518074,28.9779681979882,0.0,0.0,18.4767535933128,74.1555166076524,0,76.5022785317206,23.8772211518074,5.72479862893054,9.79981946170096,0.0,65.2170990775608,0.0,0.0,119.329372455498,28.6518746438874,27.4151711234044,0.0,5.72479862893054,174.14,191.014849077965,45.0094971675319,13.1865421681188,0.0,-10.3192291316819,0.0,0.0,-46.7249926152668,0.203831430194709,60,3,1289,3347,7.01,533.1,1034.3,2132.3,184.9,2.39,1.88,1.14,0.995,71.1,2257,85.0,581,298,0.1,16.08
1525,C14H24N2O10_2,NNBis2hydroxyethaneNNethanediaminedibutanedioicacid,Nd+++,NaNO3 ,0,9.29007232008942,1203.94425975221,40.706742302257,35.9769100956385,11.9769100956385,22.0288930528679,17.0823719816024,5.63288223881919,3.41920164374284,3.41920164374284,1.86334015909135,1.86334015909135,1.06058441296451,1.06058441296451,97.5640845759628,19.1781487362873,30.6528491466433,33.2608519544598,380.143094968001,0.653846153846154,1.03846153846154,1.34615384615385,0.714285714285714,-2.28,26,356.158,5.60951960968287,12.134736735326,8.70989126081265,182.653970321534,12.9047955511533,0.481175189962384,12.9047955511533,0.321029312937252,1.77741378495843,0.321029312937252,-5.54663607804233,-0.481175189962384,-2.56919999999999,84.6708,380.35,6,12,12,6,12,17,150,30.6528491466433,12.0357849366993,0.0,2.86239931446527,23.8772211518074,28.9779681979882,0.0,0.0,42.4365414113064,34.0883716255127,0,74.5046518939945,23.8772211518074,8.58719794339581,9.79981946170096,24.7816347393581,39.1054092230963,0.0,0.0,118.333483234413,19.1781487362873,37.4195038137227,0.0,5.72479862893054,196.14,187.645947798137,46.9128352350101,20.3238047516097,0.0,-11.7997830266174,-10.5234435626102,-9.82082658856829,-30.5718679402942,0.173890209966023,60,3,1289,3347,7.01,533.1,1034.3,2132.3,184.9,2.39,1.88,1.14,0.995,71.1,2257,85.0,581,298,0.1,13.89
1534,C14H24N2O8_1,12DiaminoethaneNNdiethanoicNNdi2butyricacid,Nd+++,KNO3  ,0,9.1245286840146,1157.97928521524,39.2925287398839,35.1604135147108,11.1604135147108,20.9075727093083,16.8576271102108,5.22463394835533,3.21507749851091,3.21507749851091,1.56792892094189,1.56792892094189,0.867235247431012,0.867235247431012,98.1498983247215,19.1781487362873,20.4352327644288,33.1399697523349,348.153265728001,0.708333333333333,1.08333333333333,1.375,0.714285714285714,-2.2,24,324.16,4.69923469387755,10.5512551110191,9.74341724214747,172.892162300888,12.4396792137169,0.481187317044611,12.4396792137169,0.317213369733234,1.73490102985639,0.317213369733234,-5.46760546579744,-0.481187317044611,-0.513999999999998,81.8472000000001,348.352,4,10,10,4,10,15,138,20.4352327644288,0.0,0.0,0.0,23.8772211518074,28.9779681979882,0.0,13.7037842345914,46.9616412040547,31.2226033959715,0,67.0285526241206,23.8772211518074,5.72479862893054,9.79981946170096,38.4854189739494,25.9874387372638,0.0,0.0,92.1354970519003,19.1781487362873,53.8648051606546,0.0,5.72479862893054,155.68,187.957245984295,45.9636396705737,13.2592283018583,0.0,-11.3589959427297,-10.4349481922399,-9.73263214412385,-30.4868710109669,0.341544895575907,60,3,1289,3347,7.01,533.1,1034.3,2132.3,184.9,2.39,1.88,1.14,0.995,71.1,2109,101.1,607,293,0.1,15.35
1547,C14H24N2O8_2,12DiaminohexaneNNNNtetraethanoicacidHOOCCH2NCH2CHC4H9NCH2COOH2,Nd+++,KNO3  ,0,9.82485124715148,1195.97928521524,39.2925287398839,35.1604135147108,11.1604135147108,20.9075727093083,16.8576271102108,5.22463394835533,3.21507749851091,3.21507749851091,1.66478066098251,1.66478066098251,1.03076366660756,1.03076366660756,98.1498983247215,19.1781487362873,20.4352327644288,33.1399697523349,348.153265728001,0.666666666666667,1.08333333333333,1.41666666666667,0.714285714285714,-2.2,24,324.16,4.69923469387755,10.5512551110191,8.43715277777778,172.892162300888,12.5380984654792,0.48028554735169,12.5380984654792,0.317228110960544,1.77242866591081,0.317228110960544,-5.89896400226758,-0.48028554735169,-0.513999999999996,81.8472,348.352,4,10,10,4,10,15,138,20.4352327644288,0.0,0.0,0.0,23.8772211518074,28.9779681979882,13.2248170186251,13.2248170186251,28.4848876107419,36.9535071866256,0,67.0285526241206,23.8772211518074,5.72479862893054,9.79981946170096,38.4854189739494,25.9874387372638,0.0,0.0,92.1354970519003,19.1781487362873,53.8648051606546,0.0,5.72479862893054,155.68,189.340933708347,46.433449700919,13.296125430072,0.0,-11.6794384343243,-11.6739696712018,-10.5384183673469,-30.0120156997985,0.341544895575907,60,3,1289,3347,7.01,533.1,1034.3,2132.3,184.9,2.39,1.88,1.14,0.995,71.1,2109,101.1,607,293,0.1,17.67
1560,C14H24N2O8_3,4Methyl12diaminopentaneNNNNtetraethanoicacidHOOCCH22NCH2CHNCH2COOH2CH2CHCH32,Nd+++,KNO3  ,0,9.57397710879593,1179.97928521524,39.2925287398839,35.1604135147108,11.1604135147108,20.9075727093083,16.8576271102108,5.22463394835533,3.22827409963592,3.22827409963592,1.49707556267003,1.49707556267003,0.946911117451322,0.946911117451322,98.1498983247216,19.1781487362873,20.4352327644288,33.1399697523349,348.153265728001,0.75,1.16666666666667,1.54166666666667,0.714285714285714,-2.2,24,324.16,4.69923469387755,10.5512551110191,10.5133585722012,172.892162300888,12.5004856773084,0.480285662978314,12.5004856773084,0.317227933187845,1.70610213529857,0.317227933187845,-5.82813066893425,-0.480285662978314,-0.656499999999996,81.7992000000001,348.352,4,10,10,4,10,15,138,20.4352327644288,0.0,0.0,0.0,23.8772211518074,28.9779681979882,13.7037842345914,12.2668825866925,28.9638548267082,36.9535071866256,0,67.0285526241206,23.8772211518074,5.72479862893054,9.79981946170096,26.0946016042704,32.4842984215797,0.0,0.0,92.6144642678666,19.1781487362873,47.4918802593252,0.0,5.72479862893054,155.68,188.830997483857,46.2095369552652,13.2676983231181,0.0,-16.6945559072394,-5.82813066893425,-5.57791359599396,-35.0409659234064,0.336895982589873,60,3,1289,3347,7.01,533.1,1034.3,2132.3,184.9,2.39,1.88,1.14,0.995,71.1,2109,101.1,607,293,0.1,17.65
1573,C14H24N2O8_5,DiaminoethaneNNDiethylacetoNNdiethanoicacidCH2NCH2COOHCH2COOC2H52,Nd+++,R4N.X ,0,8.03052588366443,1149.97928521524,39.2925287398839,35.1604135147108,11.1604135147108,20.7004659281217,16.9493788197469,5.13288223881919,2.8997189912248,2.8997189912248,1.37342624348531,1.37342624348531,0.771194719416009,0.771194719416009,99.479953439828,19.1781487362873,19.6913422898145,33.0190875502101,348.153265728001,0.708333333333333,1.08333333333333,1.41666666666667,0.714285714285714,-2.2,24,324.16,4.69923469387755,12.2505137912385,11.3783038501561,173.357444739255,12.7634984647739,0.480285663975965,12.7634984647739,0.31964438334997,1.59719139739229,0.31964438334997,-5.20214392006803,-0.480285663975965,-1.1142,81.4176000000001,348.352,2,10,10,2,10,15,138,19.6913422898145,0.0,0.0,0.0,23.8772211518074,28.9779681979882,0.0,13.7037842345914,26.7013049303341,55.554511897139,0,69.0261792618467,23.8772211518074,2.86239931446527,9.79981946170096,13.7037842345914,52.0991285917282,0.0,0.0,95.9937855874511,28.6518746438874,43.8604724703362,0.0,2.86239931446527,133.68,189.426300080848,46.7554559717184,6.60435717718993,0.0,-11.491704766477,0.0,0.0,-46.1277417966125,0.394366751474385,60,3,1289,3347,7.01,533.1,1034.3,2132.3,184.9,2.39,1.88,1.14,0.995,71.1,884,404.2,253,298,0.1,10.35
1586,C14H24N2O9,Bis3dicarboxymethylaminopropylether,Nd+++,KNO3  ,0,7.63368431996933,1123.52195400543,39.9996355210705,35.5686618051747,11.5686618051747,21.3646794904948,17.0158754006746,5.38288223881919,3.04765691860883,3.04765691860883,1.35189630902697,1.35189630902697,0.766846969778323,0.766846969778323,98.5220190078954,19.1781487362873,25.1720957182289,33.1399697523349,364.148180348001,0.68,1.0,1.28,0.714285714285714,-2.24,25,340.159,5.14657147048755,13.0960815620664,15.0501177884343,178.005707530395,11.979137077314,0.480285668444162,11.979137077314,0.317217322514802,1.40757708867958,0.317217322514802,-4.94999640464287,-0.480285668444162,-1.27439999999999,83.4762000000001,364.351,4,11,11,4,11,16,144,25.1720957182289,0.0,0.0,0.0,23.8772211518074,28.9779681979882,0.0,12.7458498026588,37.0777583038262,42.4365414113064,0,71.7654155779206,23.8772211518074,5.72479862893054,9.79981946170096,12.7458498026588,52.0991285917282,0.0,0.0,106.211401969665,23.9150116900873,40.1610209260632,0.0,5.72479862893054,164.91,188.602279289648,45.1013941318969,13.1838474789955,0.0,-10.458460893094,0.0,-9.89999280928575,-37.8624005314941,0.241103026854742,60,3,1289,3347,7.01,533.1,1034.3,2132.3,184.9,2.39,1.88,1.14,0.995,71.1,2109,101.1,607,298,0.1,11.66
1606,C14H25N3O8,NNBis2aminoethylethylamineNNNNtetraethanoicacid,Nd+++,KNO3  ,0,8.74020170650525,1162.91186471337,40.8698790090736,36.6076271102108,11.6076271102108,21.7735981130927,17.5284475034607,5.39545434160526,3.16229109401087,3.16229109401087,1.47137896154502,1.47137896154502,0.816706019138838,0.816706019138838,103.900579620498,19.1781487362873,20.4352327644288,34.5107283085052,363.164164760001,0.6,0.92,1.2,0.714285714285714,-2.24,25,338.167,4.92879817293191,12.1695541030986,12.8038640484549,180.056966471259,12.1819832188129,0.480285663977335,12.1819832188129,0.317218118962776,1.54144868057161,0.317218118962776,-5.34322751322751,-0.480285663977335,-1.74929999999999,85.5372000000001,363.367,4,11,11,4,11,16,144,25.3351424952793,0.0,0.0,0.0,23.8772211518074,28.9779681979882,6.85189211729568,6.49685968431595,43.8072999674767,36.9535071866256,0,68.3993111802908,23.8772211518074,5.72479862893054,14.6997291925514,6.85189211729568,58.4717371588435,0.0,0.0,117.483920267631,19.1781487362873,35.6378217968703,0.0,5.72479862893054,158.92,195.470796372721,43.917293639581,13.2321180280296,0.0,-10.8965482305247,0.0,0.0,-49.5569931431403,0.261208414027413,60,3,1289,3347,7.01,533.1,1034.3,2132.3,184.9,2.39,1.88,1.14,0.995,71.1,2109,101.1,607,298,0.1,17.44
1621,C14H26N2O7,1410Trioxa713diazacyclopentadecaneNNdiethanoicacid,Nd+++,R4N.X ,0,4.61550535351,1176.22746190965,39.8449349826912,36.752165224247,10.752165224247,21.0661321019982,17.9493788197469,5.13288223881919,2.8351143971741,2.8351143971741,1.38382164943461,1.38382164943461,0.742353784028764,0.742353784028764,100.073499600998,9.58907436814364,24.4282052436146,35.7606046625505,334.174001172001,0.826086956521739,1.17391304347826,1.52173913043478,0.857142857142857,-1.26,23,308.161,4.10310106639985,12.1979251362468,10.9933698710855,171.952055615481,12.2356749621438,0.480285798043863,12.2356749621438,0.317205614432517,1.47746730135912,0.317205614432517,-4.97785674918116,-0.480285798043863,-1.17699999999999,80.6086000000001,334.369,2,9,9,2,9,4,134,24.4282052436146,0.0,0.0,0.0,11.9386105759037,19.3888938298446,0.0,0.0,36.9535071866256,74.2797677248531,1,66.9154849598436,11.9386105759037,2.86239931446527,9.79981946170096,0.0,78.3350695633934,0.0,0.0,110.291115983213,23.7996632295438,32.8982053480853,0.0,2.86239931446527,108.77,218.992289597815,21.5164153215694,6.70205252943952,0.0,-5.36213146587043,0.0,0.0,-58.0152926496203,0.656572592292435,60,3,1289,3347,7.01,533.1,1034.3,2132.3,184.9,2.39,1.88,1.14,0.995,71.1,884,404.2,253,298,0.1,11.6
1645,C14H28N2O6,141013Tetraoxa716diazacyclooctadecane7ethanoicacid,Nd+++,R4N.X ,0,4.41499736955921,1189.04669334087,40.7675847135016,38.3439169337831,10.3439169337831,21.3305335423447,18.764737327033,4.90927544106921,2.51843293983176,2.51843293983176,1.21265649804974,1.21265649804974,0.616703630035636,0.616703630035636,101.135208737001,4.79453718407182,24.0562600063074,38.4827641959866,320.194736616001,0.954545454545455,1.40909090909091,1.86363636363636,0.928571428571429,-0.77,22,292.162,3.58494162406566,13.8629619635867,11.8427947350875,170.681200880599,12.2444136150346,0.480285798043863,12.2444136150346,0.317205614432567,1.33006907759749,0.317205614432567,-4.94330279741603,-0.480285798043863,-0.957399999999995,80.2215000000001,320.385999999999,2,8,8,2,8,2,130,29.3660733595958,1.4118420783282,0.0,0.0,5.96930528795185,9.6944469149223,0.0,0.0,36.9535071866256,83.6423956387102,1,65.9023617291332,5.96930528795185,1.43119965723263,10.2097230841389,0.0,84.95618036491,0.0,5.30981335328838,100.93420357482,23.741988999272,35.6397224604257,0.0,1.43119965723263,89.49,237.536795893905,10.7580926850326,2.0207968378885,0.0,-2.68690633593491,0.0,0.0,-61.2121124142243,0.672620692029399,60,3,1289,3347,7.01,533.1,1034.3,2132.3,184.9,2.39,1.88,1.14,0.995,71.1,884,404.2,253,298,0.1,7.24
1658,C14H32N2O10P2,141013Tetraoxa716diazacyclooctadecane716diyldimethylenediphosphonicacid,Nd+++,R4N.X ,0,4.7708209470535,1446.19494552823,48.8115547878716,44.8713372866385,14.6601916686383,25.8031186194343,21.6502858207211,9.1026100798862,3.53771501314661,5.92758731915686,1.56631837941053,2.45621632796716,0.860107358417695,1.55000530697433,115.926560973587,9.13009656986266,38.5302214112761,44.1060382016967,450.153218484001,0.678571428571429,0.964285714285714,1.21428571428571,1.0,0.06,28,418.106,5.69603429537495,14.1327009799714,15.9224358803226,209.860068499249,13.0792061571876,0.377729900688842,13.0792061571876,0.338943630397622,1.68472161870378,0.338943630397622,-6.55349261807325,-0.377729900688842,-1.0592,100.2442,450.361999999999,4,12,12,4,14,8,168,38.5302214112761,12.4758961777157,0.0,5.72479862893054,15.1915246535758,18.9299160315636,0.0,0.0,36.9535071866256,79.8870530667347,1,86.0415575539049,15.1915246535758,5.72479862893054,9.79981946170096,0.0,90.9352168583098,0.0,0.0,126.042604545017,28.0775483850629,38.3812395727662,0.0,0.0,158.46,299.11226300833,10.4950200577775,0.0,0.0,0.0,0.0,-10.0897622343108,-61.2994244845386,0.38542984141746,60,3,1289,3347,7.01,533.1,1034.3,2132.3,184.9,2.39,1.88,1.14,0.995,71.1,884,404.2,253,298,0.1,13.07
1667,C14H34N4O6P2,14710Tetraazacyclododecane17bismethanephosphonicacidmonoethylester,Nd+++,KCl   ,0,4.83957688995701,1505.26114815826,49.1378282015047,46.1327713157829,13.9216256977828,25.5769857902601,22.3978987504016,8.77229239949452,3.37048886607195,6.1255095437523,1.6474147518633,3.20060346909001,0.917756347908451,1.92966224597537,126.883499194521,9.13009656986266,18.8388791214616,46.8088401562283,416.195358068001,0.807692307692308,1.19230769230769,1.5,1.0,0.14,26,382.124,4.5678231626482,12.569348603857,11.0901377730967,203.896948651617,13.8168084728739,0.341487962013436,13.8168084728739,0.341487962013436,1.72855434303351,0.323400310348246,-7.10160237506895,-0.323400310348246,0.142000000000003,101.522,416.396,4,10,10,4,12,12,156,29.4585058280383,15.2995803343721,0.0,2.86239931446527,15.1915246535758,18.9299160315636,0.0,13.7037842345914,82.1315657102724,24.0840389351943,1,71.9154165330873,15.1915246535758,2.86239931446527,20.4194461682777,13.7037842345914,77.5687441380759,0.0,10.6196267065768,100.02234771228,18.1775908932863,54.826540919698,0.0,0.0,123.6,309.541462037076,3.6143951333562,-3.45710868606702,0.0,0.0,0.0,-10.6565738670462,-59.7278587560702,0.406433781479011,60,3,1289,3347,7.01,533.1,1034.3,2132.3,184.9,2.39,1.88,1.14,0.995,71.1,1984,74.6,1043,298,0.1,9.37
1669,C14H36N4O12P4,14711TetraazacyclotetradecaneNNNNtetramethylphosphonicacid,Nd+++,KNO3  ,0,5.822527918482,1977.54839263215,56.9662553262509,51.476688249566,19.0543970135657,30.4493829893763,24.5345853177312,13.4392338360615,4.87594028351004,9.65568489553053,2.10793193730653,3.8877278344198,1.2753081451816,2.65510404229487,139.655207863171,18.2601931397253,39.1655391921518,49.8308368306272,576.128019112001,0.5,0.705882352941176,0.941176470588235,1.0,0.44,34,540.066,7.76170237794656,13.8317714438084,17.8030810831458,248.994933796288,13.6609202961332,0.338942382960633,13.6609202961332,0.338942382960633,2.07369160321,0.323529166395237,-7.09229310354713,-0.323529166395237,-1.471,123.1704,576.354000000002,8,16,16,8,20,16,204,39.1655391921518,24.9517923554314,0.0,11.4495972578611,30.3830493071515,37.8598320631272,0.0,12.7458498026588,79.3900485979319,10.9660684493618,1,95.8069719046432,30.3830493071515,11.4495972578611,19.5996389234019,12.7458498026588,76.926669829959,0.0,0.0,147.141445203374,18.2601931397253,51.127089375425,0.0,0.0,243.08,355.266291315487,19.3421240980705,0.0,0.0,0.0,0.0,-34.0713118694216,-47.5572145496255,0.153760634172658,60,3,1289,3347,7.01,533.1,1034.3,2132.3,184.9,2.39,1.88,1.14,0.995,71.1,2109,101.1,607,298,1.0,17.8
1681,C14H8O7S,12Dihydroxyanthraquinone3sulfonicacidAlizarinRedS,Nd+++,NaClO4,0,2.59265907413731,1258.40271936807,22.7042241122144,18.2659863237109,11.0824829046386,13.9548306673362,9.24536559755125,6.92886901662352,4.22474487139159,5.54124145231932,2.97379887795308,3.76125635651834,2.02903910236246,2.57586095056904,90.5450233989535,18.0068713524726,14.7726470521713,11.147391752549,319.999073596,0.772727272727273,1.31818181818182,1.86363636363636,0.0,-2.71,22,312.214,7.52178464819087,4.39036245042794,1.8141529136971,135.252472891069,13.0394204302091,0.503701210801802,13.0394204302091,0.29788843905228,0.778259925883933,0.29788843905228,-5.13277823706643,-0.503701210801802,1.1199,72.8932,320.278,3,7,7,3,8,4,112,10.2176163822144,4.89548347551778,23.0655135592977,1.43119965723263,0.0,14.1441050381005,24.1696748306532,6.0424187076633,16.690354475091,12.4172442725481,3,39.633311185495,21.6846167517634,4.2935989716979,0.0,4.89548347551778,0.0,52.4658995051045,0.0,37.6193332436954,10.1181268590336,38.6966731157827,35.1075770138342,1.43119965723263,128.97,87.8818830150479,24.7303326037205,8.30204795498446,-3.46110336881666,-4.87618202527925,-4.69419994259054,0.0,0.0,0.452327466122854,60,3,1289,3347,7.01,533.1,1034.3,2132.3,184.9,2.39,1.88,1.14,0.995,71.1,2499,122.4,403,298,0.2,10.13
1693,C15H12OS,monoThiodibenzoylmethaneC6H5COCH2CSC6H5,Nd+++,NaClO4,0,2.73034171448067,936.432363643257,22.5829037686548,20.3164965809277,9.13299316185545,13.1722201661318,10.4082482904639,4.81649658092773,2.78324829046386,3.19149658092773,1.6811862178479,1.98737243569579,0.955176442257282,1.1499362178479,88.5718272264729,4.79453718407182,0.0,28.6669761170893,240.060886004,0.882352941176471,1.29411764705882,1.82352941176471,0.066666666666667,-1.8,17,228.231,3.85409184648659,5.50509077963688,3.07896975700717,122.963272018013,12.8143644494835,0.293783364465522,12.8143644494835,0.167610259501551,0.711373351809859,0.167610259501551,-3.19704270597128,-0.293783364465522,3.6776,73.5315,240.327,0,1,2,0,2,4,84,0.0,0.0,5.78324494636494,0.0,0.0,4.79453718407182,72.6420605196796,5.563451491697,19.5424608241184,13.7075855617022,2,21.2436398581145,22.8656857081633,0.0,0.0,6.37292490132938,0.0,71.551090060027,0.0,10.6478122651166,0.0,38.7434677428378,60.424187076633,0.0,17.07,93.1725785026795,11.8618748425296,0.0,-1.65978374065676,-1.57748960695389,-8.28159305294406,-3.19704270597128,0.0,0.598772047287048,60,3,1289,3347,7.01,533.1,1034.3,2132.3,184.9,2.39,1.88,1.14,0.995,71.1,2499,122.4,403,303,0.05,7.7
1704,C15H20N2O6,NBenzyldiaminoethaneNNNtriethanoicacid,Nd+++,KNO3  ,0,2.64741573786066,518.028455993186,17.2422762081898,12.4733089668505,12.4733089668505,10.8630811007041,6.94700863238867,6.94700863238867,5.02293387747143,5.02293387747143,3.03957990556688,3.03957990556688,2.10021515113341,2.10021515113341,30.9974286756807,29.7031937367376,0.0,0.0,321.11030700373,0.739130434782609,1.17391304347826,1.65217391304348,0.4,-2.45,23,304.173,18.5986618004866,9.5434529952724,8.54224360815858,133.102817046193,10.82553345721,0.54875251201763,10.82553345721,0.055470815740622,0.043723781179138,0.055470815740622,-1.41596238791405,-0.54875251201763,-3.9597,73.18,321.309,0,8,8,0,8,11,126,29.7031937367376,0.0,0.0,0.0,0.0,9.79981946170096,30.331835342308,5.563451491697,39.2685384354754,17.9079158638556,1,29.7031937367376,17.9079158638556,0.0,9.79981946170096,6.54475640591258,32.7237820295629,35.895286834005,15.3195821845221,60.4315173551194,20.928367958128,5.563451491697,30.331835342308,0.0,126.87,0.0,34.7062654151805,32.0672140168433,0.875094902158394,-4.10295846399472,9.09213742094379,0.0,-0.9710866244646,0.403848208596775,60,3,1289,3347,7.01,533.1,1034.3,2132.3,184.9,2.39,1.88,1.14,0.995,71.1,2109,101.1,607,298,0.1,11.82
1719,C15H25N3O10,DiethylenetriamineNNNNtetraethanoicacidNpropanoicacid,Nd+++,KNO3  ,0,8.90412424716562,1396.59731333566,43.1543360594498,37.9241236911385,12.9241236911385,23.2549785885276,18.0949440843884,6.05370263206913,3.57474857257614,3.57474857257614,1.62934273359848,1.62934273359848,0.918251265035096,0.918251265035096,109.390917692484,23.9726859203591,25.5440409555361,34.5711694095676,407.153994000001,0.535714285714286,0.857142857142857,1.25,0.666666666666667,-2.77,28,382.176,6.11173347924893,13.4062670215887,14.4047716777661,195.464334696023,12.5337837181858,0.481195046017267,12.5337837181858,0.317218118969234,1.58515893339532,0.317218118969234,-5.46978280895692,-0.481195046017267,-2.29449999999999,92.1160000000001,407.376,5,13,13,5,13,17,160,25.5440409555361,0.0,0.0,0.0,29.8465264397592,38.6724151129105,0.0,0.0,48.9334010956224,43.326432087955,0,76.9318979992996,29.8465264397592,7.15599828616317,14.6997291925514,6.37292490132938,58.4717371588435,0.0,0.0,128.56203374669,23.9726859203591,33.7880960247338,0.0,7.15599828616317,196.22,196.204911770665,56.3438215924534,16.5131658744987,0.0,-13.9911923278467,0.0,-4.67902989446628,-46.0583436819712,0.172766317759398,60,3,1289,3347,7.01,533.1,1034.3,2132.3,184.9,2.39,1.88,1.14,0.995,71.1,2109,101.1,607,298,0.1,18.94
1732,C15H26N4O9_1,DiethylenetriamineNNNNNpentaethanoicacidNmethylamide_1,Nd+++,KCl   ,0,9.04071965859336,1314.22916986112,44.0245795474528,38.9630889961746,12.9630889961746,23.5889822539949,18.6269988396926,6.04679208233715,3.57924705729434,3.57924705729434,1.66856775390004,1.66856775390004,0.937349565597602,0.937349565597602,115.241507486125,23.9726859203591,20.4352327644288,35.9225703868334,406.169978412001,0.642857142857143,1.0,1.32142857142857,0.666666666666667,-2.77,28,380.184,5.87080590620989,13.4062670215887,13.4360157569193,197.596320001713,13.2100624354935,0.480285663977327,13.2100624354935,0.317218118969178,1.39508745940474,0.317218118969178,-5.51302768329555,-0.480285663977327,-3.02319999999999,93.9299000000001,406.392,5,13,12,5,13,17,160,25.7450461177172,0.0,1.4118420783282,5.90717972935151,23.8772211518074,38.6724151129105,0.0,0.0,48.0416097554185,46.191883983282,0,74.6056904426908,29.7844008811589,5.72479862893054,20.0095425458398,0.0,65.4475640591257,0.0,5.30981335328838,130.366926897265,23.9726859203591,28.7859296795746,0.0,5.72479862893054,188.02,203.429349310234,57.2009310966172,11.8162478253674,0.0,-14.2352299070265,0.0,0.0,-50.3779649918584,0.174684212166598,60,3,1289,3347,7.01,533.1,1034.3,2132.3,184.9,2.39,1.88,1.14,0.995,71.1,1984,74.6,1043,298,0.1,19.1
1745,C15H26N4O9_2,DiethylenetriamineNNNNNpentaethanoicacidNmethylamide_2,Nd+++,KCl   ,0,8.8601529906751,1426.22916986112,44.0245795474528,38.9630889961746,12.9630889961746,23.5889822539949,18.6269988396926,6.04679208233715,3.57924705729434,3.57924705729434,1.66856775390004,1.66856775390004,0.937349565597602,0.937349565597602,115.241507486125,23.9726859203591,20.4352327644288,35.9225703868334,406.169978412001,0.642857142857143,1.0,1.39285714285714,0.666666666666667,-2.77,28,380.184,5.87080590620989,13.4062670215887,13.4360157569193,197.596320001713,12.9344097781776,0.480285804974003,12.9344097781776,0.317218118969234,1.30657855273701,0.317218118969234,-5.47755042989418,-0.480285804974003,-3.02319999999999,93.9299000000001,406.392,5,13,12,5,13,17,160,25.7450461177172,0.0,1.4118420783282,5.90717972935151,23.8772211518074,38.6724151129105,0.0,0.0,48.0416097554185,46.191883983282,0,74.6056904426908,29.7844008811589,5.72479862893054,20.0095425458398,0.0,65.4475640591257,0.0,5.30981335328838,130.366926897265,23.9726859203591,28.7859296795746,0.0,5.72479862893054,188.02,203.038802970341,57.2401359274498,11.9293847729013,0.0,-14.2377080267811,0.0,0.0,-50.1372823105773,0.174684212166598,60,3,1289,3347,7.01,533.1,1034.3,2132.3,184.9,2.39,1.88,1.14,0.995,71.1,1984,74.6,1043,298,0.1,17.9
1779,C16H18N4,NNDimethyl110phenanthroline29dimethanamine,Nd+++,NaClO4,0,2.57834422000585,1336.81124893587,29.4971173310279,27.7888543819998,9.78885438199983,16.9838461229413,14.1832815729998,5.28885438199983,3.56524758424985,3.56524758424985,2.39303398874989,2.39303398874989,1.61352549156242,1.61352549156242,107.013217975612,0.0,9.96795704189442,24.7558210553799,266.153146576,0.8,1.25,1.7,0.25,-2.04,20,248.204,3.58513588148359,5.52608152664444,2.35319641268463,143.19910323716,8.3250213766062,0.314244372460913,8.3250213766062,0.122265794072819,0.47429179533256,0.122265794072819,-3.34202014256548,-0.314244372460913,2.2218,82.5714,266.348,2,4,4,2,4,6,102,10.6196267065768,2.8236841566564,0.0,0.0,0.0,0.0,24.1696748306532,26.0364912158911,37.4737533592637,30.6458087619508,3,24.7558210553799,21.8058498641621,0.0,20.5875837484712,12.9937193686319,13.9516538005645,47.6423682356767,10.6196267065768,23.9196108424589,12.9937193686319,33.3199928884204,36.2545122459798,21.8058498641621,49.84,141.58557417237,7.72180957105064,-2.10199636781302,-3.45780160829764,0.0,-5.41732130667286,0.0,-13.3302644606368,0.710962194151718,60,3,1289,3347,7.01,533.1,1034.3,2132.3,184.9,2.39,1.88,1.14,0.995,71.1,2499,122.4,403,298,0.1,7.1
1805,C16H20N2O8,1PhenylethylenediamineNNNNtetraethanoicacidDL,Nd+++,KNO3  ,0,4.99529183083904,1322.87657161542,36.7566303550217,32.1604135147108,12.1604135147108,20.5829991898512,15.6076271102108,5.97463394835533,3.72827409963592,3.72827409963592,1.99047726210752,1.99047726210752,1.28076366660756,1.28076366660756,107.954776533451,20.5489072924575,20.4352327644288,26.2861769714838,368.1219656,0.730769230769231,1.11538461538462,1.53846153846154,0.375,-2.98,26,348.182,6.03113620404249,10.1111173548731,7.72692541385083,176.869606048694,12.5129264421946,0.480285661902667,12.5129264421946,0.317237619770745,1.32550823006225,0.317237619770745,-5.10940665154951,-0.480285661902667,-0.329899999999998,87.7392000000001,368.342,4,10,10,4,10,12,142,20.4352327644288,0.0,0.0,0.0,23.8772211518074,28.9779681979882,30.2120935383165,5.563451491697,15.256269265006,45.1780585236469,1,61.5455183994397,23.8772211518074,5.72479862893054,9.79981946170096,6.01789246834965,32.4842984215797,35.7755450300135,0.0,86.5965717995169,19.1781487362873,33.5134808587702,30.2120935383165,5.72479862893054,155.68,159.020569503398,47.0150879565427,13.7105953951318,-2.0676917989418,-10.6707378012934,-13.0252731792518,0.0,-23.8158834089191,0.385103949010962,60,3,1289,3347,7.01,533.1,1034.3,2132.3,184.9,2.39,1.88,1.14,0.995,71.1,2109,101.1,607,293,0.1,16.56
1816,C16H23NO8_1,19Nitro3691215pentaoxabicyclo15131heneicosa1211719trien21ol,Nd+++,R4N.X ,0,3.16066507906929,1337.8814768211,38.2840925714467,34.7131999192109,11.7131999192109,20.8709736568646,17.2423690574352,5.83412076697134,3.46577181730645,3.46577181730645,2.0046029049204,2.0046029049204,1.13790659743572,1.13790659743572,105.161801984669,10.1143182687656,28.7931229601075,31.5878878929775,357.142366696001,0.88,1.28,1.64,0.625,-1.78,25,334.175,5.14160085506378,10.9558453625542,6.9248355637568,177.490920494151,11.8412531059262,0.507191485223891,11.8412531059262,0.29312797140924,1.6063127155132,0.29312797140924,-4.43670726800056,-0.507191485223891,1.397,86.5302,357.359,1,9,8,1,9,2,140,28.7931229601075,5.74951183328391,0.0,0.0,0.0,10.1143182687656,0.0,0.0,23.2117403987206,100.669851713725,2,63.87312224467,5.68738627468356,1.43119965723263,0.0,13.1179704858326,52.4718819433303,33.3260586674862,0.0,63.9352008404878,36.8022852548328,41.2835912191389,12.0848374153266,0.0,109.52,203.280848444621,10.234940390413,15.9461599042746,-5.60649552866499,-1.81203522612749,-3.60991214062913,0.0,-43.9335058438869,0.593172379649298,60,3,1289,3347,7.01,533.1,1034.3,2132.3,184.9,2.39,1.88,1.14,0.995,71.1,884,404.2,253,298,0.1,3.27
1821,C16H23NO8_2,234Nitrobenzo147101316hexaoxacyclooctadeca2ene4Nitrobenzo18crown6,Nd+++,R4N.X ,0,3.03859829347233,1431.1314768211,38.2840925714467,34.7131999192109,11.7131999192109,20.8221151661419,17.2882449122033,5.78824491220327,3.27195803515434,3.27195803515434,1.83793623825374,1.83793623825374,1.01575885604827,1.01575885604827,105.826829542222,10.1143182687656,28.4211777228003,31.5274467919151,357.142366696001,0.72,1.12,1.56,0.625,-1.94,25,334.175,5.0671816521629,11.5859332448848,7.65205491742147,177.723561713335,11.5670937078402,0.487288238369406,11.5670937078402,0.272914659066289,1.49673897843494,0.272914659066289,-4.42389121136032,-0.487288238369406,1.4324,87.3624000000001,357.359,0,9,8,0,9,1,140,28.4211777228003,13.1179704858326,11.4990236665678,0.0,0.0,10.1143182687656,0.0,6.0424187076633,6.0424187076633,94.9650584917262,2,64.8719355635331,5.68738627468356,0.0,0.0,0.0,65.5898524291629,28.2415743917555,9.4737259076001,70.5131634779805,18.9474518152002,31.5274467919151,18.1272561229899,0.0,98.52,207.127531502341,10.0703547294052,11.5670937078402,-1.68070683261161,-3.64640664551965,-5.01335045472223,0.0,-43.9245160067332,0.549825821593156,60,3,1289,3347,7.01,533.1,1034.3,2132.3,184.9,2.39,1.88,1.14,0.995,71.1,884,404.2,253,298,0.1,2.7
1829,C16H24O9S,23Benzo14101316hexaoxacyclooctadeca2ene4sulfonicacid,Nd+++,R4N.X ,0,3.09924635716838,1577.38693702412,39.9138490834436,36.0824829046386,12.8989794855664,21.683416600804,17.811862178479,7.31186217847897,3.44948974278318,4.76598632371091,1.89562072615966,2.59974487139159,1.04261266010518,1.43634139938781,110.229742553272,8.41779698432894,32.9762083927572,32.9586464491477,392.114103348001,0.730769230769231,1.15384615384615,1.61538461538462,0.625,-1.43,26,368.234,5.55503095961562,11.3184559130524,7.85202960912164,186.19086275917,12.3518159300624,0.487295969196671,12.3518159300624,0.294154403878478,1.70640127705606,0.294154403878478,-5.59479454979092,-0.487295969196671,0.7709,90.5226000000001,392.426,1,9,9,1,10,2,148,28.4211777228003,13.1179704858326,11.4990236665678,1.43119965723263,0.0,4.55503066995687,0.0,12.0848374153266,6.0424187076633,88.8948122107631,2,72.9214521690012,10.1181268590336,1.43119965723263,0.0,4.89548347551778,65.5898524291629,18.1272561229899,9.4737259076001,78.5626800834487,29.0655786742337,31.5274467919151,23.0227395985077,1.43119965723263,109.75,242.869494362513,-1.82191053631532,0.0,0.0,-3.82024404158919,-5.36666063990741,0.0,-44.3492179282435,0.693018177080214,60,3,1289,3347,7.01,533.1,1034.3,2132.3,184.9,2.39,1.88,1.14,0.995,71.1,884,404.2,253,298,0.12,1.66
1840,C16H26N2O10,14710Tetraoxa1316diazacyclooctadecane1118dione1316diethanoicacid,Nd+++,R4N.X ,0,4.64263831205277,1376.38891196359,43.706742302257,38.9769100956385,12.9769100956385,23.3646794904948,19.0158754006746,6.19937881974692,3.51209142692059,3.51209142692059,1.70255038871725,1.70255038871725,0.947225755723992,0.947225755723992,112.012110176902,19.1781487362873,29.1650681974146,35.7606046625505,406.158745032001,0.857142857142857,1.25,1.64285714285714,0.75,-2.28,28,380.18,5.87558163446579,13.8232918872416,12.1692827371913,198.118529273868,13.1825727499129,0.480285663975965,13.1825727499129,0.319738888635815,1.66467521730915,0.319738888635815,-5.29717137262389,-0.480285663975965,-2.10719999999999,91.7076000000001,406.388,2,12,12,2,12,4,160,29.1650681974146,13.1179704858326,0.0,0.0,23.8772211518074,28.9779681979882,0.0,0.0,18.4767535933128,79.6385508323333,1,81.2414222817872,23.8772211518074,2.86239931446527,9.79981946170096,0.0,78.3350695633934,0.0,0.0,122.229726559116,38.1256005514875,32.8982053480853,0.0,2.86239931446527,152.14,220.750639458921,47.7841836485398,6.64337911387796,0.0,-11.9900217641005,0.0,0.0,-58.521513790572,0.491509745284855,60,3,1289,3347,7.01,533.1,1034.3,2132.3,184.9,2.39,1.88,1.14,0.995,71.1,884,404.2,253,298,0.1,9.18
1856,C16H27N5O8_1,147Triscarboxymethyl1471013pentaazacyclopentadecan914dione,Nd+++,KCl   ,0,5.1157103302189,1491.11919583194,45.3948230354559,40.5020543012107,13.5020543012107,24.4229859194623,19.6590535949967,6.53988153260518,3.93235233976253,3.93235233976253,1.93627285221252,1.93627285221252,1.1182512650351,1.1182512650351,126.507087749162,23.9726859203591,15.3264245733216,37.2739713640991,417.185962824001,0.758620689655172,1.10344827586207,1.48275862068966,0.6875,-2.77,29,390.203,5.89277500342429,12.641839740601,11.6198861211841,205.087416268272,13.5193001309902,0.480285804974003,13.5193001309902,0.317217248544317,1.59788882607425,0.317217248544317,-5.48811177248678,-0.480285804974003,-3.60779999999999,98.2468000000001,417.419,5,13,11,5,13,6,164,25.9460512798984,0.0,2.8236841566564,11.814359458703,17.9079158638556,38.6724151129105,0.0,0.0,49.9472265552575,51.6749182079628,1,72.279482886082,29.7222753225586,4.2935989716979,25.3193558991282,0.0,71.4654565274754,0.0,10.6196267065768,131.213885615907,23.9726859203591,30.1566882357448,0.0,4.2935989716979,179.82,218.256400325125,59.4233891805016,6.82313194583775,0.0,-15.0413116669658,0.0,0.0,-56.8782764511656,0.287966185978938,60,3,1289,3347,7.01,533.1,1034.3,2132.3,184.9,2.39,1.88,1.14,0.995,71.1,1984,74.6,1043,298,0.08,11.1
1869,C16H27N5O8_2,41013Triscarboxymethyl1471013pentaazacyclopentadeca815dione,Nd+++,KCl   ,0,5.02758250372604,1491.11919583194,45.3948230354559,40.5020543012107,13.5020543012107,24.4229859194623,19.6590535949967,6.53988153260518,3.93235233976253,3.93235233976253,1.93627285221252,1.93627285221252,1.1182512650351,1.1182512650351,126.507087749162,23.9726859203591,15.3264245733216,37.2739713640991,417.185962824001,0.758620689655172,1.10344827586207,1.48275862068966,0.6875,-2.77,29,390.203,5.89277500342429,12.641839740601,11.6198861211841,205.087416268272,13.6799584602423,0.480285801532315,13.6799584602423,0.317217248550648,1.62516632040532,0.317217248550648,-5.3593272718293,-0.480285801532315,-3.60779999999999,98.2468000000001,417.419,5,13,11,5,13,6,164,25.9460512798984,0.0,2.8236841566564,11.814359458703,17.9079158638556,38.6724151129105,0.0,0.0,49.9472265552575,51.6749182079628,1,72.279482886082,29.7222753225586,4.2935989716979,25.3193558991282,0.0,71.4654565274754,0.0,10.6196267065768,131.213885615907,23.9726859203591,30.1566882357448,0.0,4.2935989716979,179.82,217.781673195739,59.6802112001085,6.6249572671866,0.0,-15.0815578115844,0.0,0.0,-56.4219505181167,0.287966185978938,60,3,1289,3347,7.01,533.1,1034.3,2132.3,184.9,2.39,1.88,1.14,0.995,71.1,1984,74.6,1043,298,0.08,15.0
1882,C16H28N2O8_3,12DiaminoethaneNNdiethanoicNNdi23methylbutanoicacid,Nd+++,KNO3  ,0,9.04629881816593,1339.45757365796,44.2925287398839,40.1604135147108,12.1604135147108,23.4075727093083,19.3576271102108,5.72463394835533,3.49147070076093,3.49147070076093,1.67344626842385,1.67344626842385,0.775948154513485,0.775948154513485,110.89574812738,19.1781487362873,20.4352327644288,38.6230039770158,376.184565856001,0.653846153846154,1.03846153846154,1.34615384615385,0.75,-2.2,26,348.182,4.79423398846798,12.2015584883564,11.370987654321,191.241928530352,12.5248882699036,0.481033428469799,12.5248882699036,0.317203563470154,1.81283560878055,0.317203563470154,-5.53993102796675,-0.481033428469799,-0.018799999999996,90.9852000000001,376.406,4,10,10,4,10,17,150,20.4352327644288,0.0,0.0,0.0,23.8772211518074,28.9779681979882,13.7037842345914,25.7395691712906,40.4088904920363,30.2646689640389,0,72.5115868488014,23.8772211518074,5.72479862893054,9.79981946170096,26.4496340372501,38.9811581058957,0.0,0.0,93.0934314838329,19.1781487362873,59.3478393853355,0.0,5.72479862893054,155.68,220.935202408173,46.2808837560499,13.2847834755006,0.0,-21.3802686704717,0.0,-10.3977669624247,-41.0561673401606,0.306205047567173,60,3,1289,3347,7.01,533.1,1034.3,2132.3,184.9,2.39,1.88,1.14,0.995,71.1,2109,101.1,607,293,0.1,12.09
1895,C16H28N2O8_4,12DiaminoethaneNNdiethanoicNNdi2pentanoicacid,Nd+++,KNO3  ,0,9.50229004086663,1339.45757365796,44.2925287398839,40.1604135147108,12.1604135147108,23.4075727093083,19.3576271102108,5.72463394835533,3.46507749851091,3.46507749851091,1.69292892094189,1.69292892094189,0.894349853950979,0.894349853950979,110.89574812738,19.1781487362873,20.4352327644288,38.6230039770158,376.184565856001,0.692307692307692,1.07692307692308,1.38461538461538,0.75,-2.2,26,348.182,4.79423398846798,12.2015584883564,11.370987654321,191.241928530352,12.6524739861805,0.481229660063124,12.6524739861805,0.317213152256891,1.88565838372386,0.317213152256891,-5.69338022014362,-0.481229660063124,0.266200000000004,91.0812000000001,376.406,4,10,10,4,10,17,150,20.4352327644288,0.0,0.0,0.0,23.8772211518074,28.9779681979882,0.0,26.4496340372501,65.1905252313944,18.4767535933128,0,72.5115868488014,23.8772211518074,5.72479862893054,9.79981946170096,51.2312687766082,25.9874387372638,0.0,0.0,92.1354970519003,19.1781487362873,72.0936891879942,0.0,5.72479862893054,155.68,222.955186936227,45.9346045476209,13.2234090762176,0.0,-11.5807762522979,-11.0121772908863,-20.0897620108831,-31.763818339332,0.312626370687169,60,3,1289,3347,7.01,533.1,1034.3,2132.3,184.9,2.39,1.88,1.14,0.995,71.1,2109,101.1,607,293,0.1,15.38
1908,C16H28N2O8_5,12DiaminooctaneNNNNtetraethanoicacidHOOCCH22NCH2CHC6H13NCH2COOH2,Nd+++,KNO3  ,0,9.63468390599849,1390.96734866229,44.2925287398839,40.1604135147108,12.1604135147108,23.4075727093083,19.3576271102108,5.72463394835533,3.35327409963592,3.35327409963592,1.62207556267003,1.62207556267003,0.981460267732575,0.981460267732575,110.89574812738,19.1781487362873,20.4352327644288,38.6230039770158,376.184565856001,0.653846153846154,1.07692307692308,1.53846153846154,0.75,-2.2,26,348.182,4.79423398846798,13.063599537037,12.203757569484,191.241928530352,12.633859328594,0.480285662978321,12.633859328594,0.317227931808671,1.78691078514739,0.317227931808671,-5.99968147675737,-0.480285662978321,0.267800000000003,91.1032000000001,376.406,4,10,10,4,10,17,150,20.4352327644288,0.0,0.0,0.0,23.8772211518074,28.9779681979882,32.3435917226132,6.37292490132938,34.4468890513891,36.9535071866256,0,72.5115868488014,23.8772211518074,5.72479862893054,9.79981946170096,44.7344090922922,32.4842984215797,0.0,0.0,92.6144642678666,19.1781487362873,71.6147219720279,0.0,5.72479862893054,155.68,222.430342707758,46.5293440724275,13.260657441263,0.0,-11.8260777720689,-5.99968147675737,-26.2629656242344,-30.4649526817209,0.275666170799049,60,3,1289,3347,7.01,533.1,1034.3,2132.3,184.9,2.39,1.88,1.14,0.995,71.1,2109,101.1,607,293,0.1,17.65
1944,C16H28N4O8,14710Tetraazacyclododecane14710tetraethanoicacid,Nd+++,NaCl  ,0,5.33548639498291,1275.45344035852,45.4472292782632,41.0548407057107,13.0548407057107,24.3896235168771,19.9492678967107,6.3162747348552,3.83311148726081,3.83311148726081,1.90678915816999,1.90678915816999,1.10055856829508,1.10055856829508,121.439176287001,19.1781487362873,20.4352327644288,38.6230039770158,404.190713856001,0.571428571428571,0.75,0.892857142857143,0.75,-2.28,28,376.196,5.44622888377949,12.2321473470025,10.768524658446,201.75576471723,12.6245006002069,0.480285804974019,12.6245006002069,0.317204365461923,1.74851534557681,0.317204365461923,-5.45453416320232,-0.480285804974019,-2.45359999999999,96.3032000000001,404.42,4,12,12,4,12,8,160,20.4352327644288,0.0,0.0,0.0,23.8772211518074,38.7777876596892,0.0,0.0,73.9070143732511,36.9535071866256,1,72.5115868488014,23.8772211518074,5.72479862893054,19.5996389234019,0.0,77.9623162117913,0.0,0.0,141.87440905143,19.1781487362873,32.8982053480853,0.0,5.72479862893054,162.16,230.084758350958,43.5039410185204,13.4537594629833,0.0,-11.6327483216115,0.0,0.0,-63.7430438441829,0.338132957835706,60,3,1289,3347,7.01,533.1,1034.3,2132.3,184.9,2.39,1.88,1.14,0.995,71.1,2165,58.4,1074,310,1.0,22.5
1973,C16H30N2O8,141013Tetraoxa716diazacyclooctadecaneNNdiethanoicacid,Nd+++,R4N.X ,0,4.63947792401168,1295.06085823428,45.5520417638778,42.1604135147108,12.1604135147108,24.0232388831848,20.6076271102108,5.79113052928305,3.14130061502199,3.14130061502199,1.52755038871724,1.52755038871724,0.809535968849422,0.809535968849422,113.191470086831,9.58907436814364,29.1650681974146,41.2436388872314,378.200215920001,0.730769230769231,1.03846153846154,1.30769230769231,0.875,-1.3,26,348.182,4.63680671370179,14.8264189197392,12.9772159428911,195.415367074452,12.3256200398022,0.480285798043863,12.3256200398022,0.317205614432567,1.54844870722712,0.317205614432567,-5.04897469932919,-0.480285798043863,-1.16039999999999,91.4276000000001,378.421999999999,2,10,10,2,10,4,152,29.1650681974146,0.0,0.0,0.0,11.9386105759037,19.3888938298446,0.0,0.0,36.9535071866256,92.8807724353665,1,77.1353821383245,11.9386105759037,2.86239931446527,9.79981946170096,0.0,91.453040049226,0.0,0.0,123.409086469045,28.5365261833438,38.3812395727662,0.0,2.86239931446527,118.0,256.16975132232,21.5543426651501,6.69190239388668,0.0,-5.4872065548997,0.0,0.0,-69.0954564931237,0.620002969333164,60,3,1289,3347,7.01,533.1,1034.3,2132.3,184.9,2.39,1.88,1.14,0.995,71.1,884,404.2,253,298,0.1,12.21
2003,C16H32N8O4,14710Tetraazacyclododecane14710tetraacetamide,Nd+++,NaCl  ,0,5.44010087507817,1388.06717868256,48.9282032302755,45.2107019258551,13.2107019258551,25.8803387171258,21.9719141089271,6.39420534492739,3.90389183063368,3.90389183063368,1.92421497233493,1.92421497233493,1.11798438246002,1.11798438246002,144.069541955504,19.1781487362873,0.0,44.1929419747109,400.254651504001,0.571428571428571,0.75,0.892857142857143,0.75,-2.28,28,368.228,4.71753631770264,12.2321473470025,10.768524658446,209.676046522565,12.9983049393909,0.368561523177688,12.9983049393909,0.231101653079992,1.37565094202006,0.231101653079992,-5.575405053225,-0.368561523177688,-4.8508,102.5376,400.484,8,12,8,4,12,8,160,22.8788679029051,0.0,11.2947366266256,23.628718917406,0.0,38.7777876596892,0.0,0.0,73.9070143732511,36.9535071866256,1,63.3710907109982,23.628718917406,0.0,19.5996389234019,0.0,77.9623162117913,0.0,22.8788679029051,121.190674052599,19.1781487362873,32.8982053480853,0.0,0.0,185.32,263.432659330357,44.7248827807209,0.0,-5.50260376808024,-11.7699771184557,0.0,0.0,-65.2182945578752,0.312200551001103,60,3,1289,3347,7.01,533.1,1034.3,2132.3,184.9,2.39,1.88,1.14,0.995,71.1,2165,58.4,1074,298,0.1,10.38
2019,C17H20N3O3F,1Ethyl6fluoro74methylpyperazine1yl4oxo14dihydroquinoline3carboxylicacid,Nd+++,alc/w ,0,2.60651916509087,1439.98032883408,34.7126602806517,31.4443501309007,11.4443501309007,19.3948408276904,15.9720641424141,6.06381585195022,4.30482843892661,4.30482843892661,2.90434300626495,2.90434300626495,1.87711822490698,1.87711822490698,114.453780491703,9.58907436814364,5.10880819110721,27.4756122244668,333.14886972,1.33333333333333,2.125,2.79166666666667,0.411764705882353,-2.41,24,313.203,4.81716583509996,6.23834289807879,2.75299231435216,167.49289566592,16.0506424792139,0.477497024099065,16.0506424792139,0.340722850602156,0.375582010582011,0.340722850602156,-4.18037058043935,-0.477497024099065,1.5686,89.1793,333.363,1,6,6,1,7,5,128,19.8085373836586,11.3903253711152,0.0,5.78324494636494,5.96930528795185,4.79453718407182,0.0,25.9125564329045,60.6728591163415,20.9700824425587,3,45.1327101741599,23.1273227836839,1.43119965723263,4.89990973085048,6.85189211729568,49.2599447835629,35.2146208071609,9.79981946170096,61.2213934781365,4.79453718407182,43.2542933602987,23.833948474418,1.43119965723263,64.09,175.969729147749,23.5454313536142,3.62872114805681,-6.53285275700297,-6.1387535278315,-3.60111540217939,-1.6988568614493,-28.2556364342908,0.924383987788174,60,3,1289,3347,7.01,533.1,1034.3,2132.3,184.9,2.39,1.88,1.14,0.995,71.1,830,130.2,257,295,0.1,5.95
2032,C17H23N4O4BrS,25Bromo2pyridylazo5Npropyl3sulfopropylaminophenol,Nd+++,NaNO3 ,0,3.1707550790894,1682.22201300626,38.6708439173948,34.7080603073284,15.1105534273708,21.9051373972492,17.0872229826099,8.56372467123954,4.07773678495931,5.98310749021245,2.27009357610769,2.99772501978999,1.30567953630242,1.66410776829434,113.017876103719,4.20889849216447,45.3612922011763,30.3380115389321,457.053964704091,1.18518518518519,2.03703703703704,2.81481481481481,0.352941176470588,-1.88,27,436.182,6.31136075024409,9.88228739197139,7.33205476292956,198.284325465538,12.7158518550518,0.505536484781033,12.7158518550518,0.349986576695494,0.219218100125268,0.349986576695494,-5.66923066371114,-0.505536484781033,5.0171,109.5169,458.358,3,8,8,3,10,13,146,10.0087179219577,11.4368981079675,11.5228196629852,0.0,10.4944122895145,0.0,6.85189211729568,50.6814421220964,56.8204080968278,10.9660684493618,2,44.4721805904196,43.616991514666,4.2935989716979,4.98397852094721,19.5977419199544,23.5985859846325,40.8577082649637,4.89990973085048,39.3327239629828,14.703310781679,45.6421544871886,51.0862085162224,2.86239931446527,118.61,195.177613651671,2.67960246436028,11.2186545069432,-7.37890705570261,-2.0916060862465,-5.92782418223021,-9.59837612246345,-13.2672434976022,0.35884587039269,60,3,1289,3347,7.01,533.1,1034.3,2132.3,184.9,2.39,1.88,1.14,0.995,71.1,2257,85.0,581,298,0.1,8.33
2040,C17H24N4O6,36915Tetraazabicyclo931pentadeca1151113triene369triethanoicacid,Nd+++,KCl   ,0,3.64396216389992,1490.94276227421,40.6792800858321,36.738344124783,12.738344124783,22.5014486286774,18.159164518033,6.43441964664136,4.05885060982055,4.05885060982055,2.17730546412745,2.17730546412745,1.36048082228377,1.36048082228377,120.594494327937,14.3836115522155,20.3104030942688,33.0795286512725,380.169584488001,0.851851851851852,1.25925925925926,1.7037037037037,0.529411764705882,-2.56,27,356.209,5.49363108890774,9.95123602326118,7.68662137482651,190.150596665412,12.5786534593687,0.480285804974003,12.5786534593687,0.317215387220951,1.24650807044453,0.317215387220951,-5.13000637755102,-0.480285804974003,-0.744999999999995,94.1384000000001,380.401,3,10,10,3,10,6,148,15.3264245733216,0.0,0.0,0.0,17.9079158638556,34.0673192657141,6.0424187076633,12.0848374153266,55.4302607799384,43.2152620481768,2,58.4959658051118,17.9079158638556,4.2935989716979,19.6837077134986,12.9937193686319,45.4780177902116,29.5151121126868,0.0,98.3960659408875,27.3773309208474,40.1737856692716,18.1272561229899,4.2935989716979,134.51,198.005570511076,36.9201341121733,10.4008118588013,-3.89526313303099,-7.97388111292852,-5.02948049215095,0.0,-43.3445584106066,0.578706890820956,60,3,1289,3347,7.01,533.1,1034.3,2132.3,184.9,2.39,1.88,1.14,0.995,71.1,1984,74.6,1043,298,1.0,20.15
2050,C17H29N3O10,Bis3biscarboxymethylaminopropylmethylammonioethanoate,Nd+++,KNO3  ,0,9.6286480194582,1513.20253377893,49.0769857902601,43.9241236911385,13.9241236911385,26.1389531847431,21.0685508821384,6.52730942981911,4.0351587692011,4.0351587692011,1.85397795052501,1.85397795052501,1.0831451557026,1.0831451557026,122.322790620939,23.9726859203591,25.5440409555361,41.4249621904187,436.192570580091,0.666666666666667,1.03333333333333,1.33333333333333,0.705882352941176,-2.77,30,406.198,5.92526878076815,13.4526395313583,14.2594727557871,215.42904291225,12.9859456136296,0.480285668393403,12.9859456136296,0.35884375948738,1.72382968694111,0.35884375948738,-6.05991795792391,-0.480285668393403,-1.75979999999999,101.0784,436.438,5,13,12,5,13,19,172,30.0270718132307,2.74151711234044,6.49685968431595,0.0,29.8465264397592,28.9779681979882,0.0,0.0,36.7056376206524,66.5183633487312,0,88.2687216378453,29.8465264397592,7.15599828616317,9.79981946170096,12.7458498026588,65.4475640591257,0.0,0.0,135.120981773817,23.9726859203591,47.0148137069143,0.0,7.15599828616317,192.98,236.376027876102,58.932327151799,16.4618997198643,0.0,-14.731290403584,0.0,-11.5863873671089,-54.1192436437389,0.152199649318846,60,3,1289,3347,7.01,533.1,1034.3,2132.3,184.9,2.39,1.88,1.14,0.995,71.1,2109,101.1,607,298,0.1,8.43
2075,C18H18N4,Tris2pyridylmethylamineC5H4NCH23N,Nd+++,KCl   ,0,2.51368685310981,1344.60172843664,30.8589246505937,28.7888543819998,10.7888543819998,18.1097437806276,14.7624611797498,5.76246117974981,3.51246117974981,3.51246117974981,2.05414078649987,2.05414078649987,1.25102549156242,1.25102549156242,109.472817038907,0.0,14.9519355628416,24.673654011064,290.153146576001,0.590909090909091,0.954545454545455,1.31818181818182,0.166666666666667,-2.59,22,272.226,4.23565171988428,7.42733922474681,4.20013241110845,155.348664490878,8.74178476946334,0.285875827585795,8.74178476946334,0.083991423507813,0.387284580498866,0.083991423507813,-3.72256212207105,-0.285875827585795,3.074,85.662,290.37,0,4,4,0,4,6,110,0.0,0.0,0.0,0.0,0.0,19.8518452936921,18.1272561229899,36.2545122459798,46.2338160224135,33.530886658588,3,24.673654011064,0.0,0.0,19.8518452936921,19.4905790529478,0.0,89.9822379859593,0.0,19.8518452936921,19.4905790529478,41.7554379956094,72.900454001414,0.0,41.91,146.87345475407,9.99956097253716,0.0,-3.7279935122197,0.0,-9.14526481445042,-3.08207103372417,-11.1676863662132,0.699427834713485,60,3,1289,3347,7.01,533.1,1034.3,2132.3,184.9,2.39,1.88,1.14,0.995,71.1,1984,74.6,1043,298,1.0,2.54
2088,C18H20N2O6_2,NNEthylenebis22hydroxyphenylglycineHOOCCHC6H4OHNHCH22,Nd+++,KNO3  ,0,3.03499157273889,1448.92441334748,36.0660314317802,32.3439169337831,12.3439169337831,20.9490245936357,15.8965924152469,6.36917206239151,4.12759043859431,4.12759043859431,2.55190154328983,2.55190154328983,1.50455809015714,1.50455809015714,118.55301789908,9.58907436814364,20.4352327644288,27.73910257197,360.13213636,0.807692307692308,1.23076923076923,1.61538461538462,0.222222222222222,-3.1,26,340.206,5.69894770159972,8.83781469129073,4.71437790853322,177.84005788837,12.81954928668,0.507595280744306,12.81954928668,0.324993578892228,1.05010364176535,0.324993578892228,-4.48394853080121,-0.507595280744306,1.2286,92.9726000000001,360.366,6,8,8,6,8,11,138,20.4352327644288,26.3584927599235,0.0,0.0,11.9386105759037,20.2087010747204,36.2545122459798,12.0848374153266,29.6036565767068,13.7075855617022,2,52.038611075612,11.9386105759037,5.72479862893054,10.6196267065768,12.0357849366993,12.9937193686319,59.4662526447003,10.6196267065768,48.2299620234297,9.58907436814364,42.3533077064764,48.3393496613064,2.86239931446527,139.12,159.199572188597,25.6390985733599,13.5085187515283,-3.1356897559044,-7.52835242299372,-18.3819169396513,0.0,-8.96789706160243,0.367097844165864,60,3,1289,3347,7.01,533.1,1034.3,2132.3,184.9,2.39,1.88,1.14,0.995,71.1,2109,101.1,607,298,0.1,17.95
2096,C18H22N4O4,NNBis2pyridylmethyldiaminoethaneNNdiethanoicacid,Nd+++,NaCl  ,0,3.197472372051,1502.62435552759,37.911330893401,34.4218475438553,12.4218475438553,21.4406240096673,17.1190611393552,6.30256455842752,3.81098293463032,3.81098293463032,2.04921497233493,2.04921497233493,1.22839457908499,1.22839457908499,120.707746800807,9.58907436814364,20.1855734241088,30.2775704378697,358.164105184001,0.846153846153846,1.30769230769231,1.73076923076923,0.333333333333333,-2.84,26,336.222,5.33760543539313,10.218947895742,7.36988981456597,182.361200767459,12.4823311314669,0.480285679068979,12.4823311314669,0.31721538722081,1.08387666720957,0.31721538722081,-4.83285950491308,-0.480285679068979,0.950000000000001,94.2996000000001,358.398,2,8,8,2,8,11,138,10.2176163822144,0.0,0.0,0.0,11.9386105759037,29.356850871739,12.0848374153266,24.1696748306532,49.2992976082551,40.8306780323715,2,47.2218618737625,11.9386105759037,2.86239931446527,19.7677765035954,12.9937193686319,25.9874387372638,59.9881586573062,0.0,67.9114421989773,22.5827937367755,38.8030271131013,48.6003026676093,2.86239931446527,106.86,177.795151586775,29.1978589049639,7.03456536051608,-3.25590649329827,-5.03913694597316,-7.55667826003084,-2.53000625317413,-27.1458478997787,0.611386834076029,60,3,1289,3347,7.01,533.1,1034.3,2132.3,184.9,2.39,1.88,1.14,0.995,71.1,2165,58.4,1074,298,0.16,11.99
2099,C18H24N6O9,NNNTris3hydroxyamino3oxopropyl135benzenetricarboxamideC6H3CONHCH2CH2CONHOH3,Nd+++,NaNO3 ,0,4.41395524178733,1581.96533665168,45.5136251889729,39.3575161871745,15.3575161871745,25.4883700603645,18.9429550530379,7.53492860864657,4.65059705845342,4.65059705845342,2.60117459427432,2.60117459427432,1.40535436292584,1.40535436292584,141.218846833201,28.7672231044309,15.6286014631314,33.3260297842204,468.160476348001,0.636363636363636,0.909090909090909,1.15151515151515,0.333333333333333,-4.08,33,444.231,8.04988072528079,14.0711265110648,9.72435366836872,220.651473521028,13.6227582155021,0.351518420544345,13.6227582155021,0.250842200207222,0.989089609681506,0.250842200207222,-4.41596528296532,-0.351518420544345,-2.4375,107.0802,468.423,9,15,9,9,15,15,180,15.9294400598651,0.0,8.4710524699692,22.0151381597524,0.0,44.3958245675623,0.0,18.1272561229899,71.7488109060696,4.11227566851066,1,77.7218543517827,35.443078376109,0.0,32.3488041020749,19.1187747039881,19.4905790529478,34.8176105980809,32.3488041020749,70.5622588921883,14.3836115522155,70.7541190738479,18.1272561229899,0.0,235.29,184.397194825132,77.6479021141136,6.47478111651999,-9.17485313752304,-15.0917162728176,-6.10517884570036,-12.9002339508285,-13.247895848896,0.116833902709141,60,3,1289,3347,7.01,533.1,1034.3,2132.3,184.9,2.39,1.88,1.14,0.995,71.1,2257,85.0,581,298,0.1,16.7
2109,C18H25N3O8,NNBis2aminoethylanilineNNNNtetraethanoicacid,Nd+++,KNO3  ,0,4.87560117361397,1487.26313419961,43.3339806242113,38.6076271102108,13.6076271102108,23.9550076577794,18.7784475034607,6.64545434160526,4.02409449288586,4.02409449288586,2.069985759295,2.069985759295,1.22781281688882,1.22781281688882,126.451307631886,19.1781487362873,20.4352327644288,34.5107283085052,411.164164760001,0.655172413793103,1.0,1.3448275862069,0.444444444444444,-3.18,29,386.211,6.15872015668731,12.3122687019078,10.6604496613584,202.38417644853,12.3644802163557,0.480285662249026,12.3644802163557,0.317218429138789,1.25533446712018,0.317218429138789,-5.15262849584278,-0.480285662249026,-0.564599999999995,102.0782,411.411,4,11,11,4,11,15,160,25.3351424952793,0.0,0.0,0.0,23.8772211518074,28.9779681979882,18.1272561229899,12.0848374153266,37.1578592366282,49.2903341921576,1,68.3993111802908,29.564607426491,5.72479862893054,9.79981946170096,0.0,56.874787205378,30.2120935383165,4.89990973085048,106.087150852465,19.1781487362873,28.7859296795746,30.2120935383165,5.72479862893054,158.92,201.05030239438,45.313561864068,13.5506158641348,-2.06651192575796,-10.7521872866011,-8.16435305955869,0.0,-39.2647611839987,0.292790011054634,60,3,1289,3347,7.01,533.1,1034.3,2132.3,184.9,2.39,1.88,1.14,0.995,71.1,2109,101.1,607,298,0.1,15.1
2126,C18H30N2O11,1471013Pentaoxa1619diazacycloeicosane1421dione1619diethanoicacid,Nd+++,R4N.X ,0,4.69185790950613,1581.82076531256,49.4138490834436,44.3851583861024,14.3851583861024,26.3217862716814,21.6741236911385,6.85762711021078,3.81827764476849,3.81827764476849,1.84627912799988,1.84627912799988,1.01440794054465,1.01440794054465,125.130080662734,19.1781487362873,33.9019311512147,41.2436388872314,450.184959780001,0.774193548387097,1.12903225806452,1.48387096774194,0.777777777777778,-2.32,31,420.201,6.38162247007443,16.3824766891627,15.1774198105866,221.58184073284,13.3457759390121,0.480285663975965,13.3457759390121,0.319738888635815,1.7506118564276,0.319738888635815,-5.42983321835392,-0.480285663975965,-2.09059999999999,102.5266,450.441,2,13,13,2,13,4,178,33.9019311512147,13.1179704858326,0.0,0.0,23.8772211518074,28.9779681979882,0.0,0.0,18.4767535933128,98.2395555428467,1,91.4613194602681,23.8772211518074,2.86239931446527,9.79981946170096,0.0,91.453040049226,0.0,0.0,135.347697044949,42.8624635052875,38.3812395727662,0.0,2.86239931446527,161.37,257.640250804755,48.1685949167311,6.63596414789156,0.0,-12.3595452905796,0.0,0.0,-69.4185979121314,0.448907151129778,60,3,1289,3347,7.01,533.1,1034.3,2132.3,184.9,2.39,1.88,1.14,0.995,71.1,884,404.2,253,298,0.1,9.04
2170,C18H30N4O12,TriethylenetetraaminehexaethanoicacidHOOCCH22NCH2CH2NCH2COOHCH22,Nd+++,R4N.X ,0,9.45677124312915,1614.98962281911,52.0161433790156,45.6878338675662,15.6878338675662,28.1023844677468,21.8322610585661,7.38277131578293,4.40802644439134,4.40802644439134,2.03936334400504,2.03936334400504,1.18313275413013,1.18313275413013,133.377786862904,28.7672231044309,30.6528491466433,41.4854032914811,494.186022400001,0.411764705882353,0.588235294117647,0.794117647058823,0.666666666666667,-3.34,34,464.214,7.57788387632724,16.3004584624764,17.2431997783013,236.386273320622,12.774135109681,0.48028580497401,12.774135109681,0.317218118969234,1.68778225644072,0.317218118969234,-5.7771097096246,-0.48028580497401,-3.29799999999999,111.5748,494.454,6,16,16,6,16,21,194,30.6528491466433,0.0,0.0,0.0,35.8158317277111,48.3668620278328,0.0,0.0,55.4302607799384,55.4302607799384,0,92.3182775991594,35.8158317277111,8.58719794339581,19.5996389234019,0.0,77.9623162117913,0.0,0.0,164.030636009548,28.7672231044309,32.8982053480853,0.0,8.58719794339581,236.76,239.876736087175,67.7479934911632,19.8369948937913,0.0,-17.5793244091117,0.0,0.0,-63.8824000630179,0.091572993842189,60,3,1289,3347,7.01,533.1,1034.3,2132.3,184.9,2.39,1.88,1.14,0.995,71.1,884,404.2,253,303,0.01,19.5
2190,C18H32N4O8,14811Tetraazacyclotetradecane14811tetraethanoicacid,Nd+++,NaCl  ,0,5.49763485728813,1510.74220619397,50.4472292782632,46.0548407057107,14.0548407057107,26.8896235168771,22.4492678967107,6.8162747348552,4.08311148726081,4.08311148726081,2.03039595591996,2.03039595591996,1.17416536604506,1.17416536604506,134.185026089659,19.1781487362873,20.4352327644288,44.1060382016967,432.222013984001,0.566666666666667,0.8,1.0,0.777777777777778,-2.28,30,400.218,5.54915090695628,13.8533715384934,12.3181360563497,220.105530946694,12.742833551428,0.480285809442321,12.742833551428,0.31720356693421,1.86226469042622,0.31720356693421,-5.61663365048219,-0.480285809442321,-1.67339999999999,105.5372,432.474,4,12,12,4,12,8,172,20.4352327644288,0.0,0.0,0.0,23.8772211518074,38.7777876596892,0.0,12.7458498026588,79.3900485979319,36.9535071866256,1,77.9946210734823,23.8772211518074,5.72479862893054,19.5996389234019,12.7458498026588,77.9623162117913,0.0,0.0,141.87440905143,19.1781487362873,51.127089375425,0.0,5.72479862893054,162.16,265.88872062727,43.5222754440073,13.42191808775,0.0,-11.984759073393,0.0,-11.1887999181154,-65.4926885008525,0.345300975982549,60,3,1289,3347,7.01,533.1,1034.3,2132.3,184.9,2.39,1.88,1.14,0.995,71.1,2165,58.4,1074,353,1.0,14.51
2203,C18H34N2O8,141013Tetraoxa716diazacyclooctadecane716di3propanoicacid,Nd+++,R4N.X ,0,4.7897393379589,1480.78152756156,50.5520417638778,47.1604135147108,13.1604135147108,26.5232388831848,23.1076271102108,6.29113052928305,3.39130061502199,3.39130061502199,1.66090374698911,1.66090374698911,0.830052274806884,0.830052274806884,125.937319889489,9.58907436814364,29.1650681974146,46.7266731119123,406.231516048001,0.714285714285714,1.03571428571429,1.32142857142857,0.888888888888889,-1.3,28,372.204,4.78630231049616,16.6360523719085,14.7203079077762,213.765133303916,12.2420586465737,0.481195047273496,12.2420586465737,0.304143236657344,1.69676840213335,0.304143236657344,-5.25444421931045,-0.481195047273496,-0.380199999999993,100.6616,406.476,2,10,10,2,10,6,164,29.1650681974146,0.0,0.0,0.0,11.9386105759037,19.3888938298446,0.0,0.0,60.9132950046192,87.1498686447125,1,82.6184163630053,11.9386105759037,2.86239931446527,9.79981946170096,12.7458498026588,91.453040049226,0.0,0.0,123.409086469045,28.5365261833438,56.6101236001059,0.0,2.86239931446527,118.0,291.429169102515,21.0905804888806,6.63333372950671,0.0,-5.48568426936935,0.0,-9.47379568326547,-71.8602700349344,0.604180706058216,60,3,1289,3347,7.01,533.1,1034.3,2132.3,184.9,2.39,1.88,1.14,0.995,71.1,884,404.2,253,298,0.1,7.4
2215,C18H34N4O9,1023Dihydroxy1hydroxymethylpropyl14710tetraazacyclododecane147triethanoicac,Nd+++,NaCl  ,0,5.73380238869563,1717.16673692737,52.7840925714467,48.4630889961746,14.4630889961746,28.3402235567818,23.4698886228703,7.02039888008713,4.3157056980344,4.3157056980344,2.33175403207309,2.33175403207309,1.30704811004077,1.30704811004077,134.188892295865,14.3836115522155,30.6528491466433,46.968437516162,450.232578668001,0.645161290322581,1.03225806451613,1.35483870967742,0.833333333333333,-1.87,31,416.217,5.78373478862293,14.2408433479705,10.8209560559589,228.515757867632,12.9208422150081,0.480285804974019,12.9208422150081,0.317204365461923,1.85218520919617,0.317204365461923,-5.95564810878056,-0.480285804974019,-3.82409999999999,107.7668,450.489,6,13,13,6,13,13,180,30.6528491466433,0.0,0.0,4.2935989716979,17.9079158638556,33.9832504756174,0.0,0.0,73.9070143732511,61.1555627081227,1,83.4177002716249,17.9079158638556,8.58719794339581,19.5996389234019,12.0979104952996,84.583427013308,0.0,0.0,169.135340414206,14.3836115522155,38.3812395727662,0.0,4.2935989716979,185.55,284.355109188281,30.8431434185329,21.0823642757252,0.0,-9.13115838984099,-5.83988707908554,-5.3940013772218,-72.1655700363911,0.190288210297331,60,3,1289,3347,7.01,533.1,1034.3,2132.3,184.9,2.39,1.88,1.14,0.995,71.1,2165,58.4,1074,298,0.1,18.3
2232,C18H40N2O10P2,141013Tetraoxa716diazacyclooctadecane716diyldimethylenediphosphonicacidbisEtester,Nd+++,R4N.X ,0,4.89690662492722,1832.58817726419,58.8115547878716,54.8713372866385,16.6601916686383,30.5960118382478,26.7420375302572,10.0108583703501,3.9244133442136,6.67943402189396,1.89796376374557,3.45115248097229,1.02111133317284,2.03301723123976,142.748315694011,9.13009656986266,37.7863309366618,54.9512244489337,506.215818740001,0.6875,1.03125,1.3125,1.0,0.06,32,466.15,5.9563183993602,17.4886994371149,15.818245308024,247.024883396545,13.9299366936085,0.37772990068585,13.9299366936085,0.341489211916219,1.90358535169698,0.341489211916219,-7.24699679637629,-0.37772990068585,1.0292,119.0586,506.469999999999,2,12,12,2,14,12,192,37.7863309366618,12.4758961777157,0.0,2.86239931446527,15.1915246535758,18.9299160315636,0.0,13.7037842345914,45.1780585236469,98.4880577772481,1,99.0052526409928,15.1915246535758,2.86239931446527,9.79981946170096,13.7037842345914,104.053187344142,0.0,0.0,126.506790918347,37.1250427084865,65.7926093690598,0.0,0.0,136.46,374.346369525771,3.28020212373991,0.0,0.0,0.0,0.0,-10.9491273222578,-82.0723396233898,0.455098793266659,60,3,1289,3347,7.01,533.1,1034.3,2132.3,184.9,2.39,1.88,1.14,0.995,71.1,884,404.2,253,298,0.1,7.74
2238,C19H14O7S,PyrocatecholViolet334Dihydroxyphenyl3hydroxy4oxo25cyclohexadien1ylidenemethylb,Nd+++,NaClO4,0,2.91180632586606,1715.5730317942,31.2980822393491,26.7659863237109,13.5824829046386,19.0462534824117,13.4036138880151,8.17886901662352,4.84974487139159,6.16624145231932,3.14467473272114,3.95086095056904,2.04471725415588,2.62384139938781,120.781302054423,13.2123341684008,19.8814552432785,19.4323841906327,386.046023788,0.814814814814815,1.55555555555556,2.2962962962963,0.0,-3.36,27,372.269,7.71139635121747,6.74720093352789,3.61679039960256,174.157579277786,12.8630794841148,0.504259628011812,12.8630794841148,0.294634932967518,0.959387217078189,0.294634932967518,-5.46294388280003,-0.504259628011812,2.7272,96.9090000000001,386.381,4,7,7,4,8,7,138,15.3264245733216,4.89548347551778,17.258188538224,7.21444460359757,0.0,9.34956785402869,30.2217465766887,46.9410601668965,5.563451491697,13.7075855617022,3,46.8013749733815,21.4744763354678,5.72479862893054,0.0,4.89548347551778,0.0,82.9123185768692,0.0,36.9448964884376,14.9126640431054,24.8344885450962,76.680899068993,8.43550384453454,132.13,140.768595017246,10.9210777206633,12.5873000718117,-4.52358134920635,-4.6754220178404,-12.0316922265412,0.0,0.0,0.470872869568037,60,3,1289,3347,7.01,533.1,1034.3,2132.3,184.9,2.39,1.88,1.14,0.995,71.1,2499,122.4,403,303,0.2,8.9
2262,C20H13N3O7S,11Hydroxy2naphthylazo6nitro2naphthol4sulfonicacid,Nd+++,NaClO4,0,2.25693686718063,2095.47980460635,33.1598895589149,27.6076271102108,15.4241236911385,20.4914119275454,14.0730860720074,9.25658949107971,5.69442675926271,7.01092334019044,3.82342146527891,4.6296076831268,2.50062445217862,3.12141526407722,130.46718780848,18.5321152530945,25.0011473034301,18.0011845334001,439.047420756,0.774193548387097,1.45161290322581,2.16129032258064,0.0,-4.09,31,426.301,9.81141158693837,7.30607291474338,3.62651042391334,192.693310747016,12.6185329457556,0.505545580744498,12.6185329457556,0.294780678335904,0.514186867982516,0.294780678335904,-5.34516307676788,-0.505545580744498,4.9745,111.8706,439.405,3,10,9,3,11,7,156,10.2176163822144,22.0197678581688,5.74951183328391,1.43119965723263,0.0,14.6693489387224,30.2120935383165,17.4710616297914,34.2859287663843,18.6308966105199,4,41.8213406470201,48.7251825409434,4.2935989716979,0.0,4.89548347551778,0.0,70.5385053453985,0.0,30.9761543997832,10.1181268590336,13.7075855617022,75.5481708034095,22.9760965150918,162.69,132.497498753911,8.92637367805391,24.6980312683235,-3.17654800063938,-1.96009419462612,-9.89009842825468,0.0,0.0,0.174731922257731,60,3,1289,3347,7.01,533.1,1034.3,2132.3,184.9,2.39,1.88,1.14,0.995,71.1,2499,122.4,403,303,0.1,11.1
2272,C20H14N2O11S3,34Sulfonaphthylazochromotropicacid,Nd+++,NaClO4,0,2.35065544613262,2520.12090140372,37.9967528520984,30.609903257494,19.0593930002772,23.1246983993924,15.2090757739789,12.8925791930512,6.53020675735541,10.4796965001386,4.28419906210878,6.58992066333807,2.85166180328696,4.4729337276215,143.841292446418,25.2533909529868,34.1112086433438,19.4928252916952,553.975972268,0.5,1.08333333333333,1.75,0.0,-3.67,36,540.424,13.0408008719641,8.47073826187241,4.59791143262754,222.87591806102,12.9854346735227,0.507116837821249,12.9854346735227,0.296414795454887,0.958274537204808,0.296414795454887,-5.60174247141847,-0.507116837821249,3.5597,124.8454,554.536000000001,5,13,13,5,16,10,188,10.2176163822144,21.227865059003,5.74951183328391,4.2935989716979,0.0,13.6650920098706,24.1696748306532,29.555899045118,16.8148671365929,28.3059209701981,4,61.4729263506039,63.274049984327,7.15599828616317,0.0,14.6864504265533,0.0,54.3817683689697,0.0,51.9984986595371,30.3543805771007,12.336827005532,79.2967190467818,25.8384958295571,228.29,197.123663524678,-4.52451766924877,11.6146104484523,-2.47935594206946,-2.5604508221025,-11.321894068431,0.0,0.0,0.176784567693571,60,3,1289,3347,7.01,533.1,1034.3,2132.3,184.9,2.39,1.88,1.14,0.995,71.1,2499,122.4,403,298,0.1,5.73
2281,C20H14N2O5S,11Hydroxy2naphthylazo2naphthol4sulfonicacidMordantBlack3EriochromeblueblackB,Nd+++,NaClO4,0,2.22647997916264,1987.84178235551,31.5825392897253,27.3439169337831,14.1604135147108,19.5807283250224,13.9843309025873,8.66783432165962,5.21371017642768,6.53020675735541,3.52904388056886,4.33523009841676,2.32548481010486,2.94627562200345,125.898909192642,8.41779698432894,25.0011473034301,19.3719430895703,394.062342548,0.642857142857143,1.25,1.96428571428571,0.0,-3.49,28,380.296,7.86218217655697,6.59206391001805,3.04225854460573,179.445305524684,12.5573084559597,0.505545581166577,12.5573084559597,0.2947762807768,0.471903830507171,0.2947762807768,-5.18019709037332,-0.505545581166577,5.0663,105.2162,394.408,3,7,7,3,8,6,140,10.2176163822144,22.0197678581688,5.74951183328391,1.43119965723263,0.0,4.55503066995687,54.3817683689697,11.4286429221281,22.2010913510577,15.0783441178724,4,38.2687881543727,43.0377962662599,4.2935989716979,0.0,4.89548347551778,0.0,66.4666057842962,0.0,26.0528433509655,10.1181268590336,15.0783441178724,81.5905895110728,22.9760965150918,119.55,140.33119626847,-1.24332660199307,13.7709561125467,-1.60368468915344,-1.79649774778292,-9.52844625171364,0.0,0.0,0.331075019974897,60,3,1289,3347,7.01,533.1,1034.3,2132.3,184.9,2.39,1.88,1.14,0.995,71.1,2499,122.4,403,303,0.1,12.47
2285,C20H22N4O4,NNDipropionicacid2yl29diaminomethylphenanthroline,Nd+++,KNO3  ,0,2.56521947273689,1767.67942958618,39.0660314317802,35.4218475438553,13.4218475438553,22.446607073811,17.8162747348552,7.10535096292756,4.83737613688034,4.83737613688034,3.00333911756686,3.00333911756686,1.81661598335494,1.81661598335494,130.739743922242,9.58907436814364,20.1855734241088,30.3597374821856,382.164105184001,0.857142857142857,1.28571428571429,1.67857142857143,0.3,-3.1,28,360.244,5.94808862458755,8.28265673634195,4.41085337006679,192.363605916152,12.2439967080479,0.480088450055228,12.2439967080479,0.319911948817988,0.823063111314825,0.319911948817988,-4.01741843551185,-0.480088450055228,1.9084,104.919,382.42,4,8,8,4,8,10,146,10.2176163822144,14.8594690933557,0.0,0.0,11.9386105759037,20.2087010747204,24.1696748306532,25.7886216499179,37.4737533592637,33.3873258742912,3,47.3040289180785,33.7444604400658,2.86239931446527,20.5875837484712,38.7332885399225,0.0,47.6423682356767,10.6196267065768,44.1599689367118,22.5827937367755,49.7652942353523,36.2545122459798,24.6682491786274,124.44,175.795786523993,32.0440893451953,3.79469591275976,-4.76809727978785,-4.55616716912165,-14.954212584583,0.0,-15.5227614151224,0.435593971478053,60,3,1289,3347,7.01,533.1,1034.3,2132.3,184.9,2.39,1.88,1.14,0.995,71.1,2109,101.1,607,298,0.1,17.69
2300,C20H24N2O6,NNDi2hydroxybenzyldiaminoethaneNNdiethanoicacid,Nd+++,KNO3  ,0,3.33751879809228,1628.51390414745,41.0660314317802,37.3439169337831,13.3439169337831,23.371674324446,18.4493788197469,6.81638565789146,4.32480403409427,4.32480403409427,2.43318759468287,2.43318759468287,1.43339509984724,1.43339509984724,131.684864454769,9.58907436814364,20.4352327644288,33.1399697523349,388.163436488001,0.75,1.17857142857143,1.57142857142857,0.3,-3.1,28,364.228,5.71207705993149,10.2900624789616,6.89886935383572,196.493653826549,12.6450687159023,0.507623841140039,12.6450687159023,0.317214467280743,1.20224085542266,0.317214467280743,-4.98603186413455,-0.507623841140039,1.5712,102.0392,388.42,4,8,8,4,8,13,150,20.4352327644288,11.4990236665678,0.0,0.0,11.9386105759037,19.3888938298446,36.2545122459798,12.0848374153266,48.0804101700196,29.4428220426745,2,57.439478255977,11.9386105759037,5.72479862893054,9.79981946170096,12.9937193686319,25.9874387372638,59.4662526447003,0.0,71.0235008537626,22.5827937367755,38.5420741067984,48.3393496613064,2.86239931446527,121.54,195.45412810538,22.8649301482738,15.302757460901,-3.47215517540554,-8.24878911464569,-10.981219433644,0.0,-28.0863186575263,0.457678141294558,60,3,1289,3347,7.01,533.1,1034.3,2132.3,184.9,2.39,1.88,1.14,0.995,71.1,2109,101.1,607,293,0.1,18.32
2310,C20H24O12S2,231112Dibenzo147101316hexaoxacyclooctadeca211diene44disulfonicacid,Nd+++,R4N.X ,0,2.55838235048433,2043.94984700419,45.5850574797679,39.7154760664941,17.3484692283495,25.6241925144887,19.6742346141748,10.6742346141748,5.06186217847897,7.69485534033443,2.92886901662352,4.33711730708738,1.68213221128641,2.46958968985167,141.751662191548,16.8355939686579,18.5837872475138,51.9665393654103,520.070918208,0.558823529411765,0.882352941176471,1.20588235294118,0.4,-2.62,34,496.342,8.79644902827195,11.6815706427524,7.71561716997543,230.233379004609,12.4663964010777,0.487295960252011,12.4663964010777,0.294154403878478,1.74328963538391,0.294154403878478,-5.64635825042921,-0.487295960252011,1.4422,116.1312,520.534,2,12,12,2,14,4,188,28.4211777228003,26.2359409716652,22.9980473331356,2.86239931446527,0.0,9.11006133991374,0.0,24.1696748306532,12.0848374153266,66.1835961584456,3,84.5235212671167,20.2362537180671,2.86239931446527,0.0,9.79096695103555,52.4718819433303,36.2545122459798,18.9474518152002,78.4175372519019,29.7099796256672,30.1566882357448,46.0454791970153,2.86239931446527,164.12,277.484684594212,-3.70653968262865,0.0,0.0,-7.79903884129555,-10.9547219279512,0.0,-35.8983343081446,0.548455104286628,60,3,1289,3347,7.01,533.1,1034.3,2132.3,184.9,2.39,1.88,1.14,0.995,71.1,884,404.2,253,298,0.12,1.88
2326,C20H35N5O10_1,147Triscarboxymethyl1316dioxa1471019pentaazacycloheneicosa920dione,Nd+++,KCl   ,0,5.22291769525691,1908.45666701661,56.809036597829,51.3185508821384,16.3185508821384,30.3371994818354,24.9755501759244,7.85637811353291,4.54472477545832,4.54472477545832,2.22335075702865,2.22335075702865,1.25223606092727,1.25223606092727,152.743028720827,23.9726859203591,24.8001504809217,48.2400398134609,505.238392320001,0.714285714285714,1.08571428571429,1.48571428571429,0.75,-2.85,35,470.245,6.91839008033159,17.5655432073684,16.4196565959842,252.014039186214,13.8365250839982,0.480285804974003,13.8365250839982,0.317217248544332,1.74596045232792,0.317217248544332,-5.78553486706896,-0.480285804974003,-3.57459999999999,119.8848,505.525,5,15,13,5,15,6,200,35.4197771874985,0.0,2.8236841566564,11.814359458703,17.9079158638556,38.6724151129105,0.0,0.0,49.9472265552575,88.8769276289897,1,92.7192772430438,29.7222753225586,4.2935989716979,25.3193558991282,0.0,97.7013974991406,0.0,10.6196267065768,157.449826587572,33.4464118279592,41.1227566851066,0.0,4.2935989716979,198.28,293.296917948317,60.2345275491088,6.50247341386757,0.0,-15.9820480315378,0.0,0.0,-79.4685375464224,0.237683057734119,60,3,1289,3347,7.01,533.1,1034.3,2132.3,184.9,2.39,1.88,1.14,0.995,71.1,1984,74.6,1043,298,0.08,17.0
2340,C20H35N5O10_2,1471013PentaazacyclopentadecaneNNNNNpentaethanoicacid,Nd+++,NaNO3 ,0,5.82360391092709,1639.38673373238,56.809036597829,51.3185508821384,16.3185508821384,30.4870293960964,24.9365848708883,7.895343418569,4.79138935907601,4.79138935907601,2.38348644771248,2.38348644771248,1.37569821036885,1.37569821036885,151.798970358751,23.9726859203591,25.5440409555361,48.2787549712698,505.238392320001,0.457142857142857,0.6,0.714285714285714,0.75,-2.85,35,470.245,6.91839008033159,15.9381359151986,14.8984130703062,251.852586456561,12.9683470948526,0.480285804974019,12.9683470948526,0.317204365461923,2.02125947989134,0.317204365461923,-5.84735704160759,-0.480285804974019,-3.06699999999999,120.379,505.525,5,15,15,5,15,10,200,25.5440409555361,0.0,0.0,0.0,29.8465264397592,48.4722345746115,0.0,0.0,92.3837679665638,46.191883983282,1,90.6394835610017,29.8465264397592,7.15599828616317,24.4995486542524,0.0,97.4528952647392,0.0,0.0,177.343011314287,23.9726859203591,41.1227566851066,0.0,7.15599828616317,202.7,294.012595759555,54.7354380748063,16.7804667539908,0.0,-15.6729197366746,0.0,0.0,-85.2722475183447,0.199883329689977,60,3,1289,3347,7.01,533.1,1034.3,2132.3,184.9,2.39,1.88,1.14,0.995,71.1,2257,85.0,581,298,0.2,14.85
2346,C20H37N5O10,NNBis2methoxyethylcarbamoylmethyldiethylenetriamine,Nd+++,NaClO4,0,9.1614794560489,1899.39703699045,58.809036597829,53.3185508821384,16.3185508821384,31.0871994818354,25.7255501759244,7.60637811353291,4.34060063022639,4.34060063022639,2.07962201774602,2.07962201774602,1.15953835795262,1.15953835795262,153.70096315276,23.9726859203591,24.8001504809217,50.9815569258014,507.254042384001,0.571428571428571,0.942857142857143,1.31428571428571,0.75,-2.85,35,470.245,6.71684550124369,19.4555538855556,19.1786278935384,255.829811340079,13.6530974452488,0.480285804974003,13.6530974452488,0.317217248544332,1.6437724462149,0.317217248544332,-5.8310113166101,-0.480285804974003,-3.32859999999999,121.9988,507.541,5,15,13,5,15,24,202,35.4197771874985,0.0,2.8236841566564,11.814359458703,17.9079158638556,38.6724151129105,0.0,0.0,64.0231314730226,78.5004742554976,0,95.4607943553842,29.7222753225586,4.2935989716979,25.3193558991282,0.0,98.6593319310732,0.0,10.6196267065768,158.407761019505,33.4464118279592,43.8642737974471,0.0,4.2935989716979,198.28,300.306711565201,59.7729042916536,6.66499885747831,0.0,-15.8892980261643,0.0,0.0,-68.2827592850132,0.091277831414633,60,3,1289,3347,7.01,533.1,1034.3,2132.3,184.9,2.39,1.88,1.14,0.995,71.1,2499,122.4,403,298,0.1,15.66
2365,C22H17N4O14ClP2S2,27Bis4chloro2phosphophenylazochromotropicacid,Nd+++,NaClO4,0,2.38793987705199,2735.80061850442,47.1869872964103,37.5932186934308,24.7709951833045,28.8225342327774,18.3585510426534,16.8723431939001,7.90030404740119,13.795561179276,5.06674001453897,8.99230125602929,3.32090486637451,6.23060634428223,160.253243992099,25.9656905385205,59.3674478207217,35.3873641536256,721.934644164001,0.577777777777778,1.0,1.44444444444444,0.0,-3.65,45,705.791000000001,17.8868332327043,11.9359211609082,6.95825717467475,280.950493913044,13.2715488831952,0.504800547041821,13.2715488831952,0.357968550391224,1.16618828751509,0.357968550391224,-5.76749388217874,-0.504800547041821,3.83460000000001,156.509,722.927000000001,8,18,18,8,23,16,238,29.8003859782903,26.8531257750862,17.1864099412514,8.58719794339581,15.1915246535758,18.2401579097764,35.7706147208857,30.2120935383165,5.3862242144648,33.3547643262159,4,77.2129648622566,91.1597915820171,11.4495972578611,0.0,9.79096695103555,0.0,59.404401682711,10.6090797924778,64.3332392302578,29.3663502879298,12.336827005532,84.6297358225228,13.6348477433949,313.7,218.950299609372,12.2658473215023,16.1365959614873,-5.72936447698848,-2.96704165674704,-11.5025027601726,0.0,0.0,0.072793565972592,60,3,1289,3347,7.01,533.1,1034.3,2132.3,184.9,2.39,1.88,1.14,0.995,71.1,2499,122.4,403,298,1.0,9.28
2369,C22H19N3O4S,N34DiMe5isoxazolyl42hydroxy1naphthalenylmethyleneaminobenzenesulfonamide,Nd+++,NaClO4,0,2.00531393533958,2166.19299260897,37.4527827777283,33.3828822388192,15.1993788197469,22.3312520021606,17.060743217663,9.1453446604998,5.38314886670302,6.92410402265826,3.46907921422648,4.59529186221183,2.08539482215222,2.87962318079954,144.866877489621,8.41779698432894,19.7809711178417,26.1459371904546,421.109627088001,1.13333333333333,1.9,2.63333333333333,0.090909090909091,-3.65,30,402.326,7.24341870132148,7.64167646412098,3.76904470573874,200.126776664976,13.4991358012627,0.507251124911466,13.4991358012627,0.293127581527118,0.57520852204651,0.293127581527118,-5.63223080963372,-0.507251124911466,4.70164000000001,116.0943,421.478,2,7,6,2,8,8,152,9.63190312808056,5.74951183328391,1.4118420783282,5.88418220186101,0.0,4.99240473263567,35.3687567954419,54.6883262018374,25.5421065391523,31.3551418629222,4,42.7644376456315,38.5579602776187,1.43119965723263,5.15666325712545,18.5992677101091,4.71511961373413,77.2450180548754,4.71511961373413,26.3051203085312,10.0232911534076,40.1237264331362,74.8351702217597,10.7724484289296,104.79,182.783711324542,2.15823134197052,6.30204721346963,-4.33127750240995,-2.34161618682036,-10.3718935506781,-1.16159292924098,-6.65537890119893,0.454502722856886,60,3,1289,3347,7.01,533.1,1034.3,2132.3,184.9,2.39,1.88,1.14,0.995,71.1,2499,122.4,403,298,0.1,6.87
2378,C22H24N2O10,12Bis2aminophenoxyethaneNNNNtetraethanoicacid,Nd+++,KNO3  ,0,3.16095438692147,1802.24791082339,45.6349455325326,39.9769100956385,15.9769100956385,26.1392946224166,19.6741236911385,8.04113052928305,5.03157407943864,5.03157407943864,2.87644648308403,2.87644648308403,1.83985058937341,1.83985058937341,143.995595713846,19.1781487362873,20.4352327644288,42.6136956599351,476.143094968001,0.588235294117647,0.911764705882353,1.23529411764706,0.272727272727273,-4.48,34,452.246,8.07799725369516,12.5294408618917,8.22155345124167,227.773672714443,12.3978660034667,0.487863566807497,12.3978660034667,0.322615422110048,0.84923191089948,0.322615422110048,-4.49231438177123,-0.487863566807497,1.0956,118.8432,476.438,4,12,12,4,12,15,182,39.7087781337299,50.6044328896642,0.0,0.0,23.8772211518074,19.1781487362873,24.1696748306532,24.1696748306532,0.0,38.7899436727715,2,76.5022785317206,35.2519937011745,5.72479862893054,0.0,0.0,48.9052286847973,48.3393496613064,19.2735453693011,83.4178631393326,19.1781487362873,27.4151711234044,48.3393496613064,5.72479862893054,174.14,201.196948244527,47.893000192068,14.0661170674027,-3.76079216622826,-13.5680245671287,-12.5726737503785,0.0,-26.0879083535956,0.269851847804066,60,3,1289,3347,7.01,533.1,1034.3,2132.3,184.9,2.39,1.88,1.14,0.995,71.1,2109,101.1,607,298,0.1,10.88
2394,C22H26N4O10,12BisoaminophenoxyethaneNNNNtetraethanoicacidHOOCCH22NCHOC6H4NH22,Nd+++,R4N.X ,0,3.91069747194929,1914.64173048159,48.7896460709118,42.8713372866385,16.8713372866385,28.0260459683647,20.9101916686383,8.48834412478301,5.43775506302367,5.43775506302367,3.06798805700416,3.06798805700416,1.92394521795979,1.92394521795979,154.724964799339,21.9196658486277,20.4352327644288,42.778029748567,506.164893032001,0.611111111111111,0.944444444444444,1.25,0.272727272727273,-4.56,36,480.26,8.53004690045214,12.7774330489982,8.33804223887555,241.495621637757,13.0697811102938,0.480284262843394,13.0697811102938,0.317337673846264,0.806691161989233,0.317337673846264,-5.65348273337113,-0.480284262843394,-0.096599999999998,124.23,506.468,8,14,14,6,14,17,194,41.3483926234815,37.4864624038316,5.6473683133128,12.4079056198731,23.8772211518074,19.1781487362873,24.1696748306532,24.1696748306532,0.0,36.0484265604311,2,79.408129732693,35.2519937011745,5.72479862893054,9.79981946170096,12.4079056198731,37.4268726887163,48.3393496613064,20.9131598590526,92.5076177350741,19.1781487362873,24.673654011064,48.3393496613064,5.72479862893054,226.18,223.053084983169,49.082268810034,14.0904225958826,-5.08245854450851,-15.7325951008401,-12.7563137038865,-11.3069654667423,-20.1807769064416,0.136986204679515,60,3,1289,3347,7.01,533.1,1034.3,2132.3,184.9,2.39,1.88,1.14,0.995,71.1,884,404.2,253,298,0.1,11.01
2405,C22H28O13S2,231112Dibenzo14710131619heptaoxacycloheneicosa211diene44disulfonicacid,Nd+++,R4N.X ,0,2.5868823580863,2427.68879799996,51.2921642609544,45.123724356958,18.7567175188134,28.5812992956752,22.3324829046386,11.3324829046386,5.36804839632687,8.00104155818232,3.07259775590615,4.48084604637002,1.74931439610707,2.53677187467233,154.869632677381,16.8355939686579,32.794376108914,47.9758476824911,564.097132956001,0.513513513513513,0.810810810810811,1.13513513513514,0.454545454545455,-2.66,37,536.363,9.22081627281397,13.7600244061478,9.62123295532472,253.69669046358,12.5702470246605,0.487295969196671,12.5702470246605,0.294154403878478,1.81449680913885,0.294154403878478,-5.74153090012126,-0.487295969196671,1.4588,126.9502,564.587000000001,2,13,13,2,15,4,206,33.1580406766003,26.2359409716652,22.9980473331356,2.86239931446527,0.0,9.11006133991374,0.0,24.1696748306532,12.0848374153266,84.784600868959,3,94.7434184455976,20.2362537180671,2.86239931446527,0.0,9.79096695103555,65.5898524291629,36.2545122459798,18.9474518152002,91.5355077377345,34.4468425794673,35.6397224604257,46.0454791970153,2.86239931446527,173.35,315.090790439291,-3.86685023345025,0.0,0.0,-8.22931157734983,-11.4678691203453,0.0,-46.21072072233,0.502381155071946,60,3,1289,3347,7.01,533.1,1034.3,2132.3,184.9,2.39,1.88,1.14,0.995,71.1,884,404.2,253,298,0.12,2.14
2419,C22H30N4,NNBis11dimethylethyl110phenanthroline29dimethanamine,Nd+++,NaClO4,0,2.6734091121824,1813.34937428965,44.4971173310279,42.7888543819998,12.7888543819998,24.4838461229413,21.6832815729997,6.78885438199983,4.98606797749979,4.98606797749979,2.72844418537486,2.72844418537486,1.7812305898749,1.7812305898749,145.250767383588,0.0,9.96795704189442,41.2049237294226,350.247046960001,0.653846153846154,1.03846153846154,1.42307692307692,0.454545454545455,-2.04,26,320.27,4.03343599354384,6.93402808213619,4.77267967730905,198.248401925553,8.67044993239618,0.306443911122648,8.67044993239618,0.123119475758104,0.932406620055428,0.123119475758104,-4.38514597277923,-0.306443911122648,4.5592,110.2294,350.51,2,4,4,2,4,4,138,10.6196267065768,2.8236841566564,0.0,0.0,0.0,0.0,24.1696748306532,53.1961901191007,65.0007065380731,30.6458087619508,3,41.2049237294226,21.8058498641621,0.0,20.5875837484712,65.1829225771727,0.0,47.6423682356767,10.6196267065768,21.0458075466611,12.9937193686319,90.8804482662371,36.2545122459798,21.8058498641621,49.84,244.155306951111,7.5298934712774,-3.85167345799491,-14.1331225563892,0.0,-7.58980144197768,0.0,-33.6106029660267,0.677391270492598,60,3,1289,3347,7.01,533.1,1034.3,2132.3,184.9,2.39,1.88,1.14,0.995,71.1,2499,122.4,403,298,0.1,8.08
2451,C22H37N5O14,Tetraethylenepentamineheptaethanoicacid,Nd+++,R4N.X ,0,10.0352193538929,2088.66174808375,63.3779506985813,55.9515440439939,18.9515440439939,34.1997903469661,26.8195780327438,8.96183999949673,5.36630431620654,5.36630431620654,2.51606063354754,2.51606063354754,1.4582723962039,1.4582723962039,163.737580934655,33.5617602885028,35.7616573377505,51.1411542857351,595.233700864001,0.341463414634146,0.487804878048781,0.658536585365854,0.681818181818182,-3.91,41,558.263,9.04304461888655,20.0399317261881,21.5754909499996,286.483095059954,13.1042494505352,0.480285804974019,13.1042494505352,0.317218118969234,1.78088384041218,0.317218118969234,-6.0688643335931,-0.480285804974019,-3.9114,135.6506,595.559000000002,7,19,19,7,19,26,234,35.7616573377505,0.0,0.0,0.0,41.7851370156629,58.0613089427551,0.0,0.0,73.9070143732511,64.6686375765947,0,110.44617431136,41.7851370156629,10.0183976006284,24.4995486542524,0.0,97.4528952647392,0.0,0.0,199.499238272405,33.5617602885028,41.1227566851066,0.0,10.0183976006284,277.3,301.649172769633,79.1845716049799,23.1416491251054,0.0,-21.4687242461488,0.0,0.0,-83.5900025869024,0.050265218983256,60,3,1289,3347,7.01,533.1,1034.3,2132.3,184.9,2.39,1.88,1.14,0.995,71.1,884,404.2,253,303,0.01,20.16
2458,C22H40N4O8,571214Tetramethyl14811tetraazacyclotetradecaneNNNNtetraethanoicacid,Nd+++,KNO3  ,0,6.33303297074377,1864.47402585989,60.4472292782632,56.0548407057107,16.0548407057107,31.8896235168771,27.4492678967107,7.8162747348552,5.03032508276077,5.03032508276077,2.72760955141992,2.72760955141992,1.57207556267003,1.57207556267003,159.676725694977,24.6611829609682,20.4352327644288,49.5890724263776,488.284614240001,0.558823529411765,0.794117647058823,0.970588235294117,0.818181818181818,-2.28,34,448.262,5.81962551895906,14.1957556403596,10.7650687125022,256.805063405623,13.2810717202608,0.480285694141355,13.2810717202608,0.317213158554658,2.24012218759175,0.317213158554658,-6.32790690350215,-0.480285694141355,-0.119399999999992,123.9172,488.582,4,12,12,4,12,12,196,20.4352327644288,0.0,0.0,0.0,23.8772211518074,38.7777876596892,0.0,40.1534182718415,88.4402481834285,36.9535071866256,1,88.960689522844,23.8772211518074,5.72479862893054,19.5996389234019,64.2249881452401,51.9748774745276,0.0,0.0,139.958540187564,19.1781487362873,89.5007262939694,0.0,5.72479862893054,162.16,342.670154723177,44.1637981306761,13.4875427207529,0.0,-13.254778408415,-25.1825750088322,-12.6558138070043,-70.0616616836876,0.358802567100607,60,3,1289,3347,7.01,533.1,1034.3,2132.3,184.9,2.39,1.88,1.14,0.995,71.1,2109,101.1,607,313,0.5,18.21
2465,C22H41N5O10,NNBismethyl2methoxyethylcarbamoylmethyldiethylenetriamine,Nd+++,NaClO4,0,9.65253525956174,2082.99618791813,63.809036597829,58.3185508821384,17.3185508821384,33.5098492126458,28.2783365804245,8.05359170903287,4.78781422572635,4.78781422572635,2.39451590841352,2.39451590841352,1.25518190441139,1.25518190441139,166.832809708449,23.9726859203591,24.8001504809217,56.3824241061663,535.285342512001,0.540540540540541,0.918918918918919,1.27027027027027,0.772727272727273,-2.85,37,494.267,6.82551558708292,19.2863626769333,17.2757947095005,274.483407278258,14.1732717649767,0.480285804974003,14.1732717649767,0.317217249333506,1.72713979315367,0.317217249333506,-5.9964656580689,-0.480285804974003,-2.64419999999999,131.2534,535.595000000001,3,15,13,3,15,26,214,34.5999699426227,0.0,0.0,11.814359458703,17.9079158638556,38.6724151129105,0.0,0.0,86.1993366106084,78.5004742554976,0,100.861661535749,29.7222753225586,4.2935989716979,24.4995486542524,0.0,112.610985731638,0.0,0.0,182.15923428177,33.4464118279592,52.0888251344684,0.0,4.2935989716979,180.7,335.29507437358,57.4931731856658,9.95636891599383,0.0,-16.6710169607429,0.0,0.0,-80.7110130495474,0.130944034040996,60,3,1289,3347,7.01,533.1,1034.3,2132.3,184.9,2.39,1.88,1.14,0.995,71.1,2499,122.4,403,298,0.1,17.38
2474,C24H29N3O12S3,123Tris2hydroxy5sulfobenzylaminopropane,Nd+++,NaCl  ,0,2.77336394570143,2837.88498492893,55.8669963401014,48.4653651434578,21.914854886241,31.920350575704,23.6075161871745,14.0411305292831,6.83015129583728,10.7796410386205,3.95399103618216,6.06636347187796,2.20431338693547,3.41359271370731,187.793120297361,26.624149509157,28.9915165831922,38.8671367456146,647.091336368001,0.547619047619048,0.880952380952381,1.19047619047619,0.25,-3.33,42,618.474000000001,11.3050839423459,13.3189363439192,9.34215236309107,283.091776005884,12.7409606802392,0.507622512398933,12.7409606802392,0.29402623780122,1.47199443305278,0.29402623780122,-5.83781531343378,-0.507622512398933,0.581300000000001,147.8053,647.706000000002,9,15,15,9,18,20,230,31.2558646331868,21.4840617348363,0.0,4.2935989716979,0.0,13.6650920098706,0.0,54.3817683689697,70.2708894828928,27.0232774320853,3,85.895604894568,30.3543805771007,8.58719794339581,15.9294400598651,40.1949219478508,12.9937193686319,71.0721228440606,15.9294400598651,77.5501183448585,49.8449596300485,44.1055255984954,69.068218795523,4.2935989716979,259.89,328.279294328318,-5.91184445514931,7.79366954589799,-6.25269379282113,-5.40812986524921,-21.9980290987884,0.0,-24.8485290513056,0.108415900946434,60,3,1289,3347,7.01,533.1,1034.3,2132.3,184.9,2.39,1.88,1.14,0.995,71.1,2165,58.4,1074,298,0.16,13.59
2478,C24H30N4O4,NN110Phenanthroline29diylbismethylenebisvaline,Nd+++,KNO3  ,0,2.66011542199973,2121.91971453908,49.0660314317802,45.4218475438553,15.4218475438553,27.446607073811,22.8162747348552,8.10535096292756,5.58737613688034,5.58737613688034,3.47694591531684,3.47694591531684,2.13254352746186,2.13254352746186,156.231443527559,9.58907436814364,20.1855734241088,41.3258059315474,438.226705440001,0.78125,1.1875,1.5625,0.416666666666667,-3.1,32,408.288,6.06557062777549,10.0141958621237,5.38263189764975,229.063138375081,12.9481494077307,0.480073075258374,12.9481494077307,0.320470258576383,1.02075977492058,0.320470258576383,-4.65206979605607,-0.480073075258374,3.1806,123.247,438.528,4,8,8,4,8,14,170,10.2176163822144,14.8594690933557,0.0,0.0,11.9386105759037,20.2087010747204,51.5772432998359,23.8727527860527,48.4398218086255,33.3873258742912,3,58.2700973674402,33.7444604400658,2.86239931446527,20.5875837484712,52.4370727745139,0.0,47.6423682356767,10.6196267065768,44.1599689367118,22.5827937367755,74.4351469193054,36.2545122459798,24.6682491786274,124.44,244.114968685642,33.3351700861026,2.89819652558597,-5.79583495467109,-14.4863257392094,-17.4225649247063,0.0,-25.8102763454108,0.355868276049827,60,3,1289,3347,7.01,533.1,1034.3,2132.3,184.9,2.39,1.88,1.14,0.995,71.1,2109,101.1,607,298,0.1,11.43
2486,C24H32O14S2,231112Dibenzo1471013161922octaoxacyclotetracosa214diene44disulfonicacid,Nd+++,R4N.X ,0,2.56083699117425,2481.24814700206,56.999271042141,50.5319726474218,20.1649658092773,31.5384060768618,24.9907311951025,11.9907311951025,5.67423461417477,8.30722777603022,3.21632649518878,4.62457478565265,1.81649658092773,2.60395405949299,167.987603163214,16.8355939686579,47.0049649703141,43.9851559995719,608.123347704001,0.475,0.75,1.05,0.5,-2.7,40,576.384,9.6681420385586,15.922146580825,11.0520285068752,277.160001922552,12.6193064750152,0.487295969196671,12.6193064750152,0.294154403878478,1.87476710632746,0.294154403878478,-5.80325936943125,-0.487295969196671,1.4754,137.7692,608.640000000002,2,14,14,2,16,4,224,37.8949036304004,26.2359409716652,22.9980473331356,2.86239931446527,0.0,9.11006133991374,0.0,24.1696748306532,12.0848374153266,103.385605579472,3,104.963315624078,20.2362537180671,2.86239931446527,0.0,9.79096695103555,78.7078229149955,36.2545122459798,18.9474518152002,104.653478223567,39.1837055332673,41.1227566851066,46.0454791970153,2.86239931446527,182.58,352.414287325544,-3.9738963617435,0.0,0.0,-8.52538750599844,-11.8341109627635,0.0,-56.6410404228429,0.467498999416284,60,3,1289,3347,7.01,533.1,1034.3,2132.3,184.9,2.39,1.88,1.14,0.995,71.1,884,404.2,253,298,0.12,2.2
2494,C24H40N8O12,NNNN14710Tetraazacyclododecane14710tetrayltetra1oxo21ethanediyltetragly,Nd+++,KCl   ,0,5.76669248913996,2205.65396530948,68.0660314317802,60.476688249566,20.476688249566,36.651160080486,29.343473241638,9.92162569778276,5.94814893589465,5.94814893589465,2.91915112534005,2.91915112534005,1.6036490600876,1.6036490600876,192.294587354824,38.3562974725746,20.4352327644288,55.2364407396904,632.276568720001,0.477272727272727,0.659090909090909,0.818181818181818,0.666666666666667,-4.4,44,592.308,9.3120148481099,20.4957394387357,18.9169280692266,308.612711297978,14.0786996285572,0.47993044261588,14.0786996285572,0.32247015616777,1.76010990606138,0.32247015616777,-6.21823168665504,-0.47993044261588,-5.9888,148.342,632.628000000002,8,20,16,8,20,16,248,41.6744861775824,25.9874387372638,5.6473683133128,23.628718917406,23.8772211518074,57.9559363959765,0.0,0.0,73.9070143732511,47.9195756359873,1,108.303172347763,47.5059400692134,5.72479862893054,40.8388923365554,0.0,103.949754949055,0.0,21.2392534131535,191.490566706099,38.3562974725746,43.8642737974471,0.0,5.72479862893054,278.56,334.67040855638,96.2044971395643,6.00572235792827,0.0,-25.4299166752519,0.0,0.0,-92.1173780452878,0.078594068488105,60,3,1289,3347,7.01,533.1,1034.3,2132.3,184.9,2.39,1.88,1.14,0.995,71.1,1984,74.6,1043,298,1.0,14.55
2502,C24H42N6O12,147101316HexaazacyclooctadecaneNNNNNNhexaethanoicacid,Nd+++,NaNO3 ,0,6.15897958721556,2011.45386065893,68.1708439173948,61.5822610585661,19.5822610585661,36.5844352753157,29.923901845066,9.4744121022828,5.74966723089121,5.74966723089121,2.86018373725498,2.86018373725498,1.65083785244262,1.65083785244262,182.158764430501,28.7672231044309,30.6528491466433,57.9345059655237,606.286070784001,0.380952380952381,0.5,0.595238095238095,0.75,-3.42,42,564.294000000001,8.39114544274782,19.6556100722329,18.1008070369479,301.949408195893,13.2165417892871,0.480285804974019,13.2165417892871,0.317204365461923,2.20966212702775,0.317204365461923,-6.13677167385439,-0.480285804974019,-3.6804,144.4548,606.630000000002,6,18,18,6,18,12,240,30.6528491466433,0.0,0.0,0.0,35.8158317277111,58.1666814895338,0.0,0.0,110.860521559877,55.4302607799384,1,108.767380273202,35.8158317277111,8.58719794339581,29.3994583851029,0.0,116.943474317687,0.0,0.0,212.811613577144,28.7672231044309,49.347308022128,0.0,8.58719794339581,243.24,358.370609965081,66.0412779735559,20.0888901125767,0.0,-19.7941506587602,0.0,0.0,-107.206627392453,0.125210996367963,60,3,1289,3347,7.01,533.1,1034.3,2132.3,184.9,2.39,1.88,1.14,0.995,71.1,2257,85.0,581,298,0.2,20.36
2509,C24H45N5O12,NNBis2hydroxyethyl2methoxyethylcarbamoylmethyldiethylenetriamine,Nd+++,NaClO4,0,10.1207103870767,2330.35063026767,70.2232501602021,64.1350474630661,19.1350474630661,37.1311695562054,31.003081451816,8.96183999949673,5.21554516870826,5.21554516870826,2.70940979908103,2.70940979908103,1.50391594266267,1.50391594266267,178.992845762349,23.9726859203591,35.0177668631362,61.986340532972,595.306471880001,0.487804878048781,0.853658536585366,1.21951219512195,0.791666666666667,-2.93,41,550.287,7.76710510374688,22.723668559311,18.9348557898743,302.594981528369,14.6253053817322,0.480285804974003,14.6253053817322,0.31721724933811,1.92223395765771,0.31721724933811,-6.16486245750264,-0.480285804974003,-3.9192,143.311,595.647000000002,5,17,15,5,17,30,238,44.8175863248371,0.0,0.0,14.6767587731683,17.9079158638556,38.6724151129105,0.0,0.0,77.0168508416545,102.584513190692,0,113.820795030304,29.7222753225586,7.15599828616317,24.4995486542524,0.0,124.771021785538,0.0,0.0,207.39928603235,33.4464118279592,54.8303422468088,0.0,4.2935989716979,221.16,371.379869374208,58.1838997329051,16.8624746773999,0.0,-17.4489915042408,0.0,0.0,-93.8254657677685,0.064448332067031,60,3,1289,3347,7.01,533.1,1034.3,2132.3,184.9,2.39,1.88,1.14,0.995,71.1,2499,122.4,403,298,0.1,17.49
2513,C25H32N2O7,115Diaza341213dibenzo5811trioxacycloctadecaneNNdiethanoicacid,Nd+++,KNO3  ,0,2.927437509564,2131.17906545065,52.2731382129668,48.252165224247,16.252165224247,29.121674324446,24.1993788197469,8.38288223881919,5.16423854240603,5.16423854240603,2.98657261735505,2.98657261735505,1.83420253174947,1.83420253174947,164.293730327763,9.58907436814364,14.9544793360145,53.458881907172,472.220951364001,0.794117647058823,1.26470588235294,1.73529411764706,0.44,-3.14,34,440.282,6.54066099150056,13.5387361166123,8.65975966657023,244.131124914219,12.9696382050076,0.490853529197696,12.9696382050076,0.317213668071444,1.44768457655994,0.317213668071444,-5.3453871409675,-0.490853529197696,2.3379,125.1356,472.538,2,9,9,2,9,4,184,24.4282052436146,24.6169941524004,0.0,0.0,11.9386105759037,19.3888938298446,36.2545122459798,18.457762316656,50.82192728236,53.5268609778689,3,75.1400362968649,11.9386105759037,2.86239931446527,9.79981946170096,19.3666442699613,52.2233797089289,59.4662526447003,9.4737259076001,84.179426128748,27.3196566905756,58.62258456983,48.3393496613064,2.86239931446527,108.77,284.439767897361,23.0439072568953,7.06605826565631,-4.35540684641088,-9.78290873461561,-13.8681489763726,-5.3453871409675,-48.6145483882123,0.692977348068274,60,3,1289,3347,7.01,533.1,1034.3,2132.3,184.9,2.39,1.88,1.14,0.995,71.1,2109,101.1,607,298,0.5,5.11
2526,C26H27N3O10,22Amino5methylphenoxymethyl6methoxy8aminoquinolineNNNNtetraethanoicacid,Nd+++,R4N.X ,0,2.80850034614799,2423.34971976969,51.574103121288,45.4241236911385,18.4241236911385,29.7057912033443,22.6213372866385,9.48834412478301,6.36352900119762,6.36352900119762,3.83199341191732,3.83199341191732,2.56882600535844,2.56882600535844,167.444340758071,19.1781487362873,30.1560742391761,41.9891083746457,541.169644064001,0.717948717948718,1.35897435897436,1.94871794871795,0.269230769230769,-5.07,39,514.297,9.29077318006036,12.4495290405781,7.70800809088249,260.254838842025,12.7150197391894,0.496662319277888,12.7150197391894,0.322615422130107,0.80429554195337,0.322615422130107,-4.36415720733155,-0.496662319277888,2.08202,138.7752,541.513000000001,4,13,13,4,13,16,206,39.7087781337299,44.0454476467479,0.0,0.0,23.8772211518074,19.1781487362873,12.0848374153266,36.5850184396458,15.5409185906388,57.0385248441189,3,80.6145542002313,46.1549186332556,5.72479862893054,4.98397852094721,13.410877360212,42.8252106578473,53.5543104401885,19.2735453693011,82.3218236333298,25.7371339792036,42.7848262784605,42.2969309536431,16.6277235610116,187.03,228.801836952822,52.6491829160745,13.0027869351087,-8.71875439239587,-13.4595491436348,-11.7689828542009,0.0,-25.3983442930009,0.232466550583114,60,3,1289,3347,7.01,533.1,1034.3,2132.3,184.9,2.39,1.88,1.14,0.995,71.1,884,404.2,253,298,0.1,12.69
2536,C26H33N3O12S3,111Tris2hydroxy5sulfobenzylaminomethylethane,Nd+++,NaCl  ,0,2.92109351655099,2864.51653780922,60.8669963401014,53.4653651434578,22.914854886241,34.420350575704,26.1075161871745,14.5411305292831,7.34334789696228,11.2928376397455,4.18940123280713,6.30177366850293,2.32201848524795,3.5312978120198,200.53897010002,33.4779422900081,28.9915165831923,37.4963781894444,675.122636496001,0.545454545454545,0.863636363636364,1.11363636363636,0.307692307692308,-3.33,44,642.496,11.177665410706,13.7555041435008,9.84176769697745,301.441542235349,12.7842277927042,0.507622512423609,12.7842277927042,0.29402623779579,1.67222495604711,0.29402623779579,-6.00705368953137,-0.507622512423609,1.219,156.9913,675.760000000002,9,15,15,9,18,22,242,31.2558646331868,21.4840617348363,0.0,4.2935989716979,0.0,13.6650920098706,6.85189211729568,54.3817683689697,81.6478813929367,27.0232774320853,3,91.3786391192489,30.3543805771007,8.58719794339581,15.9294400598651,41.0289215967968,19.4905790529478,71.0721228440607,15.9294400598651,78.0290855608248,49.8449596300485,56.440451940472,69.068218795523,4.2935989716979,259.89,366.492161523279,-6.16252555859684,7.23367035346608,-12.6335198905205,-5.71085345227287,-17.273949971665,0.0,-37.5041284867722,0.10260003270795,60,3,1289,3347,7.01,533.1,1034.3,2132.3,184.9,2.39,1.88,1.14,0.995,71.1,2165,58.4,1074,298,0.16,11.19
2553,C27H36N4O12S3,Tris2hydroxy5sulfobenzylaminoethylamine,Nd+++,NaCl  ,0,2.73396068731881,3013.24328274216,64.944346609291,57.4125787389578,23.862068481741,36.5363759794884,28.0283365804244,14.961950922533,7.26416829021222,11.2136580329954,4.17169613449465,6.28406857019044,2.30431338693547,3.51359271370731,212.662576297126,25.2533909529868,28.9915165831923,49.8332051949764,704.149185592001,0.5,0.804347826086956,1.06521739130435,0.333333333333333,-3.37,46,668.514000000001,11.3640944557455,15.9549426339754,11.456925360251,317.781229520452,12.6917505982475,0.507622512405898,12.6917505982475,0.294026237795822,1.5474274667658,0.294026237795822,-5.83532949694338,-0.507622512405898,0.514700000000003,165.3243,704.802000000002,9,16,16,9,19,24,254,31.2558646331868,21.4840617348363,0.0,4.2935989716979,0.0,18.5650017407211,0.0,54.3817683689697,99.8357456449984,27.0232774320853,3,95.4909147877596,30.3543805771007,8.58719794339581,20.8293497907156,34.1770294795012,38.9811581058957,71.0721228440607,15.9294400598651,102.419574344623,49.8449596300485,53.700835491687,69.068218795523,4.2935989716979,263.13,388.694765497867,-7.87895711066622,7.53682162154233,-6.33433241328315,-5.49853167980515,-16.7890024465222,0.0,-47.2247749783028,0.064523435514338,60,3,1289,3347,7.01,533.1,1034.3,2132.3,184.9,2.39,1.88,1.14,0.995,71.1,2165,58.4,1074,298,0.16,6.41
2557,C27H45N3O6,NNN135BenzenetriyltrismethylenetrisLleucine,Nd+++,KNO3  ,0,5.55441140766468,2211.28351835904,66.0495235738352,62.2911305292831,17.2911305292831,35.0063192527956,30.6327713157829,8.56638565789146,5.57901322219567,5.57901322219567,2.89877808647538,2.89877808647538,1.70094669070642,1.70094669070642,184.11122344365,14.3836115522155,15.3264245733216,61.9887088973212,507.330836160001,0.611111111111111,0.888888888888889,1.11111111111111,0.666666666666667,-2.49,36,462.312,5.74590461376379,15.5847595031403,12.4643681868092,278.269894808018,13.4482628033091,0.480080532891349,13.4482628033091,0.32021122208483,1.73584855048284,0.32021122208483,-5.37388481744673,-0.480080532891349,3.4533,139.5975,507.671999999999,6,9,9,6,9,24,204,31.2558646331868,22.2892036400335,0.0,0.0,17.9079158638556,14.3836115522155,59.238608826764,53.4910022351684,64.7256114065652,8.22455133702132,1,87.4051460511603,17.9079158638556,4.2935989716979,15.9294400598651,97.774383865759,0.0,34.8176105980809,15.9294400598651,51.2880178422261,33.8741906051633,130.380065573492,18.1272561229899,4.2935989716979,147.99,371.237232440269,40.3447884099272,5.30458751356821,-8.20954420194003,-24.6220624998937,-24.0926062707589,-15.9674362681005,-43.9949591230718,0.175670179653853,60,3,1289,3347,7.01,533.1,1034.3,2132.3,184.9,2.39,1.88,1.14,0.995,71.1,2109,101.1,607,298,0.1,9.79
2563,C28H40N4O4,714Dimethyl512diphenyl14811tetraazacyclotetradecane18diethanoicacid,Nd+++,KCl   ,0,3.32311235007918,2422.50562419098,60.8065184077864,57.4218475438553,17.4218475438553,33.355065796283,28.7634883303552,9.05256455842752,5.7845897323803,5.7845897323803,3.4596251689599,3.4596251689599,2.08950137683497,2.08950137683497,193.411508820753,28.8618611988427,10.2176163822144,35.7606046625506,496.304955760001,0.722222222222222,1.11111111111111,1.47222222222222,0.5,-2.78,36,456.332,6.09514500582922,14.0844329955164,8.70815422144104,270.340917201924,13.4014557519766,0.480285694140441,13.4014557519766,0.317213158900829,1.5620218818451,0.317213158900829,-5.894979935864,-0.480285694140441,2.9922,140.947,496.652,4,8,8,4,8,8,196,20.8372430887912,2.8236841566564,0.0,0.0,11.9386105759037,19.3888938298446,60.424187076633,37.5765370206441,77.4741797340668,34.9258562673554,3,71.9776829291424,11.9386105759037,2.86239931446527,20.4194461682777,50.5212039106487,38.9811581058957,71.551090060027,10.6196267065768,82.9729894624141,9.58907436814364,98.9596299794713,60.424187076633,2.86239931446527,105.14,352.315211882455,23.0363808580887,3.41339566253877,-4.87001581288517,-6.19611971908973,-41.8059750060875,-11.6823344786593,-44.3772100530273,0.483901456391024,60,3,1289,3347,7.01,533.1,1034.3,2132.3,184.9,2.39,1.88,1.14,0.995,71.1,1984,74.6,1043,313,0.5,8.64
2583,C2H2O3,GlyoxylicacidOHCCOOH,Nd+++,NaClO4,0,3.57791992627244,99.1080296239082,5.8618073195658,4.22474487139159,2.22474487139159,3.18073921255262,1.77062072615966,0.862372435695795,0.389519551181231,0.389519551181231,0.083333333333333,0.083333333333333,0.0,0.0,12.2315174502831,9.58907436814364,5.10880819110721,2.80195821340285,74.000393924,2.0,2.6,2.6,0.0,-0.86,5,72.019,1.54501748701721,1.45847133757962,3.14,31.1180823529726,9.56481481481482,0.475710953831147,9.56481481481482,0.368364996668109,1.45833333333333,0.368364996668109,-1.50462962962963,-0.475710953831147,-0.7301,13.6998,74.035,1,3,3,1,3,1,28,5.10880819110721,1.37075855617022,0.0,6.26221216233124,5.96930528795185,4.79453718407182,0.0,0.0,0.0,0.0,0,16.0686411154211,12.2315174502831,1.43119965723263,0.0,0.0,0.0,0.0,0.0,17.3403256413903,9.58907436814364,1.37075855617022,0.0,1.43119965723263,54.37,11.6989351851852,19.011712962963,3.08564814814815,0.0,-1.45833333333333,0.0,-1.50462962962963,0.0,0.329267503072676,60,3,1289,3347,7.01,533.1,1034.3,2132.3,184.9,2.39,1.88,1.14,0.995,71.1,2499,122.4,403,293,0.1,2.48
2602,C2H2O4,EthanedioicacidCOOH2,Nd+++,KNO3  ,0,3.64322494557192,96.6059378176129,6.56891410075235,4.63299316185545,2.63299316185545,3.71874401501341,1.88299316185545,1.06649658092773,0.57491495713053,0.57491495713053,0.166666666666667,0.166666666666667,0.0,0.0,11.9386105759037,9.58907436814364,10.2176163822144,2.86239931446527,89.995308544,1.33333333333333,1.66666666666667,1.83333333333333,0.0,-1.06,6,88.018,2.17343423006723,1.3955229556295,1.28013605442177,35.9989863632958,9.73856481481482,0.472814820955682,9.73856481481482,0.414358721495198,1.5,0.414358721495198,-1.5,-0.472814820955682,-0.8444,15.2716,90.034,2,4,4,2,4,0,34,10.2176163822144,0.0,0.0,0.0,11.9386105759037,0.0,0.0,0.0,0.0,0.0,0,19.8066907503581,11.9386105759037,2.86239931446527,0.0,0.0,0.0,0.0,0.0,22.1562269581181,9.58907436814364,0.0,0.0,2.86239931446527,74.6,11.6174074074074,19.4771296296296,6.2387962962963,0.0,-3.0,0.0,0.0,0.0,0.379949137755858,60,3,1289,3347,7.01,533.1,1034.3,2132.3,184.9,2.39,1.88,1.14,0.995,71.1,2109,101.1,607,308,0.1,6.45
2622,C2H3N3S2,2Amino5mercapto134thiadiazole,Nd+++,NaClO4,0,2.77837240451036,213.267662534021,7.56047793231507,6.1581373674276,4.79113052928305,4.73638210521845,2.78586831040951,2.70793770033732,0.85054377761941,2.45163133285823,0.395793152732113,1.24793673909635,0.202515381062346,0.786431581387022,0.0,0.0,10.1973636166021,3.94748332968859,132.976839096,2.0,3.0,3.42857142857143,0.0,-0.29,7,130.177,2.32036484412536,1.66971216952419,1.03597104559337,53.986393913405,6.78162037037037,0.373650493961592,6.78162037037037,0.203365637406231,0.175694444444445,0.203365637406231,0.175694444444445,-0.373650493961592,0.409,31.5734,133.201,2,3,5,2,5,2,38,5.71971697572627,1.12379917303219,7.16333983732995,5.13155847983933,0.0,0.0,11.3367858779347,0.0,0.0,0.0,1,2.8236841566564,29.001040395931,1.12379917303219,10.1973636166021,4.33965568067355,5.71971697572627,0.0,5.71971697572627,11.3211627896343,0.0,0.0,4.33965568067355,0.0,51.8,20.7147685185185,0.0,7.15907407407407,0.372407407407407,0.0,0.0,0.0,0.0,0.503862814977335,60,3,1289,3347,7.01,533.1,1034.3,2132.3,184.9,2.39,1.88,1.14,0.995,71.1,2499,122.4,403,298,0.1,6.42
2681,C2H4O2,EthanoicacidCH3COOH,Nd+++,NaCl  ,0,3.82337845522092,94.7016576673414,6.78445705037617,5.81649658092773,1.81649658092773,3.48138047543485,2.56649658092773,0.658248290463863,0.287457478565265,0.287457478565265,0.0,0.0,0.0,0.0,12.8211974052475,4.79453718407182,5.10880819110721,5.54347532574329,60.021129368,2.75,3.5,3.5,0.5,-0.53,4,56.02,0.505725462185476,0.874858299595141,1.15600925596297,29.7665012532644,9.86111111111111,0.481433475172105,9.86111111111111,0.299684553158214,1.50231481481481,0.299684553158214,-2.78993055555556,-0.481433475172105,0.0909,13.3098,60.052,1,2,2,1,2,1,24,5.10880819110721,0.0,0.0,0.0,0.0,4.79453718407182,0.0,0.0,10.9641677858063,0.0,0,14.0156210436897,5.96930528795185,1.43119965723263,0.0,6.85189211729568,0.0,0.0,0.0,11.0781134790591,4.79453718407182,10.9641677858063,0.0,1.43119965723263,37.3,24.6846064814815,9.86111111111111,3.16319444444444,0.0,-1.50231481481481,0.0,0.0,-2.78993055555556,0.429882883200122,60,3,1289,3347,7.01,533.1,1034.3,2132.3,184.9,2.39,1.88,1.14,0.995,71.1,2165,58.4,1074,298,0.1,2.07
2692,C2H4O2S,MercaptoethanoicacidHSCH2COOH,Nd+++,NaClO4,0,3.97053911698258,115.135262830594,7.49156383156272,6.22474487139159,3.04124145231932,4.04204064721467,2.67886901662352,1.27062072615966,0.389519551181231,0.593643696413162,0.083333333333333,0.25,0.0,0.0,11.674262173102,4.79453718407182,5.10880819110721,5.29651594260526,91.993200368,2.8,3.6,3.8,0.5,-0.18,5,88.087,1.15016529195911,2.08178010471204,3.82,40.6024637844704,10.1390277777778,0.48062975663565,10.1390277777778,0.312684271641515,0.051435185185186,0.312684271641515,-2.41493055555556,-0.48062975663565,0.0008,21.4888,92.119,1,2,3,2,3,2,30,5.10880819110721,1.12379917303219,0.0,0.0,5.96930528795185,4.79453718407182,0.0,0.0,2.74151711234044,5.70495688515016,0,12.6448624875195,18.5020013261088,2.55499883026482,0.0,0.0,5.70495688515016,0.0,0.0,17.9068695372414,4.79453718407182,2.74151711234044,0.0,1.43119965723263,37.3,25.6350231481481,10.1390277777778,3.30111111111111,-2.41493055555556,-1.3587962962963,0.0,0.0,0.0,0.446626640789709,60,3,1289,3347,7.01,533.1,1034.3,2132.3,184.9,2.39,1.88,1.14,0.995,71.1,2499,122.4,403,298,0.2,5.55
2737,C2H4O3,2HydroxyethanoicacidHOCH2COOH,Nd+++,NaClO4,0,3.97053911698258,112.38037532843,7.49156383156272,6.22474487139159,2.22474487139159,4.04204064721467,2.67886901662352,0.862372435695795,0.389519551181231,0.389519551181231,0.083333333333333,0.083333333333333,0.0,0.0,12.5282905308681,4.79453718407182,10.2176163822144,5.60391642680571,76.016043988,2.4,3.2,3.4,0.5,-0.57,5,72.019,0.94409204617706,1.72154518950437,3.43,34.6474052635877,10.0348611111111,0.479540775469483,10.0348611111111,0.328849903557252,1.54398148148148,0.328849903557252,-2.83159722222222,-0.479540775469483,-0.9367,14.7216,76.051,2,3,3,2,3,2,30,10.2176163822144,6.55898524291629,0.0,1.43119965723263,5.96930528795185,0.0,0.0,0.0,0.0,2.74151711234044,0,17.7536706786267,5.96930528795185,2.86239931446527,0.0,0.0,6.55898524291629,0.0,0.0,24.1771065703152,4.79453718407182,2.74151711234044,0.0,1.43119965723263,57.53,24.7813194444444,10.0348611111111,6.47606481481482,0.0,-1.54398148148148,0.0,0.0,-2.83159722222222,0.423614075125504,60,3,1289,3347,7.01,533.1,1034.3,2132.3,184.9,2.39,1.88,1.14,0.995,71.1,2499,122.4,403,293,2.0,2.51
2796,C2H5NO2_1,2AminoethanoicacidH2NCH2COOH,Nd+++,KCl   ,0,4.24087202753042,135.609640474437,8.3618073195658,7.26371017642768,2.26371017642768,4.42475614840891,3.18453056967762,0.881855088213842,0.399260877440254,0.399260877440254,0.091287092917528,0.091287092917528,0.0,0.0,18.1858819479941,4.79453718407182,5.10880819110721,6.99640092622948,75.0320284,2.8,3.6,3.8,0.5,-0.57,5,70.027,0.733393095606973,1.72154518950437,3.43,36.6274757149216,10.2086111111111,0.480297130024396,10.2086111111111,0.316755978405586,0.46837962962963,0.316755978405586,-2.87326388888889,-0.480297130024396,-0.9703,16.6902,75.067,3,3,3,2,3,2,30,10.8285251668335,2.8236841566564,0.0,0.0,5.96930528795185,4.79453718407182,0.0,0.0,0.0,9.23837679665639,0,15.4685466441759,5.96930528795185,1.43119965723263,0.0,0.0,6.49685968431595,0.0,5.71971697572627,17.574973163375,4.79453718407182,2.74151711234044,0.0,1.43119965723263,63.32,31.9046527777778,10.2086111111111,3.23069444444444,-0.46837962962963,-1.58564814814815,0.0,0.0,-2.87326388888889,0.421170887936547,60,3,1289,3347,7.01,533.1,1034.3,2132.3,184.9,2.39,1.88,1.14,0.995,71.1,1984,74.6,1043,305,1.0,4.0
2811,C2H5O2Cl2P,DichloromethylphosphinicacidClCH22POOH,Nd+++,R4N.X ,0,5.11097316212088,190.474209504186,10.2071067811865,8.01963912244614,5.42592420548296,5.06066017177982,3.59857473064316,3.57097932053789,0.720518220740797,3.17573976789661,0.222528537341322,2.0027568360719,0.015971914124999,0.431241681374959,18.5152177862748,4.56504828493133,4.89569239901898,30.1161136623785,161.94042139,1.85714285714286,2.28571428571429,2.28571428571429,1.0,0.77,7,157.9,2.57066467965371,2.93049583359878,3.36084194977843,58.9927522653725,11.2013888888889,0.342657693181535,11.2013888888889,0.228789463999004,3.0,0.228789463999004,-4.7037037037037,-0.342657693181535,1.6494,31.2653,162.94,1,2,2,1,5,3,44,4.89569239901898,11.1463902558312,0.0,8.80002718767623,0.0,4.56504828493133,0.0,0.0,0.0,5.48303422468088,0,14.9437749086312,30.5707073109086,1.43119965723263,0.0,0.0,11.1463902558312,0.0,0.0,17.4732823120829,4.56504828493133,5.48303422468088,0.0,0.0,37.3,44.4212808641975,3.45833333333333,0.0,-6.0,0.0,0.0,0.0,0.0,0.495788964165034,60,3,1289,3347,7.01,533.1,1034.3,2132.3,184.9,2.39,1.88,1.14,0.995,71.1,884,404.2,253,293,0.1,0.44
2820,C2H8NO4P,2AminoethyldihydrogenphosphoricacidH2NCH2CH2OPO3H2,Nd+++,KCl   ,0,5.01744271524754,275.211875635226,13.1986706127493,11.5274203528554,4.42184754385528,7.02180279772026,5.11895145824977,2.86862117300258,0.752366159908441,1.82936753674341,0.203090491792517,0.517984382460024,0.076314113960688,0.228942341882064,26.5982590260907,4.56504828493133,14.3151319597498,11.1691176958026,141.019094366,2.0,2.75,3.25,1.0,0.07,8,132.999,1.77617542818319,3.16651990095411,6.07,58.2249250296865,11.046285430839,0.469121715690689,11.046285430839,0.469121715690689,0.661476757369614,0.328233842613521,-4.91381172839506,-0.328233842613521,-0.9456,27.0505,141.063,4,5,5,3,6,6,50,15.5111017737642,2.8236841566564,0.0,2.86239931446527,7.82269712313217,4.52374716171182,0.0,0.0,9.23837679665639,9.30050235525673,0,27.1868986260184,7.82269712313217,2.86239931446527,0.0,0.0,13.0558449272322,0.0,5.71971697572627,25.7096290397355,9.08879544664315,5.48303422468088,0.0,0.0,92.78,68.5173130826405,6.64741213151928,0.0,-0.661476757369614,0.0,0.0,0.0,-6.78388117283951,0.440588209354176,60,3,1289,3347,7.01,533.1,1034.3,2132.3,184.9,2.39,1.88,1.14,0.995,71.1,1984,74.6,1043,293,0.1,5.8
2841,C33H45N7O3,Tris62NNdiethylcarbamoylpyridylmethylamine,Nd+++,KCl   ,0,2.93761208622114,2828.02850807336,70.3230262657314,65.8552400398913,20.8552400398913,38.3417945881964,33.1372947951954,10.6372947951954,6.81538005272506,6.81538005272506,4.29716660005257,4.29716660005257,2.52253839833877,2.52253839833877,225.449604312134,22.6081628892368,14.9519355628416,53.4595836906386,587.358388300001,0.465116279069767,0.744186046511628,1.0,0.454545454545455,-4.18,43,542.409,7.53913568697573,16.4554373176514,8.90480894126839,318.521067022101,14.4408502041286,0.337870821630841,14.4408502041286,0.271935517394861,1.23788125840466,0.271935517394861,-5.02090852674863,-0.337870821630841,4.52000000000001,167.4165,587.769000000002,0,10,7,0,10,21,230,14.6997291925514,17.0817839845454,0.0,0.0,0.0,19.2835212830659,18.1272561229899,77.3658649497538,107.819045180971,29.4186109900774,3,76.0677465798754,17.7215391880545,0.0,34.5515744862435,60.6019317567219,38.9811581058957,88.5453363380604,0.0,91.2542717801938,19.4905790529478,151.34266725274,54.3817683689697,0.0,102.84,371.549718614458,48.2073957794751,0.0,-13.5104543035235,-8.29596265365288,-17.6412323535397,0.0,-68.5594650832173,0.257625943773651,60,3,1289,3347,7.01,533.1,1034.3,2132.3,184.9,2.39,1.88,1.14,0.995,71.1,1984,74.6,1043,298,1.0,1.92
2849,C36H39N3O6,NNN135BenzenetriyltrismethylenetrisLphenylalanine,Nd+++,KNO3  ,0,2.40517638362843,2946.13404623046,65.9418284192484,60.7911305292831,21.7911305292831,37.7825986944244,30.6327713157829,11.5663856578915,7.45401322219567,7.45401322219567,4.39877808647539,4.39877808647539,2.63844669070642,2.63844669070642,232.644632773827,26.7204385577474,15.3264245733216,41.4273305547678,609.283885968001,0.444444444444444,0.688888888888889,0.933333333333333,0.25,-4.83,45,570.411,9.12814228180715,16.8655210831395,10.9909628689575,317.726875395634,13.6544575627291,0.480071909384658,13.6544575627291,0.320549027653108,1.27031297771988,0.320549027653108,-4.95040010272457,-0.480071909384658,4.0431,171.6705,609.723000000002,6,9,9,6,9,18,234,31.2558646331868,22.2892036400335,0.0,0.0,17.9079158638556,14.3836115522155,108.763536737939,52.4994836541701,35.9396817269905,28.7859296795746,4,79.180594714139,17.9079158638556,4.2935989716979,15.9294400598651,56.6630311619849,0.0,142.144245688121,15.9294400598651,51.2880178422261,52.9929653091514,78.6157413037993,108.763536737939,4.2935989716979,147.99,334.607413319983,40.9633726881874,7.0637065790903,-12.7745410710376,-8.45920893301377,-44.1064391471806,-13.6931031278547,-14.8512003081737,0.09833476179399,60,3,1289,3347,7.01,533.1,1034.3,2132.3,184.9,2.39,1.88,1.14,0.995,71.1,2109,101.1,607,298,0.1,8.2
2859,C36H60O30,alphaCyclodextrinCyclohexaamylose,Nd+++,NaCl  ,0,1.88975867455993,3403.2161781538,99.2132034355964,90.2474487139159,30.2474487139159,56.0771644662753,44.4216833280906,16.0732140997411,11.4608416640453,11.4608416640453,7.71779326771845,7.71779326771845,4.82448974278317,4.82448974278317,222.870814315519,41.1227566851066,91.9585474399299,99.0530519498307,972.316940520002,0.242424242424242,0.393939393939394,0.515151515151515,1.0,-1.2,66,912.366000000001,15.4170356030637,22.0595912412855,10.0090920016826,457.988451906977,9.76025741601856,0.39356631776352,9.76025741601856,0.210848931822558,3.77318140356121,0.210848931822558,-6.26947127947788,-0.39356631776352,-13.0548,195.8004,972.846000000003,18,30,30,18,30,24,384,148.80090288553,145.9204326468,37.5964702112214,25.7615938301874,0.0,0.0,0.0,0.0,0.0,96.9257708166469,16,206.37276224468,0.0,25.7615938301874,0.0,183.516902858021,39.3539114574977,0.0,0.0,340.590955585636,56.8423554456006,57.5718593591493,0.0,0.0,474.9,596.74787868834,0.0,71.3719309883438,0.0,0.0,0.0,-184.63558703071,-33.4842226459738,0.117489360255389,60,3,1289,3347,7.01,533.1,1034.3,2132.3,184.9,2.39,1.88,1.14,0.995,71.1,2165,58.4,1074,298,0.1,2.8
2865,C3H11NO6P2,DimethylaminoNmethylenediphosphonicacidCH32NCHPO3H22,Nd+++,NaNO3 ,0,6.95547750637357,448.970743338828,18.9057773939358,16.2911305292831,7.07998491128288,10.1086660909037,7.34647226561568,5.29879652478081,1.63034634963009,4.82021865564034,0.689897948556636,3.53938769133981,0.394948974278318,2.08484692283495,39.5431574624242,9.13009656986266,19.5827695960759,15.3201085221221,219.006160332,1.16666666666667,1.58333333333333,1.83333333333333,1.0,0.26,12,207.982,3.13701742617066,3.55493419261033,3.32757805585436,85.1331413026608,12.224375,0.354462629458751,12.224375,0.354462629458751,0.985401234567902,0.322868291330432,-5.85398919753086,-0.322868291330432,-0.813,41.5632,219.07,4,7,7,4,9,9,74,19.5827695960759,0.0,0.0,11.224867906364,15.1915246535758,14.0300063007131,0.0,13.9516538005645,8.22455133702132,1.37075855617022,0,38.3081760591301,15.1915246535758,5.72479862893054,4.89990973085048,5.50006927743347,13.9516538005645,0.0,0.0,49.6592010338549,9.13009656986266,9.59530989319154,0.0,0.0,118.3,101.301851851852,12.7787654320988,0.0,-4.27430555555556,0.0,0.0,0.0,-7.73722222222223,0.457938348243308,60,3,1289,3347,7.01,533.1,1034.3,2132.3,184.9,2.39,1.88,1.14,0.995,71.1,2257,85.0,581,297,0.2,16.0
2871,C3H12NO9P3,NitrilotrismethylenephosphonicacidNCH2PO3H23,Nd+++,KNO3  ,0,7.25339917711412,574.153886865326,22.8199909563089,18.9630889961746,9.64637056917435,12.4799864344634,8.43429820179855,7.61278459054624,2.12781442613266,5.71262288514803,0.667423461417477,2.00227038425243,0.43450550074247,1.70600873817737,46.4010409777877,13.695144854794,29.3741543941139,16.8117492804171,298.972490854,0.8125,1.0625,1.25,1.0,0.41,16,286.953,5.18675563460583,5.37025664930374,10.9122990456402,107.762860239823,12.2148500881834,0.338972869862796,12.2148500881834,0.338972869862796,1.25935185185185,0.323528858684158,-5.9108912824389,-0.323528858684158,-1.306,52.5723,299.049,6,10,10,6,13,12,98,29.3741543941139,18.7138442665736,0.0,8.58719794339581,22.7872869803637,18.5950545856445,0.0,0.0,0.0,8.22455133702132,0,51.2938505859292,22.7872869803637,8.58719794339581,4.89990973085048,0.0,18.7138442665736,0.0,0.0,61.5751063349337,13.695144854794,8.22455133702132,0.0,0.0,175.83,122.049770408163,19.1324867724868,0.0,0.0,0.0,0.0,-13.2829166666667,0.0,0.322781947909618,60,3,1289,3347,7.01,533.1,1034.3,2132.3,184.9,2.39,1.88,1.14,0.995,71.1,2109,101.1,607,298,0.1,13.18
2876,C3H4O2,PropenoicacidCH2CHCOOH,Nd+++,NaClO4,0,4.20697683334679,147.891737562741,7.43915758875542,6.31649658092773,2.31649658092773,4.09142281507558,2.81649658092773,0.908248290463863,0.412457478565265,0.412457478565265,0.102062072615966,0.102062072615966,0.0,0.0,18.5524159959893,4.79453718407182,5.10880819110721,5.54347532574329,72.021129368,2.2,3.0,3.2,0.0,-0.79,5,68.031,0.83449095011744,1.52152647975078,3.21,35.4418403354768,10.0581481481482,0.478089148553097,10.0581481481482,0.327198112245258,0.912037037037037,0.327198112245258,-1.28240740740741,-0.478089148553097,0.257,17.8328,72.063,1,2,2,1,2,1,28,5.10880819110721,0.0,0.0,0.0,5.96930528795185,0.0,6.53103896200187,0.0,6.05207174603557,4.11227566851066,0,14.0156210436897,5.96930528795185,1.43119965723263,0.0,0.0,0.0,12.5831107080374,0.0,11.0781134790591,4.79453718407182,4.11227566851066,12.5831107080374,1.43119965723263,37.3,25.2889351851852,10.0581481481482,3.29898148148148,0.0,-1.28240740740741,-0.912037037037037,0.0,-0.95162037037037,0.450858059604251,60,3,1289,3347,7.01,533.1,1034.3,2132.3,184.9,2.39,1.88,1.14,0.995,71.1,2499,122.4,403,298,0.1,1.92
2886,C3H4O3,2OxopropanoicacidCH3COCOOH,Nd+++,NaClO4,0,4.23854281325979,159.620976451076,8.3618073195658,6.72474487139159,2.72474487139159,4.39206407795781,3.02062072615966,1.11237243569579,0.616581623797196,0.616581623797196,0.185395405949299,0.185395405949299,0.0,0.0,18.6044423516125,9.58907436814364,5.10880819110721,5.54347532574329,88.016043988,2.0,2.66666666666667,2.83333333333333,0.333333333333333,-0.86,6,84.03,1.32958158515898,1.54501748701721,1.45847133757962,40.2929654677048,10.2385648148148,0.475509277132964,10.2385648148148,0.371342920067503,1.66666666666667,0.371342920067503,-3.00185185185185,-0.475509277132964,-0.34,18.3168,88.062,1,3,3,1,3,2,34,5.10880819110721,0.0,0.0,5.78324494636494,5.96930528795185,4.79453718407182,0.0,0.0,10.9641677858063,0.0,0,18.8101582277615,11.7525502343168,1.43119965723263,0.0,6.85189211729568,0.0,0.0,0.0,16.861358425424,9.58907436814364,10.9641677858063,0.0,1.43119965723263,54.37,25.0123148148148,20.2777546296296,3.14002314814815,0.0,-3.34490740740741,0.0,0.0,-3.00185185185185,0.44592838458517,60,3,1289,3347,7.01,533.1,1034.3,2132.3,184.9,2.39,1.88,1.14,0.995,71.1,2499,122.4,403,298,2.0,1.46
2916,C3H4O4,PropanedioicacidCH2COOH2,Nd+++,NaClO4,0,4.44162644523098,160.175984098341,9.06891410075235,7.13299316185545,3.13299316185545,4.9627609508697,3.13299316185545,1.31649658092773,0.69991495713053,0.69991495713053,0.204124145231932,0.204124145231932,0.083333333333333,0.083333333333333,18.3115354772331,9.58907436814364,10.2176163822144,5.60391642680571,104.010958608,1.57142857142857,2.0,2.28571428571429,0.333333333333333,-1.06,7,100.029,1.81369938291068,2.17343423006723,4.94,45.173869478028,10.265,0.480805908215309,10.265,0.314201681498869,1.71319444444444,0.314201681498869,-3.07986111111111,-0.480805908215309,-0.4543,19.8886,104.061,2,4,4,2,4,2,40,10.2176163822144,6.37292490132938,0.0,0.0,11.9386105759037,9.58907436814364,0.0,0.0,0.0,2.74151711234044,0,22.5482078626985,11.9386105759037,2.86239931446527,0.0,6.37292490132938,0.0,0.0,0.0,22.1562269581181,9.58907436814364,9.11444201366982,0.0,2.86239931446527,74.6,25.1798611111111,20.53,6.37972222222222,0.0,-3.42638888888889,0.0,-3.07986111111111,0.0,0.464877093759921,60,3,1289,3347,7.01,533.1,1034.3,2132.3,184.9,2.39,1.88,1.14,0.995,71.1,2499,122.4,403,298,0.2,4.55
2961,C3H4O6,DihydroxypropanedioicacidHOOCCOH2COOH,Nd+++,KCl   ,0,4.89996107357911,184.056045049385,10.4831276631254,7.94948974278318,3.94948974278318,6.08408129442934,3.35773803324704,1.72474487139159,1.19149658092773,1.19149658092773,0.537457478565265,0.537457478565265,0.083333333333333,0.083333333333333,17.7257217284743,9.58907436814364,20.4352327644288,5.72479862893054,136.000787848,1.22222222222222,1.66666666666667,1.88888888888889,0.333333333333333,-1.14,9,132.027,3.13625326862224,1.99737540232458,1.37384267879491,54.9356774986745,10.6125,0.476782571065862,10.6125,0.376182337699005,1.79652777777778,0.376182337699005,-3.16319444444444,-0.476782571065862,-2.1635,22.4402,136.059,4,6,6,4,6,4,52,20.4352327644288,0.0,0.0,2.86239931446527,17.7257217284743,0.0,0.0,0.0,0.0,0.0,0,30.0243071325725,11.9386105759037,5.72479862893054,0.0,5.7871111525706,0.0,0.0,0.0,41.0233538073684,9.58907436814364,0.0,0.0,2.86239931446527,115.06,24.7125462962963,21.225,13.402037037037,0.0,-6.75625,0.0,0.0,0.0,0.253569547388072,60,3,1289,3347,7.01,533.1,1034.3,2132.3,184.9,2.39,1.88,1.14,0.995,71.1,1984,74.6,1043,298,0.2,3.94
2985,C3H6O2,PropanoicacidCH3CH2COOH,Nd+++,NaClO4,0,4.59077880090639,159.700555805049,9.28445705037617,8.31649658092773,2.31649658092773,4.73138047543485,3.81649658092773,0.908248290463863,0.412457478565265,0.412457478565265,0.102062072615966,0.102062072615966,0.0,0.0,19.1941223065769,4.79453718407182,5.10880819110721,8.28499243808374,74.036779432,2.4,3.2,3.4,0.666666666666667,-0.53,5,68.031,0.600159264681777,1.75818443804035,3.47,38.9413843679967,10.3354861111111,0.481237917019339,10.3354861111111,0.302558437492056,1.71064814814815,0.302558437492056,-3.10243055555556,-0.481237917019339,0.481,17.9268,74.079,1,2,2,1,2,2,30,5.10880819110721,0.0,0.0,0.0,5.96930528795185,4.79453718407182,6.85189211729568,0.0,13.2267176821805,0.0,0,16.7571381560301,5.96930528795185,1.43119965723263,0.0,13.2248170186251,0.0,0.0,0.0,11.0781134790591,4.79453718407182,20.0786097994762,0.0,1.43119965723263,37.3,39.0188194444444,10.3354861111111,3.21756944444444,0.0,-1.71064814814815,0.0,-3.10243055555556,-3.09212962962963,0.490844666445293,60,3,1289,3347,7.01,533.1,1034.3,2132.3,184.9,2.39,1.88,1.14,0.995,71.1,2499,122.4,403,294,2.0,2.0
3004,C3H6O2S,2MercaptopropanoicacidCH3CHSHCOOH,Nd+++,NaClO4,0,4.80330330946445,180.122236293331,9.99156383156272,8.72474487139159,3.54124145231932,5.29204064721467,3.92886901662352,1.52062072615966,0.616581623797196,1.02482991426106,0.185395405949299,0.352062072615966,0.0,0.0,18.0471870744314,4.79453718407182,5.10880819110721,8.0380330549457,106.008850432,2.5,3.33333333333333,3.5,0.666666666666667,-0.18,6,100.098,1.15494828840957,2.0764802021705,2.08178010471204,49.7773468992027,10.6134027777778,0.480430175559569,10.6134027777778,0.315556378365296,0.228518518518519,0.315556378365296,-2.97465277777778,-0.480430175559569,0.3893,26.0838,106.146,1,2,3,2,3,3,36,5.10880819110721,1.12379917303219,0.0,0.0,5.96930528795185,4.79453718407182,0.0,6.85189211729568,4.11227566851066,6.59674822535408,0,15.3863795998599,18.5020013261088,2.55499883026482,0.0,12.0778817864795,0.0,0.0,0.0,17.4279023212751,4.79453718407182,12.3349263419766,0.0,1.43119965723263,37.3,40.0288425925926,10.6134027777778,0.628055555555557,0.0,-1.56712962962963,0.0,0.0,-2.97465277777778,0.474337988110131,60,3,1289,3347,7.01,533.1,1034.3,2132.3,184.9,2.39,1.88,1.14,0.995,71.1,2499,122.4,403,298,0.2,6.36
3043,C3H6O3_1,L2HydroxypropanoicacidCH3CHOHCOOH,Nd+++,NaClO4,0,4.80330330946445,177.367348791168,9.99156383156272,8.72474487139159,2.72474487139159,5.29204064721467,3.92886901662352,1.11237243569579,0.616581623797196,0.616581623797196,0.185395405949299,0.185395405949299,0.0,0.0,18.9012154321975,4.79453718407182,10.2176163822144,8.34543353914615,90.031694052,2.16666666666667,3.0,3.16666666666667,0.666666666666667,-0.57,6,84.03,0.979577193158241,1.76763383969422,1.72154518950437,43.8222883783199,10.5092361111111,0.479335598996327,10.5092361111111,0.331723079571424,1.75231481481482,0.331723079571424,-3.15983796296296,-0.479335598996327,-0.5482,19.3166,90.078,2,3,3,2,3,3,36,10.2176163822144,6.08001802694999,0.0,1.43119965723263,5.96930528795185,0.0,0.0,6.85189211729568,4.11227566851066,1.37075855617022,0,20.4951877909671,5.96930528795185,2.86239931446527,0.0,12.9319101442457,0.0,0.0,0.0,23.6981393543489,4.79453718407182,12.3349263419766,0.0,1.43119965723263,57.53,39.0478240740741,10.5092361111111,6.66585648148148,0.0,-1.75231481481482,0.0,-3.14409722222222,-3.15983796296296,0.453935950647203,60,3,1289,3347,7.01,533.1,1034.3,2132.3,184.9,2.39,1.88,1.14,0.995,71.1,2499,122.4,403,293,0.1,2.87
3088,C3H6O3_2,3HydroxypropanoicacidHOCH2CH2COOH,Nd+++,KCl   ,0,4.70632409027791,178.877123795495,9.99156383156272,8.72474487139159,2.72474487139159,5.29204064721467,3.92886901662352,1.11237243569579,0.514519551181231,0.514519551181231,0.153093108923949,0.153093108923949,0.041666666666667,0.041666666666667,18.9012154321975,4.79453718407182,10.2176163822144,8.34543353914615,90.031694052,2.16666666666667,3.0,3.5,0.666666666666667,-0.57,6,84.03,0.979577193158241,2.65573363431151,3.43,43.8222883783199,10.4510416666667,0.481167496661721,10.4510416666667,0.305175048138752,1.75023148148148,0.305175048138752,-3.17013888888889,-0.481167496661721,-0.5466,19.3386,90.078,2,3,3,2,3,3,36,10.2176163822144,0.0,0.0,1.43119965723263,5.96930528795185,4.79453718407182,0.0,0.0,2.74151711234044,15.6734272565861,0,20.4951877909671,5.96930528795185,2.86239931446527,0.0,6.37292490132938,6.55898524291629,0.0,0.0,24.1771065703152,4.79453718407182,11.8559591260103,0.0,1.43119965723263,57.53,39.1843055555555,10.4510416666667,6.58548611111111,0.0,-1.75023148148148,0.0,-3.17013888888889,-3.1337962962963,0.478112677270416,60,3,1289,3347,7.01,533.1,1034.3,2132.3,184.9,2.39,1.88,1.14,0.995,71.1,1984,74.6,1043,303,0.1,2.8
3098,C3H6O3_3,MethoxyethanoicacidCH3OCH2COOH,Nd+++,NaClO4,0,4.32380304922876,173.367348791168,9.99156383156272,8.72474487139159,2.72474487139159,5.1884872566214,3.97474487139159,1.06649658092773,0.491581623797196,0.491581623797196,0.134364369641316,0.134364369641316,0.041666666666667,0.041666666666667,19.5662429897507,4.79453718407182,9.84567114490726,8.28499243808374,90.031694052,2.16666666666667,3.0,3.5,0.666666666666667,-0.57,6,84.03,0.979577193158241,2.65573363431151,3.43,44.0549295975035,10.3515277777778,0.479533870222095,10.3515277777778,0.329126014211872,1.70960648148148,0.329126014211872,-3.11805555555556,-0.479533870222095,-0.2826,19.5118,90.078,1,3,3,1,3,3,36,9.84567114490726,6.55898524291629,0.0,0.0,5.96930528795185,0.0,0.0,0.0,7.03795245888259,6.8537927808511,0,21.4940011098302,5.96930528795185,1.43119965723263,0.0,0.0,13.5969377017989,0.0,0.0,24.6750511808579,9.53140013787187,6.8537927808511,0.0,1.43119965723263,46.53,42.4648148148148,10.3515277777778,3.22194444444444,0.0,-1.70960648148148,0.0,0.0,-3.11805555555556,0.506764397159425,60,3,1289,3347,7.01,533.1,1034.3,2132.3,184.9,2.39,1.88,1.14,0.995,71.1,2499,122.4,403,293,0.1,2.11
3115,C3H7NO2_1,2AminopropanoicacidH2NCHCH3COOH,Nd+++,NaClO4,0,5.07918582551916,202.404560594982,10.8618073195658,9.76371017642768,2.76371017642768,5.67475614840891,4.43453056967762,1.13185508821384,0.636064276315244,0.636064276315244,0.193349165533493,0.193349165533493,0.0,0.0,24.5588068493234,4.79453718407182,5.10880819110721,9.73791803856992,89.047678464,2.5,3.33333333333333,3.5,0.666666666666667,-0.57,6,82.038,0.815670623193098,1.76763383969422,1.72154518950437,45.8023588296539,10.6829861111111,0.480094233847061,10.6829861111111,0.319677956338659,0.614212962962963,0.319677956338659,-3.2275462962963,-0.480094233847061,-0.5818,21.2852,89.094,3,3,3,2,3,3,36,10.8285251668335,8.84157662500605,0.0,0.0,5.96930528795185,4.79453718407182,0.0,6.85189211729568,4.11227566851066,1.37075855617022,0,18.2100637565163,5.96930528795185,1.43119965723263,0.0,12.8697845856453,0.0,0.0,5.71971697572627,17.0960059474087,4.79453718407182,12.3349263419766,0.0,1.43119965723263,63.32,46.5201157407408,10.6829861111111,3.28506944444444,-0.614212962962963,-1.79398148148148,-3.18576388888889,0.0,-3.2275462962963,0.451352187737708,60,3,1289,3347,7.01,533.1,1034.3,2132.3,184.9,2.39,1.88,1.14,0.995,71.1,2499,122.4,403,298,0.2,6.52
3165,C3H7NO2_2,3AminopropanoicacidH2NCH2CH2COOH,Nd+++,NaClO4,0,4.90945370585376,203.914335599309,10.8618073195658,9.76371017642768,2.76371017642768,5.67475614840891,4.43453056967762,1.13185508821384,0.524260877440254,0.524260877440254,0.157963772053461,0.157963772053461,0.045643546458764,0.045643546458764,24.5588068493234,4.79453718407182,5.10880819110721,9.73791803856992,89.047678464,2.5,3.33333333333333,3.83333333333333,0.666666666666667,-0.57,6,82.038,0.815670623193098,2.65573363431151,3.43,45.8023588296539,10.5665972222222,0.481195254586476,10.5665972222222,0.304125215871101,0.593333333333333,0.304125215871101,-3.23784722222222,-0.481195254586476,-0.5802,21.3072,89.094,3,3,3,2,3,3,36,10.8285251668335,2.8236841566564,0.0,0.0,5.96930528795185,4.79453718407182,0.0,0.0,11.9798939089968,6.37292490132938,0,18.2100637565163,5.96930528795185,1.43119965723263,0.0,6.37292490132938,6.49685968431595,0.0,5.71971697572627,17.574973163375,4.79453718407182,11.8559591260103,0.0,1.43119965723263,63.32,46.6422916666667,10.5665972222222,3.25423611111111,-0.593333333333333,-1.78981481481481,0.0,-3.23784722222222,-3.17546296296296,0.475391944513694,60,3,1289,3347,7.01,533.1,1034.3,2132.3,184.9,2.39,1.88,1.14,0.995,71.1,2499,122.4,403,298,0.2,6.24
3174,C3H7NO2S,2Amino3mercaptopropanoicacidH2NCHCH2SHCOOH,Nd+++,NaNO3 ,0,5.20160426321713,224.980446930862,11.5689141007523,10.1719584668915,3.98845504781927,6.23541632018874,4.54690300537342,1.74422752390964,0.73812634893121,0.942250494163141,0.29002374830024,0.483372913833734,0.041666666666667,0.125,23.4118716171779,4.79453718407182,5.10880819110721,9.49095865543188,121.019749464,2.57142857142857,3.42857142857143,3.85714285714286,0.666666666666667,-0.22,7,114.105,1.38683139000933,2.87292470479721,2.47204152249135,56.6383213608599,10.8652083333333,0.480063884202469,10.8652083333333,0.320822211005874,0.263935185185185,0.320822211005874,-3.06828703703704,-0.480063884202469,-0.6719,29.4642,121.161,3,3,4,3,4,4,42,10.8285251668335,9.96537579803823,0.0,0.0,5.96930528795185,4.79453718407182,0.0,0.0,8.4464739974906,1.37075855617022,0,16.8393052003461,18.5020013261088,2.55499883026482,0.0,6.01789246834965,5.70495688515016,0.0,5.71971697572627,23.9247620055911,4.79453718407182,4.11227566851066,0.0,1.43119965723263,63.32,47.7151851851852,10.8652083333333,3.37006944444444,-3.38884259259259,-1.72939814814815,-3.06828703703704,0.0,0.0,0.42438150224219,60,3,1289,3347,7.01,533.1,1034.3,2132.3,184.9,2.39,1.88,1.14,0.995,71.1,2257,85.0,581,288,0.1,13.45
3186,C3H7NO3,2Amino3hydroxypropanoicacidH2NCHCH2OHCOOH,Nd+++,NaNO3 ,0,5.20160426321713,222.225559428699,11.5689141007523,10.1719584668915,3.17195846689155,6.23541632018874,4.54690300537342,1.33597923344577,0.73812634893121,0.73812634893121,0.29002374830024,0.29002374830024,0.041666666666667,0.041666666666667,24.2658999749441,4.79453718407182,10.2176163822144,9.79835913963233,105.042593084,2.28571428571429,3.14285714285714,3.57142857142857,0.666666666666667,-0.61,7,98.037,1.20930479747199,2.54399403900363,2.13211502782931,50.6832628399771,10.7985416666667,0.480021396143373,10.7985416666667,0.322371146848688,0.640462962962963,0.322371146848688,-3.26921296296296,-0.480021396143373,-1.6094,22.697,105.093,4,4,4,3,4,4,42,15.9373333579407,8.84157662500605,0.0,1.43119965723263,5.96930528795185,4.79453718407182,0.0,0.0,0.0,10.6712609114269,0,21.9481133914533,5.96930528795185,2.86239931446527,0.0,6.01789246834965,6.55898524291629,0.0,5.71971697572627,30.1949990386648,4.79453718407182,4.11227566851066,0.0,1.43119965723263,83.55,46.6443518518519,10.7985416666667,6.72048611111111,-0.640462962962963,-1.83356481481482,-3.25347222222222,0.0,-3.26921296296296,0.39424034920477,60,3,1289,3347,7.01,533.1,1034.3,2132.3,184.9,2.39,1.88,1.14,0.995,71.1,2257,85.0,581,298,0.1,5.07
3225,C4H2O4,34Dihydroxy3cyclobutene12dione,Nd+++,NaClO4,0,2.93532019984941,207.41209043761,7.7236146391316,5.63299316185545,3.63299316185545,4.71874401501341,2.63299316185545,1.81649658092773,1.31649658092773,1.31649658092773,0.82491495713053,0.82491495713053,0.349957478565265,0.349957478565265,23.0848196360422,9.58907436814364,10.2176163822144,2.86239931446527,113.995308544,1.125,1.5,1.75,0.0,-1.32,8,112.04,2.86044553929792,1.09068046963767,0.294096177119141,47.0334364063755,10.3461574074074,0.50136067140132,10.3461574074074,0.293437960479303,0.5,0.293437960479303,-0.919212962962963,-0.50136067140132,-0.5342,22.2976,114.056,2,4,4,2,4,2,42,10.2176163822144,0.0,0.0,11.5183297433124,0.0,9.58907436814364,0.0,0.0,0.0,0.0,1,19.8066907503581,11.5664898927299,2.86239931446527,0.0,0.0,0.0,11.5183297433124,0.0,21.7841062749443,9.58907436814364,0.0,11.5183297433124,2.86239931446527,74.6,12.4396296296296,20.6923148148148,7.37314814814815,0.0,-2.83842592592593,0.0,0.0,0.0,0.410624326921187,60,3,1289,3347,7.01,533.1,1034.3,2132.3,184.9,2.39,1.88,1.14,0.995,71.1,2499,122.4,403,298,0.1,2.73
3257,C4H4O4_1,cisButenedioicacidHOOCCHCHCOOH,Nd+++,NaClO4,0,4.68016792733481,211.21235949739,9.7236146391316,7.63299316185545,3.63299316185545,5.54011122005933,3.38299316185545,1.56649658092773,0.82491495713053,0.82491495713053,0.266624145231932,0.266624145231932,0.102062072615966,0.102062072615966,24.0427540679748,9.58907436814364,10.2176163822144,5.60391642680571,116.010958608,1.25,1.625,1.875,0.0,-1.32,8,112.04,2.29997131343487,2.78796371329198,4.68,50.8492085602404,10.3295200302343,0.47807075016058,10.3295200302343,0.328065863759142,1.12291666666667,0.328065863759142,-1.45333333333333,-0.47807075016058,-0.2882,24.4116,116.072,2,4,4,2,4,2,44,10.2176163822144,0.0,0.0,0.0,11.9386105759037,0.0,0.0,0.0,12.1041434920711,2.74151711234044,0,22.5482078626985,11.9386105759037,2.86239931446527,0.0,0.0,0.0,12.1041434920711,0.0,22.1562269581181,9.58907436814364,2.74151711234044,12.1041434920711,2.86239931446527,74.6,25.5511659108088,20.6590400604686,6.60896069538927,0.0,-2.90666666666667,-2.24583333333333,0.0,0.0,0.485983910085122,60,3,1289,3347,7.01,533.1,1034.3,2132.3,184.9,2.39,1.88,1.14,0.995,71.1,2499,122.4,403,298,0.1,3.66
3298,C4H4O4_2,transButenedioicacidHOOCCHCHCOOH,Nd+++,NaClO4,0,4.68016792733481,211.21235949739,9.7236146391316,7.63299316185545,3.63299316185545,5.54011122005933,3.38299316185545,1.56649658092773,0.82491495713053,0.82491495713053,0.266624145231932,0.266624145231932,0.102062072615966,0.102062072615966,24.0427540679748,9.58907436814364,10.2176163822144,5.60391642680571,116.010958608,1.25,1.625,1.875,0.0,-1.32,8,112.04,2.29997131343487,2.78796371329198,4.68,50.8492085602404,10.3295200302343,0.47807075016058,10.3295200302343,0.328065863759142,1.12291666666667,0.328065863759142,-1.45333333333333,-0.47807075016058,-0.2882,24.4116,116.072,2,4,4,2,4,2,44,10.2176163822144,0.0,0.0,0.0,11.9386105759037,0.0,0.0,0.0,12.1041434920711,2.74151711234044,0,22.5482078626985,11.9386105759037,2.86239931446527,0.0,0.0,0.0,12.1041434920711,0.0,22.1562269581181,9.58907436814364,2.74151711234044,12.1041434920711,2.86239931446527,74.6,25.5511659108088,20.6590400604686,6.60896069538927,0.0,-2.90666666666667,-2.24583333333333,0.0,0.0,0.485983910085122,60,3,1289,3347,7.01,533.1,1034.3,2132.3,184.9,2.39,1.88,1.14,0.995,71.1,2499,122.4,403,298,0.1,2.74
3315,C4H4O5,2OxosuccinicacidOxalaceticacidHOOCCH2COCOOH,Nd+++,NaClO4,0,4.73401991926226,248.918941204734,10.646264369942,8.04124145231932,4.04124145231932,5.87344455339266,3.58711730708738,1.77062072615966,1.02903910236246,1.02903910236246,0.400988514873248,0.400988514873248,0.143728739282632,0.143728739282632,24.094780423598,14.3836115522155,10.2176163822144,5.60391642680571,132.005873228,1.44444444444444,2.11111111111111,2.55555555555556,0.25,-1.39,9,128.039,2.95363487933511,2.80621459529677,3.21514372163389,55.7003336924684,10.6424537037037,0.480894710819856,10.6424537037037,0.372287705617316,1.83759259259259,0.372287705617316,-3.29178240740741,-0.480894710819856,-0.8852,24.8956,132.071,2,5,5,2,5,3,50,10.2176163822144,6.37292490132938,0.0,0.0,11.9386105759037,9.58907436814364,0.0,0.0,2.74151711234044,0.0,0,27.3427450467703,17.7218555222686,2.86239931446527,0.0,6.37292490132938,0.0,0.0,0.0,27.9394719044831,14.3836115522155,9.11444201366982,0.0,2.86239931446527,91.67,25.4166520219199,31.3738317271353,6.32254865835223,0.0,-5.57125,0.0,-3.29178240740741,0.0,0.383748266282892,60,3,1289,3347,7.01,533.1,1034.3,2132.3,184.9,2.39,1.88,1.14,0.995,71.1,2499,122.4,403,298,0.5,3.62
3321,C4H5NO5,OxalohydroxamicacidHOOCCOCH2CONHOH,Nd+++,KNO3  ,0,4.89030363640478,293.146975702653,12.2236146391316,9.48845504781927,4.48845504781927,6.78412815591562,4.23638774094045,1.97267756451276,1.13802128112321,1.13802128112321,0.48877052408652,0.48877052408652,0.170974283972819,0.170974283972819,29.5057762124009,14.3836115522155,10.318342012151,7.01575850513391,147.01677226,1.7,2.4,2.9,0.25,-1.43,10,142.046,3.10815039913319,3.56781841766492,2.77532671431236,62.6672615079606,10.8862329931973,0.475489486496181,10.8862329931973,0.372216167709807,0.62983560090703,0.372216167709807,-3.41574074074074,-0.475489486496181,-1.4644,27.189,147.086,3,6,5,3,6,4,56,5.10880819110721,0.0,1.4118420783282,7.21444460359757,5.96930528795185,14.7986081891874,0.0,0.0,2.74151711234044,6.37292490132938,0,30.2865124122677,17.6597299636683,1.43119965723263,5.47312134740325,6.37292490132938,0.0,0.0,5.47312134740325,27.9780719758193,14.3836115522155,9.11444201366982,0.0,1.43119965723263,103.7,32.4185260770975,32.18163218065,6.43483418367347,-0.62983560090703,-5.73941609977324,0.0,-3.41574074074074,0.0,0.195618472516948,60,3,1289,3347,7.01,533.1,1034.3,2132.3,184.9,2.39,1.88,1.14,0.995,71.1,2109,101.1,607,298,0.1,10.42
3324,C4H5O4Cl,ChlorosuccinicacidHOOCCHClCH2COOH,Nd+++,NaClO4,0,5.05648616418487,228.116193777706,11.5689141007523,9.01095763486468,4.76688658088313,6.2127609508697,4.07197539836007,2.13344329044157,1.01389719363514,1.39186166664437,0.391021379339131,0.63981584755353,0.140637910106489,0.217789585087535,23.6646749846405,9.58907436814364,10.2176163822144,18.5756148732084,151.98763632,1.55555555555556,2.11111111111111,2.55555555555556,0.5,-0.77,9,147.493,2.87622936374169,3.2939043863984,3.78325034578147,63.2470483194741,10.6624135487528,0.481179439354652,10.6624135487528,0.321712122443838,1.78280864197531,0.321712122443838,-3.28329475308642,-0.481179439354652,0.1531,29.5296,152.533,2,4,4,2,5,3,52,10.2176163822144,5.35313950740741,0.0,0.0,11.9386105759037,9.58907436814364,0.0,0.0,2.74151711234044,7.7436834574996,0,23.9189664188687,23.5395504661362,2.86239931446527,0.0,11.7260644087368,0.0,0.0,0.0,27.5093664655255,9.58907436814364,10.48520056984,0.0,2.86239931446527,74.6,33.0892523305619,21.3048270975057,3.37740976946334,0.0,-3.60882716049383,0.0,-3.28329475308642,0.0,0.56497521183041,60,3,1289,3347,7.01,533.1,1034.3,2132.3,184.9,2.39,1.88,1.14,0.995,71.1,2499,122.4,403,303,0.1,2.42
3329,C4H6O2_1,But2enoicacidCH3CHCHCOOH,Nd+++,NaClO4,0,4.81879887673488,216.078200034615,9.93915758875542,8.81649658092773,2.81649658092773,5.30274768048077,4.06649658092773,1.15824829046386,0.537457478565265,0.537457478565265,0.164562072615966,0.164562072615966,0.051031036307983,0.051031036307983,24.9253408973187,4.79453718407182,5.10880819110721,8.28499243808374,86.036779432,2.33333333333333,3.16666666666667,3.66666666666667,0.25,-0.79,6,80.042,0.885830094940625,2.4475296912114,3.21,44.616723450209,10.3748148148148,0.478082123313506,10.3748148148148,0.327465006227572,1.12037037037037,0.327465006227572,-2.81421296296296,-0.478082123313506,0.6471,22.4498,86.09,1,2,2,1,2,2,34,5.10880819110721,0.0,0.0,0.0,5.96930528795185,0.0,6.05207174603557,6.85189211729568,10.1643474145462,2.74151711234044,0,16.7571381560301,5.96930528795185,1.43119965723263,0.0,6.85189211729568,0.0,12.1041434920711,0.0,11.0781134790591,4.79453718407182,13.7056848981468,12.1041434920711,1.43119965723263,37.3,39.5590509259259,10.3748148148148,3.32398148148148,0.0,-1.44803240740741,-2.24560185185185,0.0,-2.81421296296296,0.47545077608032,60,3,1289,3347,7.01,533.1,1034.3,2132.3,184.9,2.39,1.88,1.14,0.995,71.1,2499,122.4,403,298,0.2,3.85
3341,C4H6O2_2,2MethylpropenoicacidCH2CCH3COOH,Nd+++,KCl   ,0,4.97435535913335,212.078200034616,9.93915758875542,8.81649658092773,2.81649658092773,5.30274768048077,4.06649658092773,1.15824829046386,0.662457478565265,0.662457478565265,0.204124145231932,0.204124145231932,0.0,0.0,24.9253408973187,4.79453718407182,5.10880819110721,8.28499243808374,86.036779432,2.33333333333333,3.16666666666667,3.33333333333333,0.25,-0.79,6,80.042,0.885830094940625,1.59814696379692,1.52152647975078,44.616723450209,10.5325231481481,0.477896961855984,10.5325231481481,0.330163383233826,1.08564814814815,0.330163383233826,-2.87800925925926,-0.477896961855984,0.6471,22.4498,86.09,1,2,2,1,2,2,34,5.10880819110721,0.0,0.0,0.0,5.96930528795185,0.0,6.53103896200187,6.85189211729568,9.68538019857993,2.74151711234044,0,16.7571381560301,5.96930528795185,1.43119965723263,0.0,6.85189211729568,0.0,12.1041434920711,0.0,11.0781134790591,4.79453718407182,13.7056848981468,12.1041434920711,1.43119965723263,37.3,39.4784722222222,10.5325231481481,3.35335648148148,-1.08564814814815,-1.49074074074074,0.0,0.0,-4.03796296296296,0.47545077608032,60,3,1289,3347,7.01,533.1,1034.3,2132.3,184.9,2.39,1.88,1.14,0.995,71.1,1984,74.6,1043,298,0.1,2.35
3354,C4H6O4_1,MethylpropanedioicacidHOOCCHCH3COOH,Nd+++,KCl   ,0,5.27149336560932,230.706284243489,11.5689141007523,9.63299316185545,3.63299316185545,6.2127609508697,4.38299316185545,1.56649658092773,0.94991495713053,0.94991495713053,0.408248290463863,0.408248290463863,0.083333333333333,0.083333333333333,24.6844603785625,9.58907436814364,10.2176163822144,8.34543353914615,118.026608672,1.5,2.0,2.25,0.5,-1.06,8,112.04,1.7176066260953,2.29931958200357,1.5922103829448,54.3487525927603,10.739375,0.480607501695428,10.739375,0.31708373953365,1.92152777777778,0.31708373953365,-3.39236111111111,-0.480607501695428,-0.2083,24.4356,118.088,2,4,4,2,4,3,46,10.2176163822144,0.0,5.89395768536308,0.0,11.9386105759037,9.58907436814364,0.0,6.85189211729568,4.11227566851066,1.37075855617022,0,25.2897249750389,11.9386105759037,2.86239931446527,0.0,6.85189211729568,0.0,0.0,0.0,22.1562269581181,9.58907436814364,12.3349263419766,0.0,2.86239931446527,74.6,39.473287037037,21.47875,6.48847222222222,0.0,-7.23541666666667,0.0,0.0,-3.37175925925926,0.49182139381348,60,3,1289,3347,7.01,533.1,1034.3,2132.3,184.9,2.39,1.88,1.14,0.995,71.1,1984,74.6,1043,298,0.2,3.68
3371,C4H6O4_2,14ButanedioicacidHOOCCH2CH2COOH,Nd+++,NaClO4,0,5.05648616418487,224.216059247816,11.5689141007523,9.63299316185545,3.63299316185545,6.2127609508697,4.38299316185545,1.56649658092773,0.82491495713053,0.82491495713053,0.266624145231932,0.266624145231932,0.102062072615966,0.102062072615966,24.6844603785625,9.58907436814364,10.2176163822144,8.34543353914615,118.026608672,1.375,1.75,2.0,0.5,-1.06,8,112.04,1.7176066260953,3.00968748183275,4.94,54.3487525927603,10.6068579931973,0.481218929315306,10.6068579931973,0.303432489088252,1.88157407407407,0.303432489088252,-3.38206018518519,-0.481218929315306,-0.0642,24.5056,118.088,2,4,4,2,4,3,46,10.2176163822144,0.0,0.0,0.0,11.9386105759037,9.58907436814364,0.0,0.0,5.48303422468088,12.7458498026588,0,25.2897249750389,11.9386105759037,2.86239931446527,0.0,12.7458498026588,0.0,0.0,0.0,22.1562269581181,9.58907436814364,18.2288840273396,0.0,2.86239931446527,74.6,39.7007492441421,21.2137159863946,6.44613662131519,0.0,-3.76314814814815,0.0,-6.76412037037037,0.0,0.543771403159852,60,3,1289,3347,7.01,533.1,1034.3,2132.3,184.9,2.39,1.88,1.14,0.995,71.1,2499,122.4,403,298,0.2,4.37
3395,C4H6O4S_1,2Mercaptosuccinicacid2Sulfanyl14butanedioicacidHOOCCHSHCH2COOH,Nd+++,NaClO4,0,5.26873010834819,271.857509046628,12.2760208819389,10.0412414523193,4.85773803324704,6.77342112264952,4.49536559755125,2.17886901662352,1.02903910236246,1.43728739282632,0.400988514873248,0.66971725415588,0.143728739282632,0.227062072615966,23.5375251464169,9.58907436814364,10.2176163822144,8.09847415600812,149.998679672,1.66666666666667,2.33333333333333,2.77777777777778,0.5,-0.71,9,144.107,2.49436282477872,3.34193032544224,3.83869684499314,65.1847151239663,10.8847746598639,0.481189009122387,10.8847746598639,0.316450332269081,0.381481481481482,0.316450332269081,-3.26458333333333,-0.481189009122387,-0.1559,32.6626,150.155,2,4,5,3,5,4,52,10.2176163822144,6.34978884221605,0.0,0.0,11.9386105759037,9.58907436814364,0.0,0.0,2.74151711234044,7.7436834574996,0,23.9189664188687,24.4713066140607,3.98619848749746,0.0,11.5989145705132,0.0,0.0,0.0,28.5060158003342,9.58907436814364,10.48520056984,0.0,2.86239931446527,74.6,40.5319297996977,21.6738548752834,3.66199310279667,0.0,-3.5550462962963,0.0,-3.26458333333333,0.0,0.488711436986119,60,3,1289,3347,7.01,533.1,1034.3,2132.3,184.9,2.39,1.88,1.14,0.995,71.1,2499,122.4,403,298,0.2,6.51
3449,C4H6O5_1,2Hydroxybutane14dioicacidHydroxysuccinicacidHOOCCH2CHOHCOOH,Nd+++,KCl   ,0,5.26873010834818,268.247868572191,12.2760208819389,10.0412414523193,4.04124145231932,6.77342112264952,4.49536559755125,1.77062072615966,1.02903910236246,1.02903910236246,0.400988514873248,0.400988514873248,0.143728739282632,0.143728739282632,24.3915535041831,9.58907436814364,15.3264245733216,8.40587464020856,134.021523292,1.44444444444444,2.11111111111111,2.55555555555556,0.5,-1.1,9,128.039,2.26019469983775,3.03230652695367,3.47971014492754,59.2296566030835,10.7806079931973,0.481147146528291,10.7806079931973,0.332634795412751,1.92115740740741,0.332634795412751,-3.44976851851852,-0.481147146528291,-1.0934,25.8954,134.087,3,5,5,3,5,4,52,15.3264245733216,0.0,6.08001802694999,1.43119965723263,11.9386105759037,4.79453718407182,0.0,0.0,2.74151711234044,7.7436834574996,0,29.0277746099759,11.9386105759037,4.2935989716979,0.0,12.4529429282794,0.0,0.0,0.0,34.7762528334079,9.58907436814364,10.48520056984,0.0,2.86239931446527,94.83,39.6087816515495,21.5030215419501,9.93942365835223,0.0,-3.84439814814815,0.0,-6.87349537037037,0.0,0.455339882558431,60,3,1289,3347,7.01,533.1,1034.3,2132.3,184.9,2.39,1.88,1.14,0.995,71.1,1984,74.6,1043,298,0.1,4.6
3490,C4H6O5_2,Dicarboxymethylether22OxydiethanoicacidHOOCCH2OCH2COOH,Nd+++,NaClO4,0,4.70923399106134,238.247868572191,12.2760208819389,10.0412414523193,4.04124145231932,6.66986773205625,4.54124145231932,1.72474487139159,0.881101174978427,0.881101174978427,0.268728739282633,0.268728739282633,0.108848851487325,0.108848851487325,25.0565810617363,9.58907436814364,14.9544793360145,8.34543353914615,134.021523292,1.33333333333333,1.77777777777778,2.11111111111111,0.5,-1.1,9,128.039,2.26019469983775,3.84856593494632,6.9,59.4622978222672,10.5467989417989,0.479533440634856,10.5467989417989,0.329165755444711,1.84337443310658,0.329165755444711,-3.33388888888889,-0.479533440634856,-0.8278,26.0906,134.087,2,5,5,2,5,4,52,14.9544793360145,13.1179704858326,0.0,0.0,11.9386105759037,0.0,0.0,0.0,0.0,5.48303422468088,0,30.026587928839,11.9386105759037,2.86239931446527,0.0,0.0,13.1179704858326,0.0,0.0,35.2741974439507,14.3259373219437,5.48303422468088,0.0,2.86239931446527,83.83,43.1549201625095,21.0935978835979,6.43934193121693,0.0,-3.68674886621315,0.0,0.0,-6.66777777777778,0.523951133395943,60,3,1289,3347,7.01,533.1,1034.3,2132.3,184.9,2.39,1.88,1.14,0.995,71.1,2499,122.4,403,293,1.0,5.45
3509,C4H6O6_1,LTartaricacidL23DihydroxybutanedioicacidHOOCCHOHCHOHCOOH,Nd+++,NaClO4,0,5.47955183208131,258.192325626572,12.9831276631254,10.4494897427832,4.44948974278318,7.33408129442934,4.60773803324704,1.97474487139159,1.23316324759439,1.23316324759439,0.577019551181231,0.577019551181231,0.185395405949299,0.185395405949299,24.0986466298037,9.58907436814364,20.4352327644288,8.46631574127098,150.016437912,1.2,1.6,1.8,0.5,-1.14,10,144.038,2.84939300238001,3.13625326862224,1.99737540232458,64.1105606134068,10.8961635487528,0.479239649762986,10.8961635487528,0.335426587505669,1.96282407407407,0.335426587505669,-3.49143518518519,-0.479239649762986,-2.1226,27.2852,150.086,4,6,6,4,6,5,58,20.4352327644288,0.0,12.1600360539,2.86239931446527,11.9386105759037,0.0,0.0,0.0,0.0,2.74151711234044,0,32.7658242449129,11.9386105759037,5.72479862893054,0.0,12.1600360539,0.0,0.0,0.0,47.3962787086978,9.58907436814364,2.74151711234044,0.0,2.86239931446527,115.06,39.4493140589569,21.7923270975057,13.5002106953893,0.0,-3.92564814814815,0.0,-6.98287037037037,0.0,0.365229184858597,60,3,1289,3347,7.01,533.1,1034.3,2132.3,184.9,2.39,1.88,1.14,0.995,71.1,2499,122.4,403,298,0.1,4.16
3531,C4H7NO3,NAcetylglycineCH3CONHCH2COOH,Nd+++,NaClO4,0,4.93264443734404,273.89908760846,12.4391575887554,10.6719584668915,3.67195846689155,6.54676461633706,4.91504791715957,1.55958603119575,0.816216840723727,0.816216840723727,0.248734038251281,0.248734038251281,0.096416169406893,0.096416169406893,30.5350501722034,9.58907436814364,5.10880819110721,9.69683451641194,117.042593084,2.0,2.75,3.25,0.5,-1.06,8,110.048,1.46239201737182,3.00968748183275,4.94,56.4807378984512,10.8985246598639,0.479930448675035,10.8985246598639,0.322469066760714,0.669768518518518,0.322469066760714,-3.31226851851852,-0.479930448675035,-0.7929,26.3195,117.104,2,4,3,2,4,3,46,10.4186215443956,6.49685968431595,1.4118420783282,5.90717972935151,5.96930528795185,9.58907436814364,0.0,0.0,10.9641677858063,2.74151711234044,0,22.9635174184302,11.8764850173034,1.43119965723263,5.30981335328838,6.85189211729568,6.49685968431595,0.0,5.30981335328838,23.4821528927265,9.58907436814364,13.7056848981468,0.0,1.43119965723263,66.4,46.5226483371126,21.5226403061224,2.56770030234316,0.0,-3.7287037037037,0.0,0.0,-6.5509519085412,0.497591740254298,60,3,1289,3347,7.01,533.1,1034.3,2132.3,184.9,2.39,1.88,1.14,0.995,71.1,2499,122.4,403,298,0.1,1.86
3560,C4H7NO4_1,IminodiethanoicacidHNCH2COOH2,Nd+++,KCl   ,0,5.11361532129641,266.111413262996,13.146264369942,11.0802067573554,4.08020675735541,7.11746148924895,5.02742035285537,1.76371017642768,0.910325153755498,0.910325153755498,0.294377584710045,0.294377584710045,0.119237942636275,0.119237942636275,30.242143297824,9.58907436814364,10.2176163822144,9.75727561747435,133.037507704,1.55555555555556,2.0,2.33333333333333,0.5,-1.1,9,126.047,1.94668495419492,3.84856593494632,6.9,61.3616419087745,10.7205489417989,0.48029135641056,10.7205489417989,0.316991997357702,0.68675925925926,0.316991997357702,-3.37555555555556,-0.48029135641056,-1.2548,28.1413,133.103,3,5,5,3,5,4,52,10.2176163822144,1.4118420783282,0.0,0.0,11.9386105759037,14.898887721432,0.0,0.0,0.0,18.4767535933128,0,26.7015670533671,11.9386105759037,2.86239931446527,5.30981335328838,0.0,12.9937193686319,0.0,5.30981335328838,35.14994632675,9.58907436814364,5.48303422468088,0.0,2.86239931446527,86.63,47.0933460884354,21.4410978835979,5.82008267195767,0.0,-3.77008219954648,0.0,0.0,-6.75111111111111,0.445504493240361,60,3,1289,3347,7.01,533.1,1034.3,2132.3,184.9,2.39,1.88,1.14,0.995,71.1,1984,74.6,1043,298,0.2,6.4
3602,C4H7NO4_2,AminobutanedioicacidH2NCHCH2COOHCOOH,Nd+++,NaClO4,0,5.52386622057936,296.111413262996,13.146264369942,11.0802067573554,4.08020675735541,7.15613662384376,5.00102715060535,1.79010337867771,1.04852175488051,1.04852175488051,0.413812937586954,0.413812937586954,0.14770561907473,0.14770561907473,30.049144921309,9.58907436814364,10.2176163822144,9.79835913963233,133.037507704,1.66666666666667,2.33333333333333,2.77777777777778,0.5,-1.1,9,126.047,1.94668495419492,3.03230652695367,3.47971014492754,61.2097270544175,10.9543579931973,0.481175383236989,10.9543579931973,0.320578107070282,0.749212962962963,0.320578107070282,-3.51747685185185,-0.481175383236989,-1.127,27.864,133.103,4,5,5,3,5,4,52,15.9373333579407,8.84157662500605,0.0,0.0,11.9386105759037,9.58907436814364,0.0,0.0,2.74151711234044,7.7436834574996,0,26.7426505755251,11.9386105759037,2.86239931446527,0.0,12.390817369679,0.0,0.0,5.71971697572627,28.1741194264678,9.58907436814364,10.48520056984,0.0,2.86239931446527,100.62,47.1484344293273,21.7923270975057,6.55030328798186,-0.749212962962963,-3.92564814814815,-3.46539351851852,-3.51747685185185,0.0,0.452021255035378,60,3,1289,3347,7.01,533.1,1034.3,2132.3,184.9,2.39,1.88,1.14,0.995,71.1,2499,122.4,403,303,0.1,5.66
3646,C4H8N2O3_1,2Aminobutanedioicacid4amideH2NCHCH2CONH2COOH,Nd+++,NaClO4,0,5.62763384551777,321.892152043079,14.0165078579451,12.1191720623915,4.11917206239151,7.52881542390594,5.50668870365945,1.80958603119575,1.06621684072373,1.06621684072373,0.418683600716466,0.418683600716466,0.152319177410104,0.152319177410104,35.7067363384349,9.58907436814364,5.10880819110721,11.1908436390561,132.053492116,1.88888888888889,2.66666666666667,3.11111111111111,0.5,-1.1,9,124.055,1.69415341651277,3.03230652695367,3.47971014492754,63.1897975057514,11.1296357709751,0.480075419659475,11.1296357709751,0.320507903230734,0.732127267573696,0.320507903230734,-3.58518518518519,-0.480075419659475,-1.7263,29.4226,132.119,5,5,4,3,5,4,52,16.5482421425598,8.84157662500605,2.8236841566564,5.90717972935151,5.96930528795185,9.58907436814364,0.0,0.0,2.74151711234044,7.7436834574996,0,24.4575265410743,11.8764850173034,1.43119965723263,0.0,12.390817369679,0.0,0.0,11.4394339514525,23.0031856767602,9.58907436814364,10.48520056984,0.0,1.43119965723263,106.41,54.4303472222222,22.1664767573696,3.3016227324263,-1.50467356386999,-3.95361111111111,-3.52164351851852,-3.58518518518519,0.0,0.423939477377112,60,3,1289,3347,7.01,533.1,1034.3,2132.3,184.9,2.39,1.88,1.14,0.995,71.1,2499,122.4,403,303,0.1,3.77
3660,C4H8N2O3_2,GlycylglycineH2NCH2CONHCH2COOH,Nd+++,KCl   ,0,5.13304841124449,319.892152043079,14.0165078579451,12.1191720623915,4.11917206239151,7.49014028931112,5.53308190590947,1.78319282894573,0.928020239598716,0.928020239598716,0.344377584710045,0.344377584710045,0.121416169406893,0.121416169406893,35.8997347149499,9.58907436814364,5.10880819110721,11.1497601168981,132.053492116,1.77777777777778,2.55555555555556,3.11111111111111,0.5,-1.1,9,124.055,1.69415341651277,3.84856593494632,4.75923585176673,63.3417123601084,11.2460246598639,0.479930442621708,11.2460246598639,0.322470153958056,0.681565098261527,0.322470153958056,-3.40060185185185,-0.479930442621708,-1.8541,29.6999,132.119,4,5,4,3,5,4,52,16.1383385201219,9.32054384097235,1.4118420783282,5.90717972935151,5.96930528795185,9.58907436814364,0.0,0.0,0.0,11.9798939089968,0,24.4164430189163,11.8764850173034,1.43119965723263,5.30981335328838,0.0,12.9937193686319,0.0,11.0295303290146,29.9790125770425,9.58907436814364,5.48303422468088,0.0,1.43119965723263,92.42,54.0788605442177,21.9938647959184,2.52954979213908,-0.681565098261527,-3.86475812547241,0.0,0.0,-6.72261857520786,0.419802890897811,60,3,1289,3347,7.01,533.1,1034.3,2132.3,184.9,2.39,1.88,1.14,0.995,71.1,1984,74.6,1043,298,0.1,2.35
3670,C4H8N2O4_1,HydrazineNNdiethanoicacidHOOCCH2NHNHCH2COOH,Nd+++,KCl   ,0,5.16198025502943,305.058650025962,14.7236146391316,12.5274203528554,4.52742035285537,8.02814509177191,5.67463394835533,1.96371017642768,0.998521754880509,0.998521754880509,0.332574185835055,0.332574185835055,0.131649658092773,0.131649658092773,35.7699622373204,9.58907436814364,10.2176163822144,11.1691176958026,148.048406736,1.4,1.8,2.1,0.5,-1.14,10,140.054,2.17606792727666,4.71197886358657,6.86,68.3446672450237,10.8137439373898,0.480253234192225,10.8137439373898,0.318384123291598,0.66587962962963,0.318384123291598,-3.38972505668934,-0.480253234192225,-1.7502,31.277,148.118,4,6,6,4,6,5,58,10.2176163822144,15.8174035252883,0.0,0.0,11.9386105759037,9.58907436814364,0.0,0.0,0.0,5.48303422468088,0,28.1134091316953,11.9386105759037,2.86239931446527,10.8376322927849,0.0,12.9937193686319,0.0,10.8376322927849,35.14994632675,9.58907436814364,5.48303422468088,0.0,2.86239931446527,98.66,54.5647140337617,21.6274878747795,6.54902447089947,-1.33175925925926,-3.79668367346939,0.0,0.0,-6.77945011337869,0.272401054047324,60,3,1289,3347,7.01,533.1,1034.3,2132.3,184.9,2.39,1.88,1.14,0.995,71.1,1984,74.6,1043,333,0.1,6.29
3679,C4H8O2_1,nButanoicacidCH3CH2CH2COOH,Nd+++,KCl   ,0,5.17602706697941,229.986003393216,11.7844570503762,10.8164965809277,2.81649658092773,5.98138047543485,5.06649658092773,1.15824829046386,0.537457478565265,0.537457478565265,0.164562072615966,0.164562072615966,0.051031036307983,0.051031036307983,25.5670472079063,4.79453718407182,5.10880819110721,11.0265095504242,88.052429496,2.16666666666667,3.0,3.5,0.75,-0.53,6,80.042,0.702861031672485,2.69371364653244,3.47,48.1162674827289,10.6521527777778,0.481230516409432,10.6521527777778,0.302828936579499,1.87627314814815,0.302828936579499,-3.40462962962963,-0.481230516409432,0.8711,22.5438,88.106,1,2,2,1,2,3,36,5.10880819110721,0.0,0.0,0.0,5.96930528795185,4.79453718407182,6.85189211729568,6.37292490132938,15.9682347945209,0.0,0,19.4986552683706,5.96930528795185,1.43119965723263,0.0,19.5977419199544,0.0,0.0,0.0,11.0781134790591,4.79453718407182,29.193051813146,0.0,1.43119965723263,37.3,54.0065277777778,10.6521527777778,3.24256944444444,0.0,-1.87627314814815,0.0,-6.79351851851852,-3.31479166666667,0.543440747288912,60,3,1289,3347,7.01,533.1,1034.3,2132.3,184.9,2.39,1.88,1.14,0.995,71.1,1984,74.6,1043,298,1.0,2.92
3697,C4H8O2_2,2MethylpropanoicacidCH3CHCH3COOH,Nd+++,NaClO4,0,5.40442636147919,212.476228388889,11.7844570503762,10.8164965809277,2.81649658092773,5.98138047543485,5.06649658092773,1.15824829046386,0.662457478565265,0.662457478565265,0.204124145231932,0.204124145231932,0.0,0.0,25.5670472079063,4.79453718407182,5.10880819110721,11.0265095504242,88.052429496,2.0,2.66666666666667,2.83333333333333,0.75,-0.53,6,80.042,0.702861031672485,1.79883703364538,1.75818443804035,48.1162674827289,10.8098611111111,0.481041589569959,10.8098611111111,0.3054235297286,1.91898148148148,0.3054235297286,-3.41493055555556,-0.481041589569959,0.727,22.4738,88.106,1,2,2,1,2,3,36,5.10880819110721,0.0,0.0,0.0,5.96930528795185,4.79453718407182,13.7037842345914,0.0,9.59530989319154,5.89395768536308,0,19.4986552683706,5.96930528795185,1.43119965723263,0.0,13.7037842345914,0.0,0.0,0.0,11.0781134790591,4.79453718407182,23.2990941277829,0.0,1.43119965723263,37.3,53.9259490740741,10.8098611111111,3.27194444444444,0.0,-5.33391203703704,0.0,0.0,-6.75717592592593,0.512604010647191,60,3,1289,3347,7.01,533.1,1034.3,2132.3,184.9,2.39,1.88,1.14,0.995,71.1,2499,122.4,403,298,2.0,1.91
3714,C4H8O2S_2,SEthylthioethanoicacidCH3CH2SCH2COOH,Nd+++,NaClO4,0,4.80023680994542,247.516449273138,12.4915638315627,11.2247448713916,4.04124145231932,6.4384872566214,5.22474487139159,2.13299316185545,0.593643696413162,1.20601613210896,0.185395405949299,0.556186217847897,0.067182184820658,0.201546554461974,24.2311111755478,4.79453718407182,5.10880819110721,11.0265095504242,120.024500496,2.14285714285714,3.0,3.57142857142857,0.75,-0.18,7,112.109,1.20952335276168,3.99182130584192,5.82,58.2393775080942,10.6823100907029,0.480622956154978,10.6823100907029,0.312950847075481,0.346574074074074,0.312950847075481,-3.07606764928193,-0.480622956154978,0.8241,30.6348,120.173,1,2,3,1,3,4,42,5.10880819110721,0.0,0.0,0.0,5.96930528795185,4.79453718407182,6.85189211729568,5.70495688515016,6.8537927808511,8.4464739974906,0,19.4986552683706,17.731190237343,1.43119965723263,0.0,6.85189211729568,11.4099137703003,0.0,0.0,22.4880272493594,4.79453718407182,16.4472020104872,0.0,1.43119965723263,37.3,54.6608952191988,10.6823100907029,3.3384410430839,-5.85680555555556,-1.65219907407407,0.0,0.0,-3.07606764928193,0.598884264965792,60,3,1289,3347,7.01,533.1,1034.3,2132.3,184.9,2.39,1.88,1.14,0.995,71.1,2499,122.4,403,304,2.0,1.72
3753,C4H8O3,2Hydroxy2methylpropanoicacidCH32COHCOOH,Nd+++,NaClO4,0,5.6431040286747,227.251786766647,12.4915638315627,11.2247448713916,3.22474487139159,6.54204064721467,5.17886901662352,1.36237243569579,0.968643696413162,0.968643696413162,0.287457478565265,0.287457478565265,0.0,0.0,25.2741403335269,4.79453718407182,10.2176163822144,11.0869506514866,104.047344116,1.85714285714286,2.57142857142857,2.71428571428571,0.75,-0.57,7,96.041,1.05113526523176,1.49951955184627,2.1666482504604,52.9971714930522,10.9836111111111,0.479129763240558,10.9836111111111,0.334584754814396,1.96064814814815,0.334584754814396,-3.45659722222222,-0.479129763240558,-0.1581,23.9336,104.105,2,3,3,2,3,4,42,10.2176163822144,0.0,5.60105081098369,1.43119965723263,5.96930528795185,0.0,0.0,13.7037842345914,8.22455133702132,0.0,0,23.2367049033076,5.96930528795185,2.86239931446527,0.0,19.304835045575,0.0,0.0,0.0,23.2191721383826,4.79453718407182,21.9283355716127,0.0,1.43119965723263,57.53,53.8872453703704,10.9836111111111,6.85564814814815,-3.45659722222222,-1.96064814814815,0.0,0.0,-6.89259259259259,0.485716208919777,60,3,1289,3347,7.01,533.1,1034.3,2132.3,184.9,2.39,1.88,1.14,0.995,71.1,2499,122.4,403,293,0.1,2.88
3785,C4H8O4,23Dihydroxy2methylpropanoicacidHOCH2COHCH3COOH,Nd+++,KNO3  ,0,5.76279537278441,263.2541501125,13.1986706127493,11.6329931618555,3.63299316185545,7.10270081899449,5.29124145231932,1.56649658092773,1.07070576902913,1.07070576902913,0.431186217847897,0.431186217847897,0.041666666666667,0.041666666666667,24.9812334591475,4.79453718407182,15.3264245733216,11.147391752549,120.042258736,1.75,2.625,3.0,0.75,-0.61,8,112.04,1.45721813320095,2.10546101317764,1.47568575166816,57.8780755033754,11.0991666666667,0.479055017833194,11.0991666666667,0.337327125448473,2.00023148148148,0.337327125448473,-3.52430555555556,-0.479055017833194,-1.1857,25.3454,120.104,3,4,4,3,4,5,48,15.3264245733216,0.0,5.60105081098369,2.86239931446527,5.96930528795185,0.0,0.0,6.85189211729568,4.11227566851066,9.30050235525673,0,26.9747545382446,5.96930528795185,4.2935989716979,0.0,12.4529429282794,6.55898524291629,0.0,0.0,36.3181652296387,4.79453718407182,13.7056848981468,0.0,1.43119965723263,77.76,53.9871064814815,11.0991666666667,10.3454398148148,-3.52430555555556,-2.00023148148148,0.0,0.0,-6.99050925925926,0.428082807668048,60,3,1289,3347,7.01,533.1,1034.3,2132.3,184.9,2.39,1.88,1.14,0.995,71.1,2109,101.1,607,298,0.1,2.96
3798,C4H8O5,23Dihydroxy2hydroxymethylpropanoicacidHOCH2CCH2OHOHCOOH,Nd+++,NaClO4,0,5.88920950836361,265.089103462045,13.9057773939358,12.0412414523193,4.04124145231932,7.66336099077431,5.40361388801511,1.77062072615966,1.17276784164509,1.17276784164509,0.57491495713053,0.57491495713053,0.104166666666667,0.104166666666667,24.6883265847681,4.79453718407182,20.4352327644288,11.2078328536114,136.037173356,1.44444444444444,2.11111111111111,2.44444444444444,0.75,-0.65,9,128.039,1.9144516122187,2.76664916334103,1.6330639057618,62.7589795136986,11.2147222222222,0.478979387774072,11.2147222222222,0.340107819406513,2.03981481481482,0.340107819406513,-3.59201388888889,-0.478979387774072,-2.2133,26.7572,136.103,4,5,5,4,5,6,54,20.4352327644288,0.0,0.0,9.89464978268159,5.96930528795185,0.0,0.0,0.0,0.0,18.6010047105135,0,30.7128041731815,5.96930528795185,5.72479862893054,0.0,5.60105081098369,13.1179704858326,0.0,0.0,49.4171583208949,4.79453718407182,5.48303422468088,0.0,1.43119965723263,97.99,54.0503009259259,11.2147222222222,13.8718981481481,-3.59201388888889,-2.03981481481482,0.0,0.0,-7.08842592592593,0.352275527453298,60,3,1289,3347,7.01,533.1,1034.3,2132.3,184.9,2.39,1.88,1.14,0.995,71.1,2499,122.4,403,298,0.5,2.81
3816,C4H9NO2,2AminobutanoicacidCH3CH2CHNH2COOH,Nd+++,KNO3  ,0,5.63327364505177,275.172775617918,13.3618073195658,12.2637101764277,3.26371017642768,6.92475614840891,5.68453056967762,1.38185508821384,0.761064276315244,0.761064276315244,0.311750864970988,0.311750864970988,0.051031036307983,0.051031036307983,30.9317317506528,4.79453718407182,5.10880819110721,12.4794351509104,103.063328528,2.28571428571429,3.14285714285714,3.57142857142857,0.75,-0.57,7,94.049,0.910495848479216,2.57742084271579,2.1666482504604,54.9772419443861,10.9996527777778,0.480086578846555,10.9996527777778,0.319956342661047,0.739837962962963,0.319956342661047,-3.5400462962963,-0.480086578846555,-0.1917,25.9022,103.121,3,3,3,2,3,4,42,10.8285251668335,8.84157662500605,0.0,0.0,5.96930528795185,4.79453718407182,6.85189211729568,6.37292490132938,6.8537927808511,1.37075855617022,0,20.9515808688568,5.96930528795185,1.43119965723263,0.0,19.2427094869747,0.0,0.0,5.71971697572627,17.0960059474087,4.79453718407182,21.4493683556464,0.0,1.43119965723263,63.32,61.7459490740741,10.9996527777778,3.31006944444444,-0.739837962962963,-1.95960648148148,-3.47222222222222,-3.5400462962963,-3.42729166666667,0.508725857175018,60,3,1289,3347,7.01,533.1,1034.3,2132.3,184.9,2.39,1.88,1.14,0.995,71.1,2109,101.1,607,298,0.1,5.01
3822,C4H9NO3,2Amino3hydroxybutanoicacidH2NCHCHOHCH3COOH,Nd+++,NaClO4,0,5.83543989927625,294.455778499184,14.0689141007523,12.6719584668915,3.67195846689155,7.48541632018874,5.79690300537342,1.58597923344577,0.965188421547175,0.965188421547175,0.408425447737735,0.408425447737735,0.09269770297465,0.09269770297465,30.6388248762734,4.79453718407182,10.2176163822144,12.5398762519728,119.058243148,2.125,3.0,3.375,0.75,-0.61,8,110.048,1.2739984952635,2.63726922481358,1.90208065611833,59.8581459547094,11.1152083333333,0.480013202309952,11.1152083333333,0.322663667739497,0.766087962962963,0.322663667739497,-3.58171296296296,-0.480013202309952,-1.2209,27.292,119.12,4,4,4,3,4,5,48,15.9373333579407,8.84157662500605,0.0,1.43119965723263,5.96930528795185,4.79453718407182,0.0,6.85189211729568,4.11227566851066,8.82153513929043,0,24.6896305037937,5.96930528795185,2.86239931446527,0.0,18.9498026125953,0.0,0.0,5.71971697572627,29.7160318226985,4.79453718407182,13.7056848981468,0.0,1.43119965723263,83.55,61.8024768518518,11.1152083333333,6.88090277777778,-0.766087962962963,-1.99918981481481,-3.53993055555556,-3.58171296296296,-3.495,0.425095602626951,60,3,1289,3347,7.01,533.1,1034.3,2132.3,184.9,2.39,1.88,1.14,0.995,71.1,2499,122.4,403,298,0.2,5.03
3829,C5H10N2O3_1,2Aminopentanedioicacid5amideH2NCHCH2CH2CONH2COOH,Nd+++,NaClO4,0,6.02363692247804,400.354302028816,16.5165078579451,14.6191720623915,4.61917206239151,8.77881542390594,6.75668870365945,2.05958603119575,1.19121684072373,1.19121684072373,0.481183600716466,0.481183600716466,0.163698253899469,0.163698253899469,42.0796612397643,9.58907436814364,5.10880819110721,13.9323607513965,146.06914218,1.8,2.6,3.1,0.6,-1.1,10,136.066,1.73355700508723,3.83755739210285,3.84856593494632,72.3646806204837,11.3040565948602,0.480086286464994,11.3040565948602,0.319982844570235,0.803065003779289,0.319982844570235,-3.87592592592593,-0.480086286464994,-1.3362,34.0396,146.146,5,5,4,3,5,5,58,16.5482421425598,8.84157662500605,2.8236841566564,5.90717972935151,5.96930528795185,9.58907436814364,0.0,6.37292490132938,11.8559591260103,1.37075855617022,0,27.1990436534147,11.8764850173034,1.43119965723263,0.0,18.7637422710084,0.0,0.0,11.4394339514525,23.0031856767602,9.58907436814364,19.5996425835099,0.0,1.43119965723263,106.41,69.9618376795163,22.5608427815571,3.31497071050642,-1.67090750188964,-4.19033163265306,-3.73222222222222,-7.66085648148148,0.0,0.456091773598251,60,3,1289,3347,7.01,533.1,1034.3,2132.3,184.9,2.39,1.88,1.14,0.995,71.1,2499,122.4,403,303,0.2,4.53
3837,C5H10N2O3_2,AlanylglycineH2NCHCH3CONHCH2COOH,Nd+++,KCl   ,0,5.68430184094986,396.844527024489,16.5165078579451,14.6191720623915,4.61917206239151,8.74014028931112,6.78308190590947,2.03319282894573,1.16482363847371,1.16482363847371,0.451310320455522,0.451310320455522,0.149367019125641,0.149367019125641,42.2726596162793,9.58907436814364,5.10880819110721,13.8912772292386,146.06914218,1.8,2.6,3.1,0.6,-1.1,10,136.066,1.73355700508723,3.83755739210285,3.84856593494632,72.5165954748407,11.7203996598639,0.47993044151557,11.7203996598639,0.322470352067246,0.82739843159486,0.322470352067246,-3.63451672335601,-0.47993044151557,-1.4656,34.2949,146.146,4,5,4,3,5,5,58,16.1383385201219,9.32054384097235,1.4118420783282,5.90717972935151,5.96930528795185,9.58907436814364,0.0,6.85189211729568,4.11227566851066,10.1301681368603,0,27.1579601312568,11.8764850173034,1.43119965723263,5.30981335328838,12.8697845856453,6.49685968431595,0.0,11.0295303290146,29.5000453610762,9.58907436814364,15.076443454317,0.0,1.43119965723263,92.42,69.3082562122071,22.6385204081633,2.41014290438398,-0.82739843159486,-4.17300642479214,-3.63451672335601,0.0,-7.13866461167801,0.45310418964043,60,3,1289,3347,7.01,533.1,1034.3,2132.3,184.9,2.39,1.88,1.14,0.995,71.1,1984,74.6,1043,298,0.1,2.3
3842,C5H10N2O3_3,GlycylDLalanineH2NCH2CONHCHCH3COOH,Nd+++,KCl   ,0,5.77268756669597,396.844527024489,16.5165078579451,14.6191720623915,4.61917206239151,8.74014028931112,6.78308190590947,2.03319282894573,1.16482363847371,1.16482363847371,0.502341356763505,0.502341356763505,0.172188792355022,0.172188792355022,42.2726596162793,9.58907436814364,5.10880819110721,13.8912772292386,146.06914218,1.8,2.6,3.1,0.6,-1.1,10,136.066,1.73355700508723,3.83755739210285,3.03230652695367,72.5165954748407,11.5626913265306,0.479725350080392,11.5626913265306,0.32540294877227,0.761071900982615,0.32540294877227,-3.71310185185185,-0.479725350080392,-1.4656,34.2949,146.146,4,5,4,3,5,5,58,16.1383385201219,8.84157662500605,1.4118420783282,5.90717972935151,5.96930528795185,9.58907436814364,0.0,6.85189211729568,4.11227566851066,10.6091353528266,0,27.1579601312568,11.8764850173034,1.43119965723263,5.30981335328838,12.8697845856453,6.49685968431595,0.0,11.0295303290146,29.5000453610762,9.58907436814364,15.076443454317,0.0,1.43119965723263,92.42,69.1891832010582,22.784906462585,2.43809145880574,-0.761071900982615,-4.23871645880574,-3.71310185185185,0.0,-7.11595757747544,0.45310418964043,60,3,1289,3347,7.01,533.1,1034.3,2132.3,184.9,2.39,1.88,1.14,0.995,71.1,1984,74.6,1043,298,0.1,2.3
3847,C5H10N2O4,GlycylserineH2NCH2CONHCHCH2OHCOOH,Nd+++,KCl   ,0,5.89743255726638,418.252235476756,17.2236146391316,15.0274203528554,5.02742035285537,9.30080046109095,6.89545434160526,2.23731697417766,1.26688571108967,1.26688571108967,0.599015939530252,0.599015939530252,0.236677232251071,0.236677232251071,41.9797527418999,9.58907436814364,10.2176163822144,13.951718330301,162.0640568,1.72727272727273,2.54545454545455,3.09090909090909,0.6,-1.14,11,152.065,2.17601047625581,4.64108116357865,3.53526767938843,77.3974994851639,11.6451743197279,0.479651707329453,11.6451743197279,0.328121820211802,0.777334656084656,0.328121820211802,-3.78081018518519,-0.479651707329453,-2.4932,35.7067,162.145,5,6,5,4,6,6,64,21.2471467112291,8.84157662500605,1.4118420783282,7.33837938658414,5.96930528795185,4.79453718407182,0.0,0.0,0.0,19.9096377080833,0,30.8960097661938,11.8764850173034,2.86239931446527,5.30981335328838,6.01789246834965,13.0558449272322,0.0,11.0295303290146,42.5990384523323,9.58907436814364,6.8537927808511,0.0,1.43119965723263,112.65,69.2935317460317,22.9829450113379,5.86838199168556,-0.777334656084656,-4.31089238473167,-3.78081018518519,0.0,-7.19248818972033,0.364945288011493,60,3,1289,3347,7.01,533.1,1034.3,2132.3,184.9,2.39,1.88,1.14,0.995,71.1,1984,74.6,1043,298,0.1,2.25
3849,C5H10N2O5,3Hydroxy24diaminopentane15dioicacid,Nd+++,KCl   ,0,6.55923095109302,403.930306783529,17.9307214203181,15.4356686433192,5.43566864331923,9.91017246859765,6.98143357505104,2.46783432165962,1.60125269786242,1.60125269786242,0.81685089547547,0.81685089547547,0.297547105386794,0.297547105386794,41.4938474910055,9.58907436814364,15.3264245733216,14.0532429535214,178.05897142,1.33333333333333,1.83333333333333,2.08333333333333,0.6,-1.18,12,168.064,2.65609091307132,3.99974746639133,2.45575865855857,82.1264886411302,11.4754454837491,0.480012073248055,11.4754454837491,0.322760014596012,0.92120134164777,0.322760014596012,-3.99675925925926,-0.480012073248055,-2.8289,37.2292,178.144,7,7,7,5,7,7,70,26.7658585247742,23.7631712769621,0.0,1.43119965723263,11.9386105759037,9.58907436814364,0.0,0.0,0.0,4.11227566851066,0,34.6751429232887,11.9386105759037,4.2935989716979,0.0,18.1158029636493,0.0,0.0,11.4394339514525,46.8120377701073,9.58907436814364,4.11227566851066,0.0,2.86239931446527,146.87,70.2612750377929,22.9508909674981,10.3431429516251,-1.84240268329554,-4.39628590325019,-7.73652777777778,-3.99675925925926,0.0,0.311400236666055,60,3,1289,3347,7.01,533.1,1034.3,2132.3,184.9,2.39,1.88,1.14,0.995,71.1,1984,74.6,1043,293,0.1,6.07
3863,C5H10O3_1,2Hydroxy2methylbutanoicacidMethylethylglycolicacidCH3CH2COHCH3COOH,Nd+++,KNO3  ,0,6.15953801281541,318.455291091834,14.9915638315627,13.7247448713916,3.72474487139159,7.79204064721467,6.42886901662352,1.61237243569579,1.09364369641316,1.09364369641316,0.463488514873248,0.463488514873248,0.051031036307983,0.051031036307983,31.6470652348563,4.79453718407182,10.2176163822144,13.828467763827,118.06299418,1.75,2.625,3.0,0.8,-0.57,8,108.052,1.13798262904763,2.13200022715797,1.49951955184627,62.1720546077844,11.3002777777778,0.479121931066116,11.3002777777778,0.334866143989254,2.12627314814815,0.334866143989254,-3.7587962962963,-0.479121931066116,0.232,28.5506,118.132,2,3,3,2,3,5,48,10.2176163822144,0.0,5.60105081098369,1.43119965723263,5.96930528795185,0.0,6.85189211729568,13.2248170186251,10.9660684493618,0.0,0,25.978222015648,5.96930528795185,2.86239931446527,0.0,25.6777599469044,0.0,0.0,0.0,23.2191721383826,4.79453718407182,31.0427775852825,0.0,1.43119965723263,57.53,69.3080787037037,11.3002777777778,6.93502314814815,-3.74305555555556,-2.12627314814815,0.0,-3.7587962962963,-7.24858796296296,0.545390177679256,60,3,1289,3347,7.01,533.1,1034.3,2132.3,184.9,2.39,1.88,1.14,0.995,71.1,2109,101.1,607,298,0.1,2.65
3876,C5H10O3_3,2HydroxypentanoicacidCH3CH2CH2CHOHCOOH,Nd+++,NaClO4,0,5.81772733636067,323.965066096161,14.9915638315627,13.7247448713916,3.72474487139159,7.79204064721467,6.42886901662352,1.61237243569579,0.866581623797197,0.866581623797197,0.361426442257282,0.361426442257282,0.107796554461974,0.107796554461974,31.6470652348563,4.79453718407182,10.2176163822144,13.828467763827,118.06299418,1.75,2.625,3.125,0.8,-0.57,8,108.052,1.13798262904763,3.43425867993602,2.57742084271579,62.1720546077844,11.0525184240363,0.479327660467035,11.0525184240363,0.332015093612538,2.04571759259259,0.332015093612538,-3.7587962962963,-0.479327660467035,0.232,28.5506,118.132,2,3,3,2,3,5,48,10.2176163822144,0.0,6.08001802694999,1.43119965723263,5.96930528795185,0.0,13.2248170186251,6.37292490132938,9.59530989319154,1.37075855617022,0,25.978222015648,5.96930528795185,2.86239931446527,0.0,25.6777599469044,0.0,0.0,0.0,23.6981393543489,4.79453718407182,30.5638103693162,0.0,1.43119965723263,57.53,69.489992441421,11.0525184240363,6.78256141345427,0.0,-2.04571759259259,0.0,-11.0885185185185,-3.52416950113379,0.557411400976971,60,3,1289,3347,7.01,533.1,1034.3,2132.3,184.9,2.39,1.88,1.14,0.995,71.1,2499,122.4,403,298,1.0,2.31
3888,C5H10O4_1,23Dihydroxy2methylbutanoicacidCH3CHOHCOHCH3COOH,Nd+++,KNO3  ,0,6.35242284517303,337.792163201122,15.6986706127493,14.1329931618555,4.13299316185545,8.35270081899449,6.54124145231932,1.81649658092773,1.29776784164509,1.29776784164509,0.60721725415588,0.60721725415588,0.09269770297465,0.09269770297465,31.3541583604769,4.79453718407182,15.3264245733216,13.8889088648894,134.0579088,1.55555555555556,2.44444444444444,2.77777777777778,0.8,-0.61,9,124.051,1.5151361966006,2.32594106624344,1.65491053486377,67.0529586181076,11.4158333333333,0.479046586324034,11.4158333333333,0.337626660728749,2.16585648148148,0.337626660728749,-3.81076388888889,-0.479046586324034,-0.7972,29.9404,134.131,3,4,4,3,4,6,54,15.3264245733216,0.0,5.60105081098369,2.86239931446527,5.96930528795185,0.0,0.0,13.7037842345914,8.22455133702132,7.45077658312021,0,29.716271650585,5.96930528795185,4.2935989716979,0.0,25.384853072525,0.0,0.0,0.0,35.8391980136724,4.79453718407182,23.2990941277829,0.0,1.43119965723263,77.76,69.3402314814815,11.4158333333333,10.5602314814815,-3.81076388888889,-2.16585648148148,0.0,-3.80046296296296,-7.3725462962963,0.461845022377612,60,3,1289,3347,7.01,533.1,1034.3,2132.3,184.9,2.39,1.88,1.14,0.995,71.1,2109,101.1,607,298,0.1,3.03
3900,C5H10O4_2,22BishydroxymethylpropanoicacidCH3CCH2OH2COOH,Nd+++,NaClO4,0,6.47844540509069,321.301938205449,15.6986706127493,14.1329931618555,4.13299316185545,8.35270081899449,6.54124145231932,1.81649658092773,1.2415816237972,1.2415816237972,0.612372435695795,0.612372435695795,0.104166666666667,0.104166666666667,31.3541583604769,4.79453718407182,15.3264245733216,13.8889088648894,134.0579088,1.55555555555556,2.22222222222222,2.55555555555556,0.8,-0.61,9,124.051,1.5151361966006,2.79521397916298,1.65491053486377,67.0529586181077,11.5153472222222,0.48070181328424,11.5153472222222,0.313554044837347,2.20648148148148,0.313554044837347,-3.86284722222222,-0.48070181328424,-0.9381,29.9144,134.131,3,4,4,3,4,6,54,15.3264245733216,5.41499046939678,0.0,2.86239931446527,5.96930528795185,4.79453718407182,0.0,6.85189211729568,4.11227566851066,18.6010047105135,0,29.716271650585,5.96930528795185,4.2935989716979,0.0,6.85189211729568,13.1179704858326,0.0,0.0,37.2760996615713,4.79453718407182,16.4472020104872,0.0,1.43119965723263,77.76,69.7078009259259,11.5153472222222,10.3163194444444,-3.86284722222222,-2.20648148148148,0.0,0.0,-11.3034722222222,0.465298752459372,60,3,1289,3347,7.01,533.1,1034.3,2132.3,184.9,2.39,1.88,1.14,0.995,71.1,2499,122.4,403,298,0.1,2.37
3911,C5H11NO2_1,2Amino3methylbutanoicacidH2NCHCHCH32COOH,Nd+++,NaClO4,0,6.34702672908868,333.97515767235,15.8618073195658,14.7637101764277,3.76371017642768,8.17475614840891,6.93453056967762,1.63185508821384,1.01106427631524,1.01106427631524,0.430152564408483,0.430152564408483,0.102062072615966,0.102062072615966,37.3046566519822,4.79453718407182,5.10880819110721,15.2209522632508,117.078978592,2.0,2.75,3.125,0.8,-0.57,8,106.06,1.01115092942872,2.66781360418434,1.93032152942945,64.1521250591183,11.3163194444444,0.480078870221921,11.3163194444444,0.320235865839359,0.865462962962963,0.320235865839359,-3.8525462962963,-0.480078870221921,0.0543,30.4492,117.148,3,3,3,2,3,5,48,10.8285251668335,8.84157662500605,0.0,0.0,5.96930528795185,4.79453718407182,13.7037842345914,5.89395768536308,9.59530989319154,1.37075855617022,0,23.6930979811972,5.96930528795185,1.43119965723263,0.0,19.721676702941,0.0,0.0,5.71971697572627,17.0960059474087,4.79453718407182,24.6698526839531,0.0,1.43119965723263,63.32,77.5446990740741,11.3163194444444,3.33506944444444,-0.865462962962963,-5.97777777777778,-3.75868055555556,0.0,-7.4275,0.536976571708477,60,3,1289,3347,7.01,533.1,1034.3,2132.3,184.9,2.39,1.88,1.14,0.995,71.1,2499,122.4,403,298,0.2,6.52
3943,C5H11NO2_2,2AminopentanoicacidCH3CH2CH2CHNH2COOH,Nd+++,KNO3  ,0,6.03735047302394,351.484932676677,15.8618073195658,14.7637101764277,3.76371017642768,8.17475614840891,6.93453056967762,1.63185508821384,0.886064276315244,0.886064276315244,0.374250864970988,0.374250864970988,0.11023188602673,0.11023188602673,37.3046566519822,4.79453718407182,5.10880819110721,15.2209522632508,117.078978592,2.0,2.875,3.375,0.8,-0.57,8,106.06,1.01115092942872,3.43425867993602,2.57742084271579,64.1521250591183,11.2262684240363,0.480086448630149,11.2262684240363,0.319967106707295,0.839837962962963,0.319967106707295,-3.82650462962963,-0.480086448630149,0.1984,30.5192,117.148,3,3,3,2,3,5,48,10.8285251668335,8.84157662500605,0.0,0.0,5.96930528795185,4.79453718407182,13.2248170186251,6.37292490132938,9.59530989319154,1.37075855617022,0,23.6930979811972,5.96930528795185,1.43119965723263,0.0,25.6156343883041,0.0,0.0,5.71971697572627,17.0960059474087,4.79453718407182,30.5638103693162,0.0,1.43119965723263,63.32,77.3677007747543,11.2262684240363,3.32239937641723,-0.839837962962963,-2.08738425925926,-3.68784722222222,-7.5662962962963,-3.56833616780045,0.554595146016131,60,3,1289,3347,7.01,533.1,1034.3,2132.3,184.9,2.39,1.88,1.14,0.995,71.1,2109,101.1,607,300,0.1,5.77
3948,C5H11NO2S_1,2Amino4methylthiobutanoicacidH2NCHCH2CH2SCH3COOH,Nd+++,NaClO4,0,5.82834763833811,370.315209800121,16.5689141007523,15.1719584668915,4.98845504781927,8.63186292959546,7.09277886014148,2.60659995960543,0.965188421547175,1.37343671201104,0.413812937586954,0.617937082818886,0.124883845845348,0.272589464920077,47.7306055690149,4.79453718407182,5.10880819110721,15.2209522632508,149.051049592,2.11111111111111,3.0,3.55555555555556,0.8,-0.22,9,138.127,1.50682401802838,4.63927324993125,4.29413881748072,74.2752350844836,11.2987126795163,0.480086069334736,11.2987126795163,0.31999919762538,0.485852702191988,0.31999919762538,-3.63819444444445,-0.480086069334736,0.1514,38.6102,149.215,3,3,4,2,4,6,54,10.8285251668335,8.84157662500605,0.0,0.0,5.96930528795185,4.79453718407182,0.0,18.261805887596,9.59530989319154,1.37075855617022,0,23.6930979811972,17.731190237343,1.43119965723263,0.0,12.390817369679,11.8888809862666,0.0,5.71971697572627,28.9848869336753,4.79453718407182,17.3389933506911,0.0,1.43119965723263,63.32,78.1672882416856,11.2987126795163,3.37363827475435,-4.11476143235072,-2.0254473733938,-3.58680555555556,-6.6267721324641,0.0,0.596996208092774,60,3,1289,3347,7.01,533.1,1034.3,2132.3,184.9,2.39,1.88,1.14,0.995,71.1,2499,122.4,403,298,0.2,5.13
3957,C5H11NO2S_2,D2Amino3mercapto3methylbutanoicacidCH32CSHCHNH2COOH,Nd+++,KCl   ,0,6.58084753910526,352.805434795794,16.5689141007523,15.1719584668915,4.98845504781927,8.73541632018874,7.04690300537342,2.24422752390964,1.31725049416314,1.92962292985894,0.52682714717523,0.720176312708723,0.143728739282632,0.227062072615966,48.6904174579937,4.79453718407182,5.10880819110721,14.9739928801128,149.051049592,2.11111111111111,2.88888888888889,3.22222222222222,0.8,-0.22,9,138.127,1.50682401802838,2.57720166839136,2.71742498567671,74.9880875903243,11.4985416666667,0.480048070770497,11.4985416666667,0.321391827728211,0.618101851851852,0.321391827728211,-3.6412037037037,-0.480048070770497,0.1067,38.6762,149.215,3,3,4,3,4,6,54,10.8285251668335,9.96537579803823,0.0,0.0,5.96930528795185,4.79453718407182,0.0,13.7037842345914,12.9715737902389,1.37075855617022,0,22.322339425027,18.5020013261088,2.55499883026482,0.0,24.4686991561586,0.0,0.0,5.71971697572627,22.9668275736585,4.79453718407182,23.2990941277829,0.0,1.43119965723263,63.32,75.3814351851852,11.4985416666667,3.42006944444444,-0.787546296296297,-2.06064814814815,-3.6412037037037,0.0,-7.1925462962963,0.488090597769992,60,3,1289,3347,7.01,533.1,1034.3,2132.3,184.9,2.39,1.88,1.14,0.995,71.1,1984,74.6,1043,298,0.1,6.58
3973,C5H12NO4P,2Amino4methylhydroxyphosphorylbutanoicacid,Nd+++,NaClO4,0,6.56285442086752,506.169738171564,19.0689141007523,17.0274203528554,5.92184754385528,9.98541632018874,7.90514082731155,3.81894098972405,1.42435504498533,2.75093658232549,0.514841356763505,0.92102234034854,0.177576282204242,0.430666773996759,44.1556609915096,9.35958546900315,10.0045005901262,16.6521519204834,181.050394494,1.90909090909091,2.72727272727273,3.18181818181818,0.8,-0.38,11,169.032,2.10263205771885,3.85332276754621,6.03580041580042,81.81426972783,12.2415565948602,0.480086267693324,12.2415565948602,0.319984376380683,0.976680366591081,0.319984376380683,-5.85219041320232,-0.480086267693324,-0.3114,40.8445,181.128,4,5,5,3,6,7,66,15.7242175658525,8.84157662500605,7.3688275304436,1.43119965723263,5.96930528795185,9.35958546900315,0.0,6.37292490132938,22.3023037209004,1.37075855617022,0,33.1538386651475,13.3381328183954,2.86239931446527,0.0,12.390817369679,12.7069938277089,0.0,5.71971697572627,36.1298918313692,9.35958546900315,17.3389933506911,0.0,1.43119965723263,100.62,97.5495353442303,14.8763732205845,3.30732158604182,-0.976680366591081,-2.25143754724112,-3.94673611111111,-8.37906635802469,-3.8548971324641,0.516164241356959,60,3,1289,3347,7.01,533.1,1034.3,2132.3,184.9,2.39,1.88,1.14,0.995,71.1,2499,122.4,403,296,0.1,4.26
3978,C5H12O5,XylitolHOCH2HCOHHOCHHCOHCH2OH,Nd+++,NaClO4,0,6.48082398388122,350.918475838641,18.0355339059327,16.5412414523193,4.54124145231932,9.80330085889911,7.56186217847897,2.02062072615966,1.19149658092773,1.19149658092773,0.597852884514564,0.597852884514564,0.195812072615966,0.195812072615966,31.3580245666825,0.0,25.5440409555361,16.7513081793547,152.068473484,0.8,1.3,1.6,1.0,-0.2,10,140.05,1.75414201183432,4.59012345679012,2.59029014650962,75.463185539046,7.71375,0.393579136935699,7.71375,0.210719889743445,3.48493409863946,0.210719889743445,-3.9875,-0.393579136935699,-2.9463,32.192,152.146,5,5,5,5,5,9,62,25.5440409555361,18.24005408085,0.0,7.15599828616317,0.0,0.0,0.0,0.0,0.0,22.7132803790241,0,35.1393508487276,0.0,7.15599828616317,0.0,18.24005408085,13.1179704858326,0.0,0.0,64.0580638083818,0.0,9.59530989319154,0.0,0.0,101.15,85.0798341836735,0.0,17.9103103741497,0.0,0.0,0.0,-11.7966666666667,-7.44347789115647,0.296389513466018,60,3,1289,3347,7.01,533.1,1034.3,2132.3,184.9,2.39,1.88,1.14,0.995,71.1,2499,122.4,403,298,2.0,0.97
3987,C5H2O5,45Dihydroxycyclopent4ene123trione,Nd+++,NaClO4,0,3.18305423582638,276.960440303767,9.30096490832123,6.54124145231932,4.54124145231932,5.62942761753637,3.08711730708738,2.27062072615966,1.64562072615966,1.64562072615966,1.03114369641316,1.03114369641316,0.515571848206581,0.515571848206581,28.8680645824072,14.3836115522155,10.2176163822144,2.86239931446527,141.990223164,0.9,1.3,1.6,0.0,-1.65,10,140.05,4.21095358118042,1.66292345242604,0.539770508356287,57.5599006208159,10.6794907407407,0.501360649426094,10.6794907407407,0.293437960596611,0.833333333333333,0.293437960596611,-1.34768518518519,-0.501360649426094,-0.9651,27.3046,142.066,2,5,5,2,5,2,52,10.2176163822144,0.0,0.0,11.5183297433124,0.0,14.3836115522155,0.0,0.0,0.0,0.0,1,24.6012279344299,17.3497348390948,2.86239931446527,0.0,0.0,0.0,11.5183297433124,0.0,27.5673512213092,14.3836115522155,0.0,11.5183297433124,2.86239931446527,91.67,12.5951851851852,31.9352777777778,7.32231481481482,0.0,-5.51944444444444,0.0,0.0,0.0,0.410714272326286,60,3,1289,3347,7.01,533.1,1034.3,2132.3,184.9,2.39,1.88,1.14,0.995,71.1,2499,122.4,403,298,0.1,3.23
3998,C5H4N2O2,Pyrazine2carboxylicacidcycloCHCHNCCOOHCHN,Nd+++,NaClO4,0,3.23123060519751,356.632777260933,10.0080716895078,8.21092377192764,4.21092377192764,6.05774931026437,3.96092377192764,2.05267548146378,1.19508127069019,1.19508127069019,0.628759362158462,0.628759362158462,0.303090491792517,0.303090491792517,30.1819189152446,4.79453718407182,15.0767652330016,5.54347532574329,124.027277368,1.55555555555556,2.33333333333333,3.11111111111111,0.0,-1.45,9,120.067,2.4280944884841,2.21218031303966,1.21831382942881,56.8979493068249,10.7210015117158,0.476467475727053,10.7210015117158,0.355600343232195,0.49395313681028,0.355600343232195,-1.16111111111111,-0.476467475727053,0.1748,28.9913,124.099,1,4,4,1,4,1,46,5.10880819110721,0.0,5.69392799484846,0.0,5.96930528795185,4.98397852094721,0.0,0.0,12.3457904216295,10.2851708793254,1,14.0156210436897,5.96930528795185,1.43119965723263,9.96795704189442,0.0,0.0,24.2126136272927,0.0,21.0460705209535,0.0,14.6007408474309,18.5186856324443,1.43119965723263,63.08,27.326156462585,17.239936696901,3.55596182917612,-0.531481481481481,-1.16111111111111,0.0,-1.59612906273621,0.0,0.579386809519201,60,3,1289,3347,7.01,533.1,1034.3,2132.3,184.9,2.39,1.88,1.14,0.995,71.1,2499,122.4,403,298,1.0,2.77
4002,C5H4O2S,Thiophene2carboxylicacidC4H3SCOOH,Nd+++,NaClO4,0,3.17499597242587,321.493275856192,9.30096490832123,7.72474487139159,4.54124145231932,5.57458606266997,3.72474487139159,2.63299316185545,1.07070576902913,1.88720234995685,0.565550587489214,1.24252761723571,0.277040811898598,0.666560363079829,5.96930528795185,4.79453718407182,5.10880819110721,5.5434753257433,127.993200368,1.875,2.75,3.25,0.0,-0.83,8,124.12,2.18767668064718,1.96122571469005,0.86920206054594,56.0990166153433,10.7138425925926,0.477049863128586,10.7138425925926,0.345355827107902,0.166296296296296,0.345355827107902,-0.988888888888889,-0.477049863128586,1.4463,31.2783,128.152,1,2,3,1,3,1,42,5.10880819110721,4.8771471937013,0.0,0.0,5.96930528795185,0.0,6.0424187076633,11.3985331173309,0.0,4.11227566851066,1,14.0156210436897,17.3060911658866,1.43119965723263,0.0,0.0,0.0,22.3180990186955,0.0,11.0781134790591,0.0,13.7839600462838,17.4409518249942,1.43119965723263,37.3,27.6339814814815,10.5471759259259,3.45393518518519,0.0,-0.988888888888889,-0.650324074074074,0.0,0.0,0.621041416833236,60,3,1289,3347,7.01,533.1,1034.3,2132.3,184.9,2.39,1.88,1.14,0.995,71.1,2499,122.4,403,298,0.1,2.01
4007,C5H4O3_2,Furan2carboxylicacidC4H3OCOOH,Nd+++,NaClO4,0,3.17499597242587,318.738388354028,9.30096490832123,7.72474487139159,3.72474487139159,5.57458606266997,3.72474487139159,1.81649658092773,1.07070576902913,1.07070576902913,0.565550587489214,0.565550587489214,0.277040811898598,0.277040811898598,30.0536047569936,4.79453718407182,9.52595912816056,5.5434753257433,112.016043988,1.875,2.75,3.25,0.0,-1.25,8,108.052,1.93117901568415,1.69448979591837,0.702662721893491,51.2529826090087,10.6096759259259,0.475373359892805,10.6096759259259,0.371272611783682,0.49037037037037,0.371272611783682,-1.17407407407407,-0.475373359892805,0.9778,25.6673,112.084,1,3,3,1,3,1,42,9.52595912816056,1.37075855617022,0.0,5.76024741887444,5.96930528795185,0.0,0.0,12.0848374153266,0.0,8.98073174718118,1,18.432771980743,5.96930528795185,1.43119965723263,0.0,0.0,0.0,24.0842994690418,0.0,11.0781134790591,0.0,14.6670602714569,22.7412029872207,1.43119965723263,50.44,31.5686574074074,10.6096759259259,3.51606481481481,0.0,-1.75740740740741,-1.02069444444444,-0.582962962962962,0.0,0.588597835278693,60,3,1289,3347,7.01,533.1,1034.3,2132.3,184.9,2.39,1.88,1.14,0.995,71.1,2499,122.4,403,298,0.1,1.85
4016,C5H4O3_3,Furan3carboxylicacidC4H3OCOOH,Nd+++,NaClO4,0,3.22071433888714,318.738388354028,9.30096490832123,7.72474487139159,3.72474487139159,5.57458606266997,3.72474487139159,1.81649658092773,1.09364369641316,1.09364369641316,0.584279326771846,0.584279326771846,0.27130633005259,0.27130633005259,30.0536047569936,4.79453718407182,9.52595912816056,5.5434753257433,112.016043988,1.875,2.75,3.25,0.0,-1.25,8,108.052,1.93117901568415,1.69448979591837,0.702662721893491,51.2529826090087,10.6753703703704,0.477554998026362,10.6753703703704,0.338463932802682,0.490740740740741,0.338463932802682,-1.1599537037037,-0.477554998026362,0.9778,25.6673,112.084,1,3,3,1,3,1,42,9.52595912816056,8.98073174718118,0.0,0.0,5.96930528795185,0.0,0.0,6.0424187076633,0.0,13.173424682708,1,18.432771980743,5.96930528795185,1.43119965723263,0.0,0.0,0.0,24.0842994690418,0.0,11.0781134790591,0.0,14.4702643442795,22.9379989143981,1.43119965723263,50.44,31.5058796296296,10.6753703703704,3.53898148148148,-0.490740740740741,-1.1599537037037,-0.530324074074074,-1.20587962962963,0.0,0.588597835278693,60,3,1289,3347,7.01,533.1,1034.3,2132.3,184.9,2.39,1.88,1.14,0.995,71.1,2499,122.4,403,298,2.0,1.61
4027,C5H6O4_1,CitraconicacidCH3CCOOHCHCOOH,Nd+++,NaClO4,0,5.46316716562908,305.134339695023,12.2236146391316,10.1329931618555,4.13299316185545,6.75143608546451,4.63299316185545,1.81649658092773,1.07491495713053,1.07491495713053,0.431186217847897,0.431186217847897,0.153093108923949,0.153093108923949,30.4156789693042,9.58907436814364,10.2176163822144,8.34543353914615,130.026608672,1.55555555555556,2.22222222222222,2.66666666666667,0.2,-1.32,9,124.051,2.13145239777488,2.86044553929792,3.27880239520958,60.0240916749726,10.8038950302343,0.478063621638826,10.8038950302343,0.33103335866895,1.29652777777778,0.33103335866895,-3.09384259259259,-0.478063621638826,0.1019,29.0286,130.099,2,4,4,2,4,3,50,10.2176163822144,0.0,0.0,0.0,11.9386105759037,0.0,0.0,6.85189211729568,15.7374519446155,1.37075855617022,0,25.2897249750389,11.9386105759037,2.86239931446527,0.0,6.85189211729568,0.0,11.6251762761048,0.0,22.1562269581181,9.58907436814364,12.3349263419766,11.6251762761048,2.86239931446527,74.6,39.7804946145125,21.4500817271353,6.68833569538927,-1.29652777777778,-3.280625,-1.33125,0.0,-3.09384259259259,0.51969466084238,60,3,1289,3347,7.01,533.1,1034.3,2132.3,184.9,2.39,1.88,1.14,0.995,71.1,2499,122.4,403,298,0.2,5.21
4051,C5H6O4_2,MethylenesuccinicacidHOOCCH2CCH2COOH,Nd+++,NaClO4,0,5.38897170832197,306.64411469935,12.2236146391316,10.1329931618555,4.13299316185545,6.78412815591562,4.63299316185545,1.81649658092773,1.07491495713053,1.07491495713053,0.431186217847897,0.431186217847897,0.153093108923949,0.153093108923949,30.4156789693042,9.58907436814364,10.2176163822144,8.34543353914615,130.026608672,1.66666666666667,2.44444444444444,2.88888888888889,0.2,-1.32,9,124.051,2.13145239777488,2.86044553929792,3.27880239520958,60.0240916749726,10.8038950302343,0.480983157180809,10.8038950302343,0.331049993288211,1.29652777777778,0.331049993288211,-3.16793981481482,-0.480983157180809,0.1019,29.0286,130.099,2,4,4,2,4,3,50,10.2176163822144,0.0,0.0,0.0,11.9386105759037,4.79453718407182,6.53103896200187,0.0,8.31462164240971,9.11444201366982,0,25.2897249750389,11.9386105759037,2.86239931446527,0.0,6.37292490132938,0.0,12.1041434920711,0.0,22.1562269581181,9.58907436814364,11.8559591260103,12.1041434920711,2.86239931446527,74.6,39.936513133031,21.5491558012094,6.66588199168556,-1.29652777777778,-3.43953703703704,0.0,-3.16793981481482,-1.33087962962963,0.531149516137354,60,3,1289,3347,7.01,533.1,1034.3,2132.3,184.9,2.39,1.88,1.14,0.995,71.1,2499,122.4,403,298,1.0,2.0
4095,C5H6O4_3,2Methyl2butenedioicacid,Nd+++,KNO3  ,0,5.46316716562908,305.134339695023,12.2236146391316,10.1329931618555,4.13299316185545,6.75143608546451,4.63299316185545,1.81649658092773,1.07491495713053,1.07491495713053,0.431186217847897,0.431186217847897,0.153093108923949,0.153093108923949,30.4156789693042,9.58907436814364,10.2176163822144,8.34543353914615,130.026608672,1.55555555555556,2.22222222222222,2.66666666666667,0.2,-1.32,9,124.051,2.13145239777488,2.86044553929792,3.27880239520958,60.0240916749726,10.8038950302343,0.478063621638826,10.8038950302343,0.33103335866895,1.29652777777778,0.33103335866895,-3.09384259259259,-0.478063621638826,0.1019,29.0286,130.099,2,4,4,2,4,3,50,10.2176163822144,0.0,0.0,0.0,11.9386105759037,0.0,0.0,6.85189211729568,15.7374519446155,1.37075855617022,0,25.2897249750389,11.9386105759037,2.86239931446527,0.0,6.85189211729568,0.0,11.6251762761048,0.0,22.1562269581181,9.58907436814364,12.3349263419766,11.6251762761048,2.86239931446527,74.6,39.7804946145125,21.4500817271353,6.68833569538927,-1.29652777777778,-3.280625,-1.33125,0.0,-3.09384259259259,0.51969466084238,60,3,1289,3347,7.01,533.1,1034.3,2132.3,184.9,2.39,1.88,1.14,0.995,71.1,2109,101.1,607,298,0.1,2.71
4100,C5H7NO4,2AcrylamidoglycolicacidCH2CHCONHCHOHCOOH,Nd+++,NaNO3 ,0,5.27316171640972,356.173216577439,13.8009649083212,11.5802067573554,4.58020675735541,7.71746712775761,5.27742035285537,2.01371017642768,1.13456600625722,1.13456600625722,0.484643653788856,0.484643653788856,0.165822692167521,0.165822692167521,35.9733618885657,9.58907436814364,10.2176163822144,9.75727561747435,145.037507704,1.9,2.7,3.2,0.2,-1.36,10,138.058,2.35298038161784,3.6247282243763,2.82942901234568,67.0369809909868,11.2111172524565,0.47791423618305,11.2111172524565,0.353380295490999,0.581064814814815,0.353380295490999,-3.30497685185185,-0.47791423618305,-1.3084,31.9823,145.114,3,5,4,3,5,4,56,15.5274297355028,0.0,1.4118420783282,13.5423321965207,5.96930528795185,4.79453718407182,6.53103896200187,6.05207174603557,0.0,5.48303422468088,0,26.7015670533671,11.8764850173034,2.86239931446527,5.30981335328838,6.20395280993655,0.0,12.5831107080374,5.30981335328838,29.729253866687,9.58907436814364,5.48303422468088,12.5831107080374,1.43119965723263,86.63,46.9838869992442,22.0871197089947,6.24499952758881,0.0,-3.55758219954649,-1.28568924792139,-3.30497685185185,-1.25109126984127,0.339725741029537,60,3,1289,3347,7.01,533.1,1034.3,2132.3,184.9,2.39,1.88,1.14,0.995,71.1,2257,85.0,581,298,0.5,2.61
4119,C5H8O2,Pentane24dioneCH3COCH2COCH3,Nd+++,KCl   ,0,5.17704403129667,256.387604187548,12.6547005383793,11.3164965809277,3.31649658092773,6.3094010767585,5.40824829046386,1.40824829046386,0.783248290463863,0.783248290463863,0.227062072615966,0.227062072615966,0.103114369641316,0.103114369641316,31.6431990286506,9.58907436814364,0.0,10.9660684493618,100.052429496,1.28571428571429,1.71428571428571,2.0,0.6,-0.66,7,92.053,1.01592140961004,2.50231627342296,5.34,53.761827686846,10.9661111111111,0.299537265142889,10.9661111111111,0.136672068816324,2.01747685185185,0.136672068816324,-3.51736111111111,-0.299537265142889,0.5545,25.979,100.117,0,2,2,0,2,4,40,0.0,11.5664898927299,0.0,0.0,0.0,9.58907436814364,0.0,13.7037842345914,10.9660684493618,6.37292490132938,0,20.5551428175054,11.5664898927299,0.0,0.0,20.0767091359207,0.0,0.0,0.0,11.5664898927299,9.58907436814364,31.0427775852825,0.0,0.0,34.14,53.3891203703704,21.9322222222222,0.0,0.0,-4.0349537037037,0.0,-3.51736111111111,-6.68569444444445,0.474822002870191,60,3,1289,3347,7.01,533.1,1034.3,2132.3,184.9,2.39,1.88,1.14,0.995,71.1,1984,74.6,1043,298,0.1,5.38
4131,C5H8O4_1,EthylpropanedioicacidHOOCCHC2H5COOH,Nd+++,KCl   ,0,5.81078636359455,306.367452822492,14.0689141007523,12.1329931618555,4.13299316185545,7.4627609508697,5.63299316185545,1.81649658092773,1.07491495713053,1.07491495713053,0.533248290463863,0.533248290463863,0.185395405949299,0.185395405949299,31.0573852798918,9.58907436814364,10.2176163822144,11.0869506514866,132.042258736,1.44444444444444,2.0,2.33333333333333,0.6,-1.06,9,124.051,1.71331906833044,3.06377820818882,2.11903597936029,63.5236357074925,11.0560416666667,0.480599812911785,11.0560416666667,0.317362972461972,2.08715277777778,0.317362972461972,-3.68425925925926,-0.480599812911785,0.1818,29.0526,132.115,2,4,4,2,4,4,52,10.2176163822144,0.0,5.89395768536308,0.0,11.9386105759037,9.58907436814364,6.85189211729568,6.37292490132938,6.8537927808511,1.37075855617022,0,28.0312420873794,11.9386105759037,2.86239931446527,0.0,13.2248170186251,0.0,0.0,0.0,22.1562269581181,9.58907436814364,21.4493683556464,0.0,2.86239931446527,74.6,54.500787037037,22.1120833333333,6.53847222222222,0.0,-7.853125,0.0,-3.68425925925926,-3.530625,0.536991298205007,60,3,1289,3347,7.01,533.1,1034.3,2132.3,184.9,2.39,1.88,1.14,0.995,71.1,1984,74.6,1043,298,0.2,3.01
4143,C5H8O4_2,MethylsuccinicacidHOOCCH2CHCH3COOH,Nd+++,NaClO4,0,5.81484282562104,324.367452822492,14.0689141007523,12.1329931618555,4.13299316185545,7.4627609508697,5.63299316185545,1.81649658092773,1.07491495713053,1.07491495713053,0.431186217847897,0.431186217847897,0.153093108923949,0.153093108923949,31.0573852798918,9.58907436814364,10.2176163822144,11.0869506514866,132.042258736,1.44444444444444,2.11111111111111,2.55555555555556,0.6,-1.06,9,124.051,1.71331906833044,3.06377820818882,3.51636887608069,63.5236357074925,11.0812329931973,0.481211395665814,11.0812329931973,0.306299801610193,2.04719907407407,0.306299801610193,-3.69456018518519,-0.481211395665814,0.1818,29.0526,132.115,2,4,4,2,4,4,52,10.2176163822144,0.0,0.0,0.0,11.9386105759037,9.58907436814364,6.85189211729568,0.0,8.22455133702132,12.2668825866925,0,28.0312420873794,11.9386105759037,2.86239931446527,0.0,13.2248170186251,0.0,0.0,0.0,22.1562269581181,9.58907436814364,21.4493683556464,0.0,2.86239931446527,74.6,54.6476705404384,22.0047576530612,6.52551162131519,0.0,-7.83166666666667,0.0,-3.66851851851852,-3.5944212962963,0.574039607636513,60,3,1289,3347,7.01,533.1,1034.3,2132.3,184.9,2.39,1.88,1.14,0.995,71.1,2499,122.4,403,298,0.1,3.26
4159,C5H8O4_3,PentanedioicacidHOOCCH2CH2CH2COOH,Nd+++,NaClO4,0,5.53759142186005,295.877227826819,14.0689141007523,12.1329931618555,4.13299316185545,7.4627609508697,5.63299316185545,1.81649658092773,0.94991495713053,0.94991495713053,0.329124145231932,0.329124145231932,0.133312072615966,0.133312072615966,31.0573852798918,9.58907436814364,10.2176163822144,11.0869506514866,132.042258736,1.33333333333333,1.77777777777778,2.11111111111111,0.6,-1.06,9,124.051,1.71331906833044,3.88410852172148,6.94,63.5236357074925,10.8474239417989,0.481230227975588,10.8474239417989,0.302855790648419,2.01004109977324,0.302855790648419,-3.68425925925926,-0.481230227975588,0.3259,29.1226,132.115,2,4,4,2,4,4,52,10.2176163822144,0.0,0.0,0.0,11.9386105759037,9.58907436814364,0.0,6.37292490132938,20.9704011396801,0.0,0,28.0312420873794,11.9386105759037,2.86239931446527,0.0,19.1187747039881,0.0,0.0,0.0,22.1562269581181,9.58907436814364,27.3433260410095,0.0,2.86239931446527,74.6,54.8216794217687,21.6948478835979,6.48059193121693,0.0,-4.02008219954648,0.0,-10.8937037037037,0.0,0.57742036015459,60,3,1289,3347,7.01,533.1,1034.3,2132.3,184.9,2.39,1.88,1.14,0.995,71.1,2499,122.4,403,298,0.2,4.05
4168,C5H8O4_4,DimethylmalonicacidHOOCCCH32COOH,Nd+++,NaClO4,0,6.11510730728608,284.857677818165,14.0689141007523,12.1329931618555,4.13299316185545,7.4627609508697,5.63299316185545,1.81649658092773,1.32491495713053,1.32491495713053,0.612372435695795,0.612372435695795,0.083333333333333,0.083333333333333,31.0573852798918,9.58907436814364,10.2176163822144,11.0869506514866,132.042258736,1.33333333333333,1.77777777777778,2.0,0.6,-1.06,9,124.051,1.71331906833044,2.04596272170957,1.41507260811005,63.5236357074925,11.21375,0.480408378575688,11.21375,0.319955510828228,2.12986111111111,0.319955510828228,-3.70486111111111,-0.480408378575688,0.1818,29.0526,132.115,2,4,4,2,4,4,52,10.2176163822144,0.0,5.41499046939678,0.0,11.9386105759037,9.58907436814364,0.0,13.7037842345914,8.22455133702132,0.0,0,28.0312420873794,11.9386105759037,2.86239931446527,0.0,13.7037842345914,0.0,0.0,0.0,22.1562269581181,9.58907436814364,21.9283355716127,0.0,2.86239931446527,74.6,54.3396296296296,22.4275,6.59722222222222,-3.70486111111111,-4.25972222222222,0.0,0.0,-7.31643518518519,0.525410458104969,60,3,1289,3347,7.01,533.1,1034.3,2132.3,184.9,2.39,1.88,1.14,0.995,71.1,2499,122.4,403,303,0.1,4.95
4176,C5H8O7,234TrihydroxypentanedioicacidTrihydroxyglutaricacidHOOCCHOH3COOH,Nd+++,KCl   ,0,6.14097266245434,350.227248155055,16.190234444312,13.357738033247,5.35773803324704,9.14474146620916,5.97011046894284,2.42886901662352,1.56228739282632,1.56228739282632,0.783248290463863,0.783248290463863,0.288509775590615,0.288509775590615,30.1786646567537,9.58907436814364,25.5440409555361,11.2682739546738,180.027002596,1.08333333333333,1.58333333333333,1.83333333333333,0.6,-1.18,12,172.048,3.28575242385194,3.99974746639133,2.45575865855857,78.1663477384623,11.2192124905518,0.479251148923033,11.2192124905518,0.334894035696961,2.12388369236583,0.334894035696961,-3.86134259259259,-0.479251148923033,-2.7617,33.292,180.112,5,7,7,5,7,7,70,25.5440409555361,6.08001802694999,12.1600360539,4.2935989716979,11.9386105759037,0.0,0.0,0.0,0.0,4.11227566851066,0,39.2453909921904,11.9386105759037,7.15599828616317,0.0,18.24005408085,0.0,0.0,0.0,60.0163045839876,9.58907436814364,4.11227566851066,0.0,2.86239931446527,135.29,54.5556901927438,22.4384249811035,17.2390225812547,0.0,-4.24776738473167,0.0,-11.402037037037,0.0,0.315844144537512,60,3,1289,3347,7.01,533.1,1034.3,2132.3,184.9,2.39,1.88,1.14,0.995,71.1,1984,74.6,1043,297,0.2,3.71
4181,C5H9N3O4S,ThiosemicarbazonediethanoicacidH2NCSNHNCH2COOH2,Nd+++,NaClO4,0,6.05957755024467,434.532906999122,17.8783151775108,14.8828822388192,6.69937881974692,9.84951229681783,6.77318528458717,3.02329620762344,1.49289933959055,1.85804771126066,0.579923773306427,0.6615734313992,0.33643378932543,0.418083447418202,46.1922124753336,9.58907436814364,22.4354898252611,12.5809597741308,207.031376768,1.46153846153846,2.0,2.38461538461538,0.4,-1.41,13,198.139,3.38693205349793,5.27344305886519,6.96771482530689,92.0812789226394,11.2768206727135,0.480233327384144,11.2768206727135,0.319154218592075,0.403222789115647,0.319154218592075,-3.63763888888889,-0.480233327384144,-1.7942,46.7657,207.211,5,7,6,4,8,5,74,15.9373333579407,12.9937193686319,9.34796311970936,0.0,11.9386105759037,15.0078905145361,0.0,12.2178734430467,0.0,5.48303422468088,0,29.5252512100235,29.2689209036752,2.86239931446527,10.427728670347,0.0,12.9937193686319,0.0,11.1385331221187,45.2712957354293,9.58907436814364,5.48303422468088,0.0,2.86239931446527,115.89,63.4484075018896,22.5536413454271,4.98520927815571,-0.858407974300833,-4.0634873393802,0.0,0.0,-7.27527777777778,0.308244512695002,60,3,1289,3347,7.01,533.1,1034.3,2132.3,184.9,2.39,1.88,1.14,0.995,71.1,2499,122.4,403,295,0.1,3.19
4187,C5H9NO2,Pyrrolidine2carboxylicacidC4H8NCOOH,Nd+++,NaClO4,0,3.50566151439271,357.295376018861,13.8618073195658,12.7637101764277,3.76371017642768,7.3860810138141,6.21092377192764,1.85546188596382,1.10967107406522,1.10967107406522,0.597857662720967,0.597857662720967,0.295629681079231,0.295629681079231,36.5397205965646,4.79453718407182,5.10880819110721,12.4383516287524,115.063328528,2.0,2.875,3.375,0.8,-0.57,8,106.06,1.13798262904763,2.13200022715797,0.979577193158241,60.4882677596105,11.2052083333333,0.48008076676695,11.2052083333333,0.320191879718601,0.447546296296296,0.320191879718601,-3.35775462962963,-0.48008076676695,-0.177,28.6605,115.132,2,3,3,2,3,1,46,10.4186215443956,7.42973454667785,0.0,0.0,5.96930528795185,4.79453718407182,0.0,19.2427094869747,8.22455133702132,1.37075855617022,1,20.9104973466988,5.96930528795185,1.43119965723263,5.30981335328838,18.7637422710084,6.49685968431595,0.0,5.30981335328838,23.5928656317246,4.79453718407182,22.3411596958503,0.0,1.43119965723263,49.33,65.0066435185185,11.2052083333333,2.97085648148148,0.0,-1.85856481481481,-3.28993055555556,-6.65171296296296,-3.21583333333333,0.498208920889328,60,3,1289,3347,7.01,533.1,1034.3,2132.3,184.9,2.39,1.88,1.14,0.995,71.1,2499,122.4,403,298,0.1,5.32
4200,C5H9NO3,4Hydroxy2pyrrolidinecarboxylicacidC4H7NOHCOOH,Nd+++,NaCl  ,0,3.55190573396069,377.214608222528,14.5689141007523,13.1719584668915,4.17195846689155,7.94674118559392,6.32329620762344,2.05958603119575,1.31379521929715,1.31379521929715,0.694532245487714,0.694532245487714,0.366788745691986,0.366788745691986,36.2468137221852,4.79453718407182,10.2176163822144,12.4987927298148,131.058243148,2.0,2.88888888888889,3.44444444444444,0.8,-0.61,9,122.059,1.5151361966006,2.32594106624344,1.39855437454116,65.3691717699337,11.2876913265306,0.480079514993244,11.2876913265306,0.320296871065867,0.473796296296297,0.320296871065867,-3.42546296296296,-0.480079514993244,-1.2062,30.0503,131.131,3,4,4,3,4,2,52,15.5274297355028,7.42973454667785,0.0,1.43119965723263,5.96930528795185,4.79453718407182,0.0,0.0,18.3528188103262,8.82153513929043,1,24.6485469816358,5.96930528795185,2.86239931446527,5.30981335328838,18.470835396629,6.49685968431595,0.0,5.30981335328838,36.2128915070145,4.79453718407182,14.5974762383507,0.0,1.43119965723263,69.56,64.999574829932,11.2876913265306,6.66136810279667,0.0,-1.89115740740741,-3.34618055555556,-6.76108796296296,-3.28354166666667,0.417545133596004,60,3,1289,3347,7.01,533.1,1034.3,2132.3,184.9,2.39,1.88,1.14,0.995,71.1,2165,58.4,1074,310,0.15,3.73
4212,C5H9NO4_1,2AminopentanedioicacidH2NCHCH2CH2COOHCOOH,Nd+++,NaCl  ,0,5.94873684233363,373.621468454158,15.646264369942,13.5802067573554,4.58020675735541,8.40613662384376,6.25102715060535,2.0401033786777,1.17352175488051,1.17352175488051,0.476312937586954,0.476312937586954,0.161262922334713,0.161262922334713,36.4220698226384,9.58907436814364,10.2176163822144,12.5398762519728,147.053157768,1.6,2.3,2.8,0.6,-1.1,10,138.058,1.944781345191,3.83755739210285,3.84856593494632,70.3846101691497,11.1949239417989,0.481229490629438,11.1949239417989,0.319984030076623,0.848284674981104,0.319984030076623,-3.81967592592593,-0.481229490629438,-0.7369,32.481,147.13,4,5,5,3,5,5,58,15.9373333579407,8.84157662500605,0.0,0.0,11.9386105759037,9.58907436814364,0.0,6.37292490132938,11.8559591260103,1.37075855617022,0,29.4841676878656,11.9386105759037,2.86239931446527,0.0,18.7637422710084,0.0,0.0,5.71971697572627,28.1741194264678,9.58907436814364,19.5996425835099,0.0,2.86239931446527,100.62,62.5476577853364,22.2073138699924,6.57020077475435,-0.848284674981104,-4.168600718065,-3.68805555555556,-7.53689814814815,0.0,0.485975530954351,60,3,1289,3347,7.01,533.1,1034.3,2132.3,184.9,2.39,1.88,1.14,0.995,71.1,2165,58.4,1074,310,0.15,3.94
4221,C5H9NO4_2,NMethyliminodiethanoicacidCH3NCH2COOH2,Nd+++,KCl   ,0,5.86963716253986,338.111693449831,15.646264369942,13.5802067573554,4.58020675735541,8.32878635465414,6.30381355510539,1.98731697417766,1.13393195150548,1.13393195150548,0.406180983585034,0.406180983585034,0.210525035553803,0.210525035553803,36.8080665756683,9.58907436814364,10.2176163822144,12.4577092076568,147.053157768,1.4,1.9,2.2,0.6,-1.1,10,138.058,1.944781345191,3.83755739210285,5.04492753623188,70.6884398778637,11.0372156084656,0.480285790133412,11.0372156084656,0.31720709309226,0.749259259259259,0.31720709309226,-3.66201388888889,-0.480285790133412,-0.912599999999999,32.7686,147.13,2,5,5,2,5,5,58,10.2176163822144,0.0,0.0,0.0,11.9386105759037,14.4889840989941,0.0,6.97582690028225,4.11227566851066,18.4767535933128,0,29.4020006435496,11.9386105759037,2.86239931446527,4.89990973085048,0.0,19.9695462689141,0.0,0.0,47.0256829578827,9.58907436814364,9.59530989319154,0.0,2.86239931446527,77.84,62.2145960884354,21.325171957672,6.55684193121693,0.0,-4.10133219954648,0.0,0.0,-10.9119444444444,0.537738155021396,60,3,1289,3347,7.01,533.1,1034.3,2132.3,184.9,2.39,1.88,1.14,0.995,71.1,1984,74.6,1043,298,0.1,6.68
4240,C6H10O3,1HydroxycyclopentanecarboxylicacidHOC5H8COOH,Nd+++,NaClO4,0,3.76958623359826,378.069170321777,15.4915638315627,14.2247448713916,4.22474487139159,8.29204064721467,6.92886901662352,2.11237243569579,1.46864369641316,1.46864369641316,0.827019551181231,0.827019551181231,0.371843108923949,0.371843108923949,37.0620557042531,4.79453718407182,10.2176163822144,13.828467763827,130.06299418,1.44444444444444,2.11111111111111,2.55555555555556,0.833333333333333,-0.57,9,120.063,1.37010714677908,1.98823860602479,1.05209706908252,67.5311655686518,11.5058333333333,0.479113821144531,11.5058333333333,0.335170169092089,2.02523148148148,0.335170169092089,-3.57650462962963,-0.479113821144531,0.3761,31.0536,130.143,2,3,3,2,3,2,52,10.2176163822144,0.0,5.60105081098369,1.43119965723263,5.96930528795185,0.0,0.0,25.4916996053175,10.9660684493618,0.0,1,25.978222015648,5.96930528795185,2.86239931446527,0.0,31.0927504163012,0.0,0.0,0.0,23.2191721383826,4.79453718407182,36.4577680546793,0.0,1.43119965723263,57.53,72.9346064814815,11.5058333333333,7.21773148148148,-3.56076388888889,-2.02523148148148,0.0,-14.1555092592593,0.0,0.538992113708881,60,3,1289,3347,7.01,533.1,1034.3,2132.3,184.9,2.39,1.88,1.14,0.995,71.1,2499,122.4,403,298,0.1,2.67
4252,C6H10O4,16HexanedioicacidHOOCCH24COOH,Nd+++,NaClO4,0,5.92296105071913,366.551996966259,16.5689141007523,14.6329931618555,4.63299316185545,8.7127609508697,6.88299316185545,2.06649658092773,1.07491495713053,1.07491495713053,0.391624145231932,0.391624145231932,0.164562072615966,0.164562072615966,37.4303101812212,9.58907436814364,10.2176163822144,13.828467763827,146.0579088,1.2,1.6,1.9,0.666666666666667,-1.06,10,136.062,1.75119152283904,4.78480679048491,6.94,72.6985188222247,11.0261744929453,0.481230388615031,11.0261744929453,0.302839787989633,2.10980017006803,0.302839787989633,-3.9069212962963,-0.481230388615031,0.716,33.7396,146.142,2,4,4,2,4,5,58,10.2176163822144,0.0,0.0,0.0,11.9386105759037,9.58907436814364,0.0,12.7458498026588,23.7119182520205,0.0,0,30.7727591997198,11.9386105759037,2.86239931446527,0.0,25.4916996053175,0.0,0.0,0.0,22.1562269581181,9.58907436814364,36.4577680546793,0.0,2.86239931446527,74.6,70.3548529226505,22.0523489858907,6.49944113756614,0.0,-4.21960034013605,0.0,-15.3537093726379,0.0,0.560076647689367,60,3,1289,3347,7.01,533.1,1034.3,2132.3,184.9,2.39,1.88,1.14,0.995,71.1,2499,122.4,403,303,0.1,2.9
4272,C6H10O6,12BiscarboxymethoxyethaneHOOCCH2OCH2CH2OCH2COOH,Nd+++,NaClO4,0,5.32852337215321,395.622912243482,17.9831276631254,15.4494897427832,5.44948974278318,9.62697451324279,7.19948974278318,2.38299316185545,1.18728739282632,1.18728739282632,0.412457478565265,0.412457478565265,0.176031036307983,0.176031036307983,38.1745515475689,9.58907436814364,19.6913422898145,13.828467763827,178.04773804,1.08333333333333,1.5,1.83333333333333,0.666666666666667,-1.14,12,168.06,2.67685697161094,6.56273258515376,8.86,82.9256092812385,10.8653546820026,0.479533669105387,10.8653546820026,0.329143962786331,2.01319155748719,0.329143962786331,-3.80521116780046,-0.479533669105387,-0.811199999999999,36.9096,178.14,2,6,6,2,6,7,70,19.6913422898145,13.1179704858326,0.0,0.0,11.9386105759037,0.0,0.0,0.0,0.0,24.0840389351943,0,40.2464851073199,11.9386105759037,2.86239931446527,0.0,0.0,26.2359409716652,0.0,0.0,48.3921679297833,19.0628002757437,10.9660684493618,0.0,2.86239931446527,93.06,76.9760266054692,21.7307093640053,6.47648576983849,0.0,-4.02638311497438,0.0,0.0,-14.8235052910053,0.494991353977725,60,3,1289,3347,7.01,533.1,1034.3,2132.3,184.9,2.39,1.88,1.14,0.995,71.1,2499,122.4,403,298,0.1,5.1
4290,C6H10O8,D2345Tetrahydroxy16hexanedioicacidGlucaricacidHOOCCHOH4COOH,Nd+++,NaClO4,0,6.68674456568083,440.264707577523,19.3973412254985,16.2659863237109,6.26598632371091,10.955401637989,7.33248290463863,2.88299316185545,1.89141153805826,1.89141153805826,0.989477029746495,0.989477029746495,0.391624145231931,0.391624145231931,36.2586826837036,9.58907436814364,30.6528491466433,14.0702321680767,210.03756728,0.928571428571429,1.35714285714286,1.57142857142857,0.666666666666667,-1.22,14,200.058,3.73857143941291,4.86182026108043,2.92351478528922,92.2221348635178,11.4598252865961,0.479251333342293,11.4598252865961,0.334876900966832,2.25000330687831,0.334876900966832,-4.14025462962963,-0.479251333342293,-3.4008,39.2988,210.138,6,8,8,6,8,9,82,30.6528491466433,12.1600360539,12.1600360539,5.72479862893054,11.9386105759037,0.0,0.0,0.0,0.0,5.48303422468088,0,45.7249577394678,11.9386105759037,8.58719794339581,0.0,24.3200721078,0.0,0.0,0.0,72.6363304592775,9.58907436814364,5.48303422468088,0.0,2.86239931446527,155.52,70.1426155832703,22.9196505731922,21.0110331632653,0.0,-4.50000661375661,0.0,-16.2399593726379,0.0,0.273973377857836,60,3,1289,3347,7.01,533.1,1034.3,2132.3,184.9,2.39,1.88,1.14,0.995,71.1,2499,122.4,403,298,0.1,4.53
4297,C6H11N3O4,GlycylglycylglycineH2NCH2CONHCH2CONHCH2COOH,Nd+++,KCl   ,0,5.62580265610986,525.888389663052,19.6712083963243,16.9746339483553,5.97463394835533,10.5555244302133,7.88163324214132,2.68453056967762,1.45677960175718,1.45677960175718,0.597468076502562,0.597468076502562,0.245010565584404,0.245010565584404,53.6135874819057,14.3836115522155,5.10880819110721,15.3031193075668,189.074955832,1.23076923076923,1.84615384615385,2.46153846153846,0.5,-1.63,13,178.083,2.67737333112316,5.95002155317485,6.75572806171649,90.0559490052952,11.7852536848073,0.479930440698464,11.7852536848073,0.32247049991735,0.798986339529945,0.32247049991735,-3.84935468631897,-0.479930440698464,-2.7379,42.7096,189.171,5,7,5,4,7,6,74,21.4481518734102,9.32054384097235,2.8236841566564,11.814359458703,5.96930528795185,14.3836115522155,0.0,0.0,0.0,21.2182707056532,0,33.3643393936568,17.7836647466549,1.43119965723263,10.6196267065768,0.0,19.4905790529478,0.0,16.339343682303,42.3830519907099,14.3836115522155,8.22455133702132,0.0,1.43119965723263,121.52,76.8255348937478,34.3933041349383,1.39003244931275,-0.798986339529945,-6.52336200606786,0.0,0.0,-11.0365231324011,0.373585727151608,60,3,1289,3347,7.01,533.1,1034.3,2132.3,184.9,2.39,1.88,1.14,0.995,71.1,1984,74.6,1043,298,0.1,2.15
4338,C6H11NO5,N2HydroxyethyliminodiethanoicacidHOCH2CH2NCH2COOH2,Nd+++,NaNO3 ,0,6.46317815420273,439.823425218953,18.8533711511285,16.4884550478193,5.48845504781927,10.139446526434,7.66618599080118,2.44144111940959,1.34779742299643,1.34779742299643,0.563627928918788,0.563627928918788,0.312070281450061,0.312070281450061,42.8880846026183,9.58907436814364,15.3264245733216,15.2596674210597,177.063722452,1.33333333333333,1.91666666666667,2.33333333333333,0.666666666666667,-1.14,12,166.068,2.42635893400647,5.50268915879186,5.63021505951475,84.7442270029192,11.3256934996221,0.480285660506561,11.3256934996221,0.317218744472384,0.921342592592593,0.317218744472384,-3.968125,-0.480285660506561,-1.5501,38.7974,177.156,3,6,6,3,6,7,70,15.3264245733216,0.0,0.0,1.43119965723263,11.9386105759037,14.4889840989941,0.0,0.0,9.23837679665639,27.7772559485695,0,35.881567390827,11.9386105759037,4.2935989716979,4.89990973085048,0.0,26.0495642958641,0.0,0.0,59.6457088331726,9.58907436814364,10.9660684493618,0.0,2.86239931446527,98.07,78.0445852229781,21.7300444066515,10.0317209939531,0.0,-4.40960884353741,0.0,0.0,-15.563408446712,0.454056009210398,60,3,1289,3347,7.01,533.1,1034.3,2132.3,184.9,2.39,1.88,1.14,0.995,71.1,2257,85.0,581,293,0.1,8.65
4347,C6H12N2O4,12DiaminoethaneNNdiethanoicacidHOOCCH2NHCH2CH2NHCH2COOH,Nd+++,NaClO4,0,5.90870584482388,453.939757444409,19.7236146391316,17.5274203528554,5.52742035285537,10.5221620276282,8.17184754385528,2.46092377192764,1.24573535038047,1.24573535038047,0.456180983585034,0.456180983585034,0.197188792355022,0.197188792355022,48.5456760197442,9.58907436814364,10.2176163822144,16.6521519204834,176.079706864,1.25,1.66666666666667,2.0,0.666666666666667,-1.14,12,164.076,2.20944573678126,6.56273258515376,8.86,86.7242974542531,11.1009669269006,0.480291478523007,11.1009669269006,0.316979870714043,0.91614843159486,0.316979870714043,-3.91458616780046,-0.480291478523007,-1.6652,41.011,176.172,4,6,6,4,6,7,70,20.8372430887912,2.8236841566564,0.0,0.0,11.9386105759037,9.58907436814364,0.0,0.0,18.4767535933128,18.4767535933128,0,33.5964433563762,11.9386105759037,2.86239931446527,10.6196267065768,0.0,25.9874387372638,0.0,10.6196267065768,48.1436656953819,9.58907436814364,10.9660684493618,0.0,2.86239931446527,98.66,85.7817205775025,22.2019338538012,4.72603839644469,0.0,-4.16243753674309,0.0,0.0,-15.213921957672,0.346279948909364,60,3,1289,3347,7.01,533.1,1034.3,2132.3,184.9,2.39,1.88,1.14,0.995,71.1,2499,122.4,403,298,1.0,7.98
4380,C6H12O2,HexanoicacidCH3CH24COOH,Nd+++,NaCl  ,0,6.00205900710004,381.899010936982,16.7844570503762,15.8164965809277,3.81649658092773,8.48138047543485,7.56649658092773,1.65824829046386,0.787457478565265,0.787457478565265,0.289562072615966,0.289562072615966,0.113531036307983,0.113531036307983,38.312897010565,4.79453718407182,5.10880819110721,16.5095437751051,116.083729624,1.625,2.5,3.125,0.833333333333333,-0.53,8,104.064,0.916632754970161,4.62455950540958,5.47,66.4660337121934,11.0490490362812,0.481230389789036,11.0490490362812,0.302839555089209,2.10396589191232,0.302839555089209,-3.91375,-0.481230389789036,1.6513,31.7778,116.16,1,2,2,1,2,5,48,5.10880819110721,0.0,0.0,0.0,5.96930528795185,4.79453718407182,19.5977419199544,6.37292490132938,21.4512690192018,0.0,0,24.9816894930515,5.96930528795185,1.43119965723263,0.0,32.3435917226132,0.0,0.0,0.0,11.0781134790591,4.79453718407182,47.4219358404857,0.0,1.43119965723263,37.3,85.1967955168178,11.0490490362812,3.26111748866213,0.0,-2.10396589191232,0.0,-15.379979686319,-3.60634979686319,0.566873204212156,60,3,1289,3347,7.01,533.1,1034.3,2132.3,184.9,2.39,1.88,1.14,0.995,71.1,2165,58.4,1074,293,0.1,2.5
4385,C6H12O3_1,2Hydroxy2methylpentanoicacidMethylpropylglycolicacid,Nd+++,NaClO4,0,6.51036403328999,396.777394376268,17.4915638315627,16.2247448713916,4.22474487139159,9.04204064721467,7.67886901662352,1.86237243569579,1.21864369641316,1.21864369641316,0.525988514873248,0.525988514873248,0.139046554461974,0.139046554461974,38.0199901361856,4.79453718407182,10.2176163822144,16.5699848761675,132.078644244,1.55555555555556,2.44444444444444,2.88888888888889,0.833333333333333,-0.57,9,120.063,1.23270625858056,2.82385337487096,2.46357102453868,71.3469377225166,11.5268934240363,0.479121797042072,11.5268934240363,0.334877134152324,2.25405092592593,0.334877134152324,-4.04525462962963,-0.479121797042072,0.6221,33.1676,132.159,2,3,3,2,3,6,54,10.2176163822144,0.0,5.60105081098369,1.43119965723263,5.96930528795185,0.0,13.2248170186251,13.2248170186251,13.7075855617022,0.0,0,28.7197391279884,5.96930528795185,2.86239931446527,0.0,32.0506848482338,0.0,0.0,0.0,23.2191721383826,4.79453718407182,40.1572195989523,0.0,1.43119965723263,57.53,85.0856637377173,11.5268934240363,6.97235308012094,-3.95868055555556,-2.25405092592593,0.0,-7.9444212962963,-7.51109079743008,0.591504388634132,60,3,1289,3347,7.01,533.1,1034.3,2132.3,184.9,2.39,1.88,1.14,0.995,71.1,2499,122.4,403,298,1.0,2.39
4392,C6H12O3_2,2Ethyl2hydroxybutanoicacidC2H52COHCOOH,Nd+++,NaClO4,0,6.64246518900836,368.777394376268,17.4915638315627,16.2247448713916,4.22474487139159,9.04204064721467,7.67886901662352,1.86237243569579,1.21864369641316,1.21864369641316,0.639519551181231,0.639519551181231,0.133312072615966,0.133312072615966,38.0199901361857,4.79453718407182,10.2176163822144,16.5699848761675,132.078644244,1.55555555555556,2.22222222222222,2.55555555555556,0.833333333333333,-0.57,9,120.063,1.23270625858056,2.82385337487096,1.67685693815832,71.3469377225166,11.6169444444444,0.479114091649991,11.6169444444444,0.335147769494694,2.29189814814815,0.335147769494694,-4.02951388888889,-0.479114091649991,0.6221,33.1676,132.159,2,3,3,2,3,6,54,10.2176163822144,0.0,5.60105081098369,1.43119965723263,5.96930528795185,0.0,13.7037842345914,12.7458498026588,13.7075855617022,0.0,0,28.7197391279884,5.96930528795185,2.86239931446527,0.0,32.0506848482338,0.0,0.0,0.0,23.2191721383826,4.79453718407182,40.1572195989523,0.0,1.43119965723263,57.53,85.053912037037,11.6169444444444,7.01439814814815,-4.02951388888889,-2.29189814814815,0.0,-7.94884259259259,-7.49833333333334,0.591504388634132,60,3,1289,3347,7.01,533.1,1034.3,2132.3,184.9,2.39,1.88,1.14,0.995,71.1,2499,122.4,403,298,1.0,2.28
4399,C6H12O3_3,2Hydroxy23dimethylbutanoicacidCH3CHCH3COHCH3COOH,Nd+++,NaClO4,0,6.83377909454662,379.267619371941,17.4915638315627,16.2247448713916,4.22474487139159,9.04204064721467,7.67886901662352,1.86237243569579,1.34364369641316,1.34364369641316,0.639519551181231,0.639519551181231,0.102062072615966,0.102062072615966,38.0199901361857,4.79453718407182,10.2176163822144,16.5699848761675,132.078644244,1.55555555555556,2.33333333333333,2.66666666666667,0.833333333333333,-0.57,9,120.063,1.23270625858056,2.35135552172339,1.67685693815832,71.3469377225166,11.6169444444444,0.479114044394535,11.6169444444444,0.335148667574496,2.29189814814815,0.335148667574496,-4.0712962962963,-0.479114044394535,0.478,33.0976,132.159,2,3,3,2,3,6,54,10.2176163822144,0.0,5.60105081098369,1.43119965723263,5.96930528795185,0.0,13.7037842345914,12.7458498026588,13.7075855617022,0.0,0,28.7197391279884,5.96930528795185,2.86239931446527,0.0,26.1567271628707,0.0,0.0,0.0,23.2191721383826,4.79453718407182,34.2632619135892,0.0,1.43119965723263,57.53,85.3018287037037,11.6169444444444,7.01439814814815,-4.02951388888889,-6.36319444444445,0.0,0.0,-11.6237962962963,0.574103287946378,60,3,1289,3347,7.01,533.1,1034.3,2132.3,184.9,2.39,1.88,1.14,0.995,71.1,2499,122.4,403,298,1.0,2.57
4410,C6H12O4,23Dihydroxy23dimethylbutanoicacidCH32COHCOHCH3COOH,Nd+++,KNO3  ,0,7.05953140017695,395.310218655314,18.1986706127493,16.6329931618555,4.63299316185545,9.60270081899449,7.79124145231932,2.06649658092773,1.64982991426106,1.64982991426106,0.783248290463863,0.783248290463863,0.143728739282632,0.143728739282632,37.7270832618063,4.79453718407182,15.3264245733216,16.6304259772299,148.073558864,1.4,2.2,2.5,0.833333333333333,-0.61,10,136.062,1.5898460140069,2.21273420707087,1.45721813320095,76.2278417328398,11.7325,0.479038101282339,11.7325,0.337927182978517,2.33148148148148,0.337927182978517,-4.11296296296296,-0.479038101282339,-0.407100000000001,34.5574,148.158,3,4,4,3,4,7,60,15.3264245733216,0.0,5.60105081098369,2.86239931446527,5.96930528795185,0.0,0.0,20.555676351887,12.336827005532,5.60105081098369,0,32.4577887629254,5.96930528795185,4.2935989716979,0.0,31.7577779738544,0.0,0.0,0.0,35.3602307977061,4.79453718407182,32.892503357419,0.0,1.43119965723263,77.76,85.2662731481481,11.7325,10.7750231481481,-8.21018518518519,-2.33148148148148,0.0,0.0,-11.815462962963,0.497279927652458,60,3,1289,3347,7.01,533.1,1034.3,2132.3,184.9,2.39,1.88,1.14,0.995,71.1,2109,101.1,607,298,0.1,3.37
4420,C6H12O7_1,DGluconicacid23456PentahydroxyhexanoicacidHOCH2CHOH4COOH,Nd+++,NaClO4,0,6.8322081004936,482.8702587904,20.3199909563089,17.857738033247,5.85773803324704,11.284681334334,8.1283587594067,2.67886901662352,1.70601613210896,1.70601613210896,0.896779326771846,0.896779326771846,0.345275293744607,0.345275293744607,36.8483626386681,4.79453718407182,30.6528491466433,16.8117492804171,196.058302724,1.07692307692308,1.84615384615385,2.30769230769231,0.833333333333333,-0.73,13,184.059,2.87805857288249,5.09784620339671,3.24712277064196,90.8705537638096,11.5308286879567,0.479251334831302,11.5308286879567,0.33487661821137,2.26564011715797,0.33487661821137,-4.20333333333333,-0.479251334831302,-3.4931,38.7488,196.155,6,7,7,6,7,10,78,30.6528491466433,18.24005408085,6.08001802694999,7.15599828616317,5.96930528795185,0.0,0.0,0.0,0.0,14.7835365799376,0,43.6719376677364,5.96930528795185,8.58719794339581,0.0,24.3200721078,6.55898524291629,0.0,0.0,74.6572100714746,4.79453718407182,8.22455133702132,0.0,1.43119965723263,138.45,85.6087091758,11.5308286879567,21.3629929610733,0.0,-2.26564011715797,0.0,-16.4692186318972,-3.85100540910809,0.268053512439078,60,3,1289,3347,7.01,533.1,1034.3,2132.3,184.9,2.39,1.88,1.14,0.995,71.1,2499,122.4,403,298,0.2,3.4
4447,C6H13N3O3,2Amino5ureidovalericacidH2NCONHCH2CH2CH2CHNH2COOH,Nd+++,NaCl  ,0,6.34816851043176,527.138838357125,20.5938581271347,18.5663856578915,5.56638565789146,10.9394990264289,8.65111589465937,2.50679962669571,1.39224525990028,1.39224525990028,0.581697810304741,0.581697810304741,0.213955358693607,0.213955358693607,54.0102690603552,9.58907436814364,5.10880819110721,18.0857199420652,175.095691276,1.58333333333333,2.41666666666667,3.0,0.666666666666667,-1.3,12,162.084,1.95377942517805,5.36337935568705,5.48222977999787,88.5524530512301,11.5038046422273,0.480086440773958,11.5038046422273,0.319968510814645,0.801811067019401,0.319968510814645,-4.13928807634165,-0.480086440773958,-1.1532,42.4313,175.188,6,6,4,4,6,6,70,21.8580554958481,8.84157662500605,4.2355262349846,0.0,12.0004198002899,4.79453718407182,0.0,12.7458498026588,14.7214110213373,1.37075855617022,0,31.3524028440834,12.0004198002899,1.43119965723263,5.30981335328838,18.7637422710084,6.49685968431595,0.0,16.7492473047409,29.6239801440627,4.79453718407182,22.3411596958503,0.0,1.43119965723263,118.44,93.806533446712,22.8477379377677,2.42690917107584,-1.76493653943059,-2.24292433022592,-5.97794081212732,-8.27449640967499,-3.98754913076342,0.394159185213804,60,3,1289,3347,7.01,533.1,1034.3,2132.3,184.9,2.39,1.88,1.14,0.995,71.1,2165,58.4,1074,310,0.15,3.02
4464,C6H13NO2_1,2Aminohexanoicacid2AminocaproicacidCH3CH23CHNH2COOH,Nd+++,KCl   ,0,6.35180462228047,430.736476856522,18.3618073195658,17.2637101764277,4.26371017642768,9.42475614840891,8.18453056967762,1.88185508821384,1.01106427631524,1.01106427631524,0.436750864970988,0.436750864970988,0.14148188602673,0.14148188602673,43.6775815533116,4.79453718407182,5.10880819110721,17.9624693755912,131.094628656,1.77777777777778,2.66666666666667,3.22222222222222,0.833333333333333,-0.57,9,118.071,1.11498357271669,4.32270511884207,3.96835800807537,73.3270081738506,11.3965490362812,0.480086447593622,11.3965490362812,0.319967291728623,0.91934476568405,0.319967291728623,-4.04212962962963,-0.480086447593622,0.5885,35.1362,131.175,3,3,3,2,3,6,54,10.8285251668335,8.84157662500605,0.0,0.0,5.96930528795185,4.79453718407182,19.5977419199544,6.37292490132938,12.336827005532,1.37075855617022,0,26.4346150935376,5.96930528795185,1.43119965723263,0.0,31.9885592896335,0.0,0.0,5.71971697572627,17.0960059474087,4.79453718407182,39.678252382986,0.0,1.43119965723263,63.32,93.273784840325,11.3965490362812,3.32861748866213,-0.91934476568405,-2.18729922524565,-3.85034722222222,-11.9492157974301,-3.67607768801965,0.586500490540786,60,3,1289,3347,7.01,533.1,1034.3,2132.3,184.9,2.39,1.88,1.14,0.995,71.1,1984,74.6,1043,293,0.2,3.56
4482,C6H13NO2_3,2Amino4methylpentanoicacidH2NCHCH2CHCH32COOH,Nd+++,NaClO4,0,6.64213729585679,413.226701852195,18.3618073195658,17.2637101764277,4.26371017642768,9.42475614840891,8.18453056967762,1.88185508821384,1.13606427631524,1.13606427631524,0.436750864970988,0.436750864970988,0.169432735745478,0.169432735745478,43.6775815533116,4.79453718407182,5.10880819110721,17.9624693755912,131.094628656,1.88888888888889,2.66666666666667,3.11111111111111,0.833333333333333,-0.57,9,118.071,1.11498357271669,3.45451731742178,3.96835800807537,73.3270081738506,11.4528840702948,0.480086317326264,11.4528840702948,0.319977946620586,0.939837962962964,0.319977946620586,-4.11296296296296,-0.480086317326264,0.4444,35.0662,131.175,3,3,3,2,3,6,54,10.8285251668335,8.84157662500605,0.0,0.0,5.96930528795185,4.79453718407182,13.7037842345914,12.2668825866925,12.336827005532,1.37075855617022,0,26.4346150935376,5.96930528795185,1.43119965723263,0.0,26.0946016042704,0.0,0.0,5.71971697572627,17.0960059474087,4.79453718407182,33.7842946976229,0.0,1.43119965723263,63.32,93.5623691421013,11.4528840702948,3.33472930839002,-0.939837962962964,-6.2674537037037,-3.90347222222222,-4.11296296296296,-7.70958900226757,0.583947230181202,60,3,1289,3347,7.01,533.1,1034.3,2132.3,184.9,2.39,1.88,1.14,0.995,71.1,2499,122.4,403,298,0.2,6.03
4506,C6H13NO2_4,2Amino3methylpentanoicacidCH3CH2CHCH3CHNH2COOH,Nd+++,NaClO4,0,6.79403742316394,429.226701852195,18.3618073195658,17.2637101764277,4.26371017642768,9.42475614840891,8.18453056967762,1.88185508821384,1.13606427631524,1.13606427631524,0.555152564408483,0.555152564408483,0.161262922334713,0.161262922334713,43.6775815533116,4.79453718407182,5.10880819110721,17.9624693755912,131.094628656,1.88888888888889,2.77777777777778,3.22222222222222,0.833333333333333,-0.57,9,118.071,1.11498357271669,3.45451731742178,2.46357102453868,73.3270081738506,11.5429350907029,0.480078739285162,11.5429350907029,0.320246680808498,0.965462962962964,0.320246680808498,-4.13900462962963,-0.480078739285162,0.4444,35.0662,131.175,3,3,3,2,3,6,54,10.8285251668335,8.84157662500605,0.0,0.0,5.96930528795185,4.79453718407182,20.0767091359207,5.89395768536308,12.336827005532,1.37075855617022,0,26.4346150935376,5.96930528795185,1.43119965723263,0.0,26.0946016042704,0.0,0.0,5.71971697572627,17.0960059474087,4.79453718407182,33.7842946976229,0.0,1.43119965723263,63.32,93.5977007747544,11.5429350907029,3.34739937641723,-0.965462962962964,-6.39201388888889,-3.97430555555556,-4.02625,-7.71333616780045,0.583947230181202,60,3,1289,3347,7.01,533.1,1034.3,2132.3,184.9,2.39,1.88,1.14,0.995,71.1,2499,122.4,403,298,0.2,5.24
4549,C6H13NO4,NNBis2hydroxyethylglycineHOCH2CH22NCH2COOH,Nd+++,NaNO3 ,0,6.62224009971363,439.378272190563,19.7760208819389,18.0802067573554,5.08020675735541,10.4687262227789,8.46206184556925,2.23731697417766,1.16240201704713,1.16240201704713,0.517984382460024,0.517984382460024,0.266426734991297,0.266426734991297,43.4777645575827,4.79453718407182,15.3264245733216,18.0011845334001,163.084457896,1.45454545454545,2.09090909090909,2.54545454545455,0.833333333333333,-0.65,11,150.069,1.81137561371109,6.08560643188873,5.77780748663102,83.392645903211,11.4189002267574,0.480285798050107,11.4189002267574,0.31720561205096,0.937546296296296,0.31720561205096,-4.01208333333334,-0.480285798050107,-1.6424,38.2474,163.173,3,5,5,3,5,8,66,15.3264245733216,0.0,0.0,2.86239931446527,5.96930528795185,9.6944469149223,0.0,0.0,18.4767535933128,27.8393815071698,0,33.8285473190957,5.96930528795185,4.2935989716979,4.89990973085048,0.0,32.6085495387804,0.0,0.0,61.6665884453696,4.79453718407182,13.7075855617022,0.0,1.43119965723263,81.0,93.4826521164021,10.4813539304611,10.2349995275888,0.0,-2.22517479213908,0.0,0.0,-19.5571641156463,0.437208405239743,60,3,1289,3347,7.01,533.1,1034.3,2132.3,184.9,2.39,1.88,1.14,0.995,71.1,2257,85.0,581,293,0.1,7.6
4561,C6H14N2O2,26DiaminohexanoicacidH2NCH24CHNH2COOH,Nd+++,NaClO4,0,6.48676735067369,479.885125008555,19.9391575887554,18.7109237719276,4.71092377192764,10.368131821383,8.80256455842752,2.10546188596382,1.12286767519023,1.12286767519023,0.492652564408483,0.492652564408483,0.169432735745478,0.169432735745478,49.0422660960581,4.79453718407182,5.10880819110721,19.4153949760774,146.105527688,1.6,2.5,3.1,0.833333333333333,-0.61,10,132.078,1.3185036207983,5.19660435670694,4.28669153214636,80.1879826355078,11.4928067523306,0.480086447570925,11.4928067523306,0.319967300247027,0.866562972411187,0.319967300247027,-4.13875,-0.480086447570925,-0.4727,38.5166,146.19,5,4,4,3,4,7,60,16.5482421425598,11.6652607816624,0.0,0.0,5.96930528795185,4.79453718407182,6.37292490132938,19.2427094869747,10.9660684493618,1.37075855617022,0,27.8875406940238,5.96930528795185,1.43119965723263,0.0,25.1366671723378,6.49685968431595,0.0,11.4394339514525,23.5928656317246,4.79453718407182,31.4556017095201,0.0,1.43119965723263,89.34,101.599031045288,11.4928067523306,3.33845545162509,-1.81843324829932,-2.2302414021164,-3.92007511337869,-12.2854657974301,-3.75941102135299,0.457177158496557,60,3,1289,3347,7.01,533.1,1034.3,2132.3,184.9,2.39,1.88,1.14,0.995,71.1,2499,122.4,403,293,0.1,7.12
4569,C6H20N2O12P4,Ethane12bisiminobismethylenephosphonicacidH2O3PCH22NCH22,Nd+++,KCl   ,0,8.61012880898814,1007.78066164865,35.8115547878716,30.5822610585661,14.1599698225658,19.4673321818074,13.9429445312314,10.8475930495616,3.28429949701017,8.06404410903066,1.16350474630661,2.94330064341989,0.734619308106632,2.27218608161987,78.1283804929158,18.2601931397253,39.1655391921518,27.8986999319037,435.996670600001,0.583333333333333,0.791666666666667,0.958333333333333,1.0,0.52,24,415.964,7.16171983131488,8.94360380484399,16.0136960132074,165.082032691553,12.8183386158216,0.338957566789111,12.8183386158216,0.338957566789111,1.66474048878811,0.323529008609139,-6.43599106617956,-0.323529008609139,-1.8688,81.0564,436.124,8,14,14,8,18,19,146,39.1655391921518,24.9517923554314,0.0,11.4495972578611,30.3830493071515,28.0600126014263,0.0,0.0,18.4767535933128,10.9660684493618,0,73.8748350059198,30.3830493071515,11.4495972578611,9.79981946170096,0.0,37.9455117240633,0.0,0.0,98.3604676357772,18.2601931397253,16.4491026740426,0.0,0.0,236.6,202.876164729419,24.0078515005295,0.0,0.0,0.0,0.0,-19.8422515117158,-10.5755782312925,0.165735029268434,60,3,1289,3347,7.01,533.1,1034.3,2132.3,184.9,2.39,1.88,1.14,0.995,71.1,1984,74.6,1043,298,0.1,21.47
4599,C6H5NO2_1,2PyridinecarboxylicacidC5H4NCOOH,Nd+++,NaClO4,0,3.40202491558064,394.298520592175,10.8783151775109,9.26371017642768,4.26371017642768,6.48526966519293,4.51371017642768,2.10546188596382,1.23467107406522,1.23467107406522,0.660357662720967,0.660357662720967,0.326879681079231,0.326879681079231,35.963384616605,4.79453718407182,10.0927867120544,6.91423388191352,123.0320284,1.66666666666667,2.55555555555556,3.33333333333333,0.0,-1.38,9,118.071,2.09677698217555,2.25933420066476,1.2528322001979,59.0832718260462,10.8298904006047,0.47650947163992,10.8298904006047,0.353975498550663,0.530990173847316,0.353975498550663,-1.21111111111111,-0.47650947163992,0.7798,31.1963,123.111,1,3,3,1,3,1,46,5.10880819110721,5.69392799484846,0.0,0.0,5.96930528795185,0.0,6.0424187076633,12.0848374153266,6.17289521081476,5.48303422468088,1,15.3863795998599,5.96930528795185,1.43119965723263,4.98397852094721,0.0,0.0,29.9940793286531,0.0,16.0620920000063,0.0,15.9714994036012,24.3001513338046,1.43119965723263,50.19,34.9330083144369,14.1108626228269,3.56762849584278,-0.591666666666666,-1.21111111111111,-1.7174253590325,-0.591296296296296,0.0,0.59986894334993,60,3,1289,3347,7.01,533.1,1034.3,2132.3,184.9,2.39,1.88,1.14,0.995,71.1,2499,122.4,403,298,2.0,3.79
4653,C6H5NO2_2,3PyridinecarboxylicacidC5H4NCOOH,Nd+++,NaClO4,0,3.43721316562962,394.298520592175,10.8783151775108,9.26371017642768,4.26371017642768,6.48526966519293,4.51371017642768,2.10546188596382,1.24786767519023,1.24786767519023,0.671132642419405,0.671132642419405,0.326879681079231,0.326879681079231,35.963384616605,4.79453718407182,10.0927867120544,6.91423388191352,123.0320284,1.66666666666667,2.55555555555556,3.33333333333333,0.0,-1.38,9,118.071,2.09677698217555,2.25933420066476,1.2528322001979,59.0832718260462,10.8843348450491,0.477598632284412,10.8843348450491,0.336758501498757,0.554138321995465,0.336758501498757,-1.2212962962963,-0.477598632284412,0.7798,31.1963,123.111,1,3,3,1,3,1,46,5.10880819110721,0.0,0.0,0.0,5.96930528795185,4.98397852094721,0.0,12.0848374153266,12.3457904216295,11.0464857163779,1,15.3863795998599,5.96930528795185,1.43119965723263,4.98397852094721,0.0,0.0,29.9940793286531,0.0,16.0620920000063,0.0,15.8410229004497,24.4306278369561,1.43119965723263,50.19,34.9533786848073,14.1289644746788,3.57929516250945,-0.568518518518519,-1.2212962962963,-1.18643518518518,-1.18538832199546,0.0,0.59986894334993,60,3,1289,3347,7.01,533.1,1034.3,2132.3,184.9,2.39,1.88,1.14,0.995,71.1,2499,122.4,403,298,0.2,2.03
4669,C6H5NO3_3,Pyridine2carboxylicacidNoxidePicolinicacidNoxideC5H4NOCOO,Nd+++,NaClO4,0,3.59512071077402,406.260922363959,11.7485586655139,9.67195846689155,4.67195846689155,6.9127900201215,4.69628436226274,2.28803607179888,1.41724525990028,1.41724525990028,0.797288302097259,0.797288302097259,0.409791027162991,0.409791027162991,35.963384616605,10.0017902088491,5.10880819110721,6.91423388191352,139.02694302,1.7,2.5,3.2,0.0,-1.58,10,134.07,2.57403750435878,2.34499409583457,1.04719743426298,64.0415155643155,11.1846296296296,0.618092127267144,11.1846296296296,0.402075982020186,0.305972222222223,0.402075982020186,-1.43333333333333,-0.618092127267144,0.0182,32.3613,139.11,1,4,3,1,4,1,52,10.3160612158845,1.37075855617022,6.17289521081476,0.0,11.6632332828003,0.0,0.0,6.0424187076633,12.0848374153266,4.11227566851066,1,20.1167872417661,5.96930528795185,1.43119965723263,0.0,0.0,0.0,35.2013323534304,4.73040764190623,11.0781134790591,0.0,15.9714994036012,24.3001513338046,1.43119965723263,64.24,34.5470360922147,10.8923904006047,14.6747581254724,-0.93425925925926,-1.43333333333333,-2.31270313681028,-0.933888888888888,0.0,0.440220837932507,60,3,1289,3347,7.01,533.1,1034.3,2132.3,184.9,2.39,1.88,1.14,0.995,71.1,2499,122.4,403,298,2.0,2.91
4681,C6H5NO4_1,24Dihydroxy1nitrobenzeneO2NC6H3OH2,Nd+++,KCl   ,0,3.69847105160447,451.280414783745,12.4556654467005,10.0802067573554,5.08020675735541,7.45079482258229,4.81350004081168,2.49700345988395,1.63896487329889,1.63896487329889,0.91914527640074,0.91914527640074,0.494851997929318,0.494851997929318,40.2369771130589,10.1143182687656,10.2176163822144,6.97467498297593,155.02185764,1.36363636363636,2.09090909090909,2.63636363636364,0.0,-1.78,11,150.069,3.08088411757375,2.45179018632659,1.37285061325699,68.8710393634823,10.5734193121693,0.507814138761152,10.5734193121693,0.310472142370582,0.668657407407407,0.310472142370582,-1.03173374905518,-0.507814138761152,1.006,36.426,155.109,2,5,4,2,5,3,58,10.2176163822144,5.74951183328391,5.74951183328391,0.0,5.68738627468356,10.1143182687656,0.0,6.0424187076633,12.0848374153266,9.03558671732833,1,19.2532030995428,5.68738627468356,2.86239931446527,0.0,0.0,0.0,28.2415743917555,0.0,18.0033267454974,0.0,4.11227566851066,18.1272561229899,0.0,83.6,34.9939559712774,9.54168556311413,18.3462103174603,-0.966851851851852,-1.49435185185185,-2.42064814814815,0.0,0.0,0.467764431687545,60,3,1289,3347,7.01,533.1,1034.3,2132.3,184.9,2.39,1.88,1.14,0.995,71.1,1984,74.6,1043,298,0.1,6.08
4693,C6H5NO4_2,12Dihydroxy4nitrobenzeneO2NC6H3OH2,Nd+++,KNO3  ,0,3.6900225970731,451.280414783745,12.4556654467005,10.0802067573554,5.08020675735541,7.45079482258229,4.81350004081168,2.49700345988395,1.63896487329889,1.63896487329889,0.915168396608643,0.915168396608643,0.45957263820037,0.45957263820037,40.2369771130589,10.1143182687656,10.2176163822144,6.97467498297593,155.02185764,1.36363636363636,2.0,2.54545454545455,0.0,-1.78,11,150.069,3.08088411757375,2.45179018632659,1.37285061325699,68.8710393634823,10.540346749811,0.504254277160742,10.540346749811,0.293297717688406,0.67074074074074,0.293297717688406,-1.02881708238851,-0.504254277160742,1.006,36.426,155.109,2,5,4,2,5,3,58,10.2176163822144,0.0,11.4990236665678,0.0,0.0,10.1143182687656,0.0,6.0424187076633,6.0424187076633,15.0780054249916,1,19.2532030995428,5.68738627468356,2.86239931446527,0.0,0.0,0.0,28.2415743917555,0.0,18.0033267454974,0.0,4.11227566851066,18.1272561229899,0.0,83.6,35.0082955404384,9.51152966742253,18.3620266439909,-0.964768518518518,-1.40435185185185,-2.51273148148148,0.0,0.0,0.359746392941653,60,3,1289,3347,7.01,533.1,1034.3,2132.3,184.9,2.39,1.88,1.14,0.995,71.1,2109,101.1,607,298,0.1,8.71
4704,C6H5O4Br,6Bromo5hydroxy2hydroxymethyl4Hpyran4one,Nd+++,KCl   ,0,3.18231115065848,390.380133577779,12.5080716895078,10.0109576348647,6.59695417397938,7.34657109985498,4.776099543592,3.25260123222162,1.59020144677704,2.31044076944331,0.896176560879045,1.41816631615597,0.456959532518118,0.79888945712848,29.9126316786291,4.79453718407182,26.1475602801638,11.711537936776,219.93712074,1.90909090909091,2.72727272727273,3.36363636363636,0.166666666666667,-0.81,11,215.966,3.72983533569303,3.06138904656973,1.60776118195807,78.1081998385924,11.3980848450491,0.501158393669222,11.3980848450491,0.293453181870877,0.347754629629629,0.293453181870877,-2.73678524187453,-0.501158393669222,0.5839,39.8426,221.006,2,4,4,2,5,3,60,14.9544793360145,12.3181501145725,0.0,17.6420423710453,0.0,4.79453718407182,0.0,15.9299438979493,6.05207174603557,4.11227566851066,1,23.861292188597,21.7131888443143,2.86239931446527,0.0,0.0,6.55898524291629,22.2388343851395,0.0,23.9910462287283,9.53140013787187,4.11227566851066,22.2388343851395,1.43119965723263,66.76,39.064240835223,11.3980848450491,7.6348403250189,0.0,-2.39004109977324,-0.872499999999999,0.0,-2.73678524187453,0.727828566543777,60,3,1289,3347,7.01,533.1,1034.3,2132.3,184.9,2.39,1.88,1.14,0.995,71.1,1984,74.6,1043,298,0.1,5.08
4717,C6H5O4I,6Iodo5hydroxy2hydroxymethyl4Hpyran4one,Nd+++,KCl   ,0,3.18231115065848,390.380133577779,12.5080716895078,10.0109576348647,7.168455926041,7.34657109985498,4.776099543592,3.53835210825243,1.59020144677704,2.56997351409685,0.896176560879045,1.60626134180181,0.456959532518118,0.922101296610927,29.9126316786291,4.79453718407182,10.2176163822144,11.711537936776,267.92325664,1.90909090909091,2.72727272727273,3.36363636363636,0.166666666666667,-0.56,11,262.966,3.90256275336251,3.22494640157764,1.71800690177594,83.5024903539947,11.4232848450491,0.501212814049715,11.4232848450491,0.293450434384411,0.190254629629629,0.293450434384411,-2.71158524187453,-0.501212814049715,0.624,44.9356,268.006,2,4,4,2,5,3,60,14.9544793360145,12.3181501145725,0.0,16.7395051262783,0.0,4.79453718407182,0.0,0.0,28.6429423731036,4.11227566851066,1,23.861292188597,28.374115573433,2.86239931446527,0.0,0.0,6.55898524291629,21.3362971403725,0.0,23.9910462287283,9.53140013787187,4.11227566851066,21.3362971403725,1.43119965723263,66.76,39.3822979780801,11.4232848450491,7.6917153250189,0.0,-2.24129109977324,-0.8473,0.0,-2.71158524187453,0.724970946113521,60,3,1289,3347,7.01,533.1,1034.3,2132.3,184.9,2.39,1.88,1.14,0.995,71.1,1984,74.6,1043,298,0.1,5.1
4768,C6H6O2_1,12DihydroxybenzenepyrocatecholHOC6H4OH,Nd+++,KNO3  ,0,3.56568583554634,331.074741320733,10.8783151775108,9.81649658092773,3.81649658092773,6.54011122005933,4.72474487139159,1.90824829046386,1.15824829046386,1.15824829046386,0.620790811898598,0.620790811898598,0.289562072615966,0.289562072615966,35.668698497221,0.0,10.2176163822144,8.34543353914615,110.036779432,1.0,1.5,1.875,0.0,-1.18,8,104.064,1.40557587233287,1.73812053619634,0.729374857413069,55.6230341411504,7.27782407407407,0.504260124670253,7.27782407407407,0.293293620567297,0.494444444444444,0.293293620567297,-0.538657407407407,-0.504260124670253,1.0978,29.7716,110.112,2,2,2,2,2,2,42,10.2176163822144,0.0,11.4990236665678,0.0,0.0,0.0,12.0848374153266,12.0848374153266,0.0,5.48303422468088,1,15.7006506068953,0.0,2.86239931446527,0.0,0.0,0.0,24.1696748306532,0.0,13.0800156966797,0.0,5.48303422468088,24.1696748306532,0.0,40.46,42.1697222222222,0.0,7.95564814814815,0.0,-0.988888888888888,-2.13648148148148,0.0,0.0,0.490727668901521,60,3,1289,3347,7.01,533.1,1034.3,2132.3,184.9,2.39,1.88,1.14,0.995,71.1,2109,101.1,607,298,0.05,10.0
4787,C6H6O2_2,13DihydroxybenzeneHOC6H4OH,Nd+++,NaClO4,0,3.55533792416577,334.824741320733,10.8783151775108,9.81649658092773,3.81649658092773,6.54011122005933,4.72474487139159,1.90824829046386,1.15824829046386,1.15824829046386,0.579124145231932,0.579124145231932,0.310395405949299,0.310395405949299,35.668698497221,0.0,10.2176163822144,8.34543353914615,110.036779432,1.0,1.625,2.125,0.0,-1.18,8,104.064,1.40557587233287,1.73812053619634,0.90414189560934,55.6230341411504,7.31157407407407,0.507823329796821,7.31157407407407,0.293095525302417,0.492361111111111,0.293095525302417,-0.540740740740741,-0.507823329796821,1.0978,29.7716,110.112,2,2,2,2,2,2,42,10.2176163822144,11.4990236665678,0.0,0.0,0.0,0.0,6.0424187076633,12.0848374153266,6.0424187076633,5.48303422468088,1,15.7006506068953,0.0,2.86239931446527,0.0,0.0,0.0,24.1696748306532,0.0,13.0800156966797,0.0,5.48303422468088,24.1696748306532,0.0,40.46,42.2005555555556,0.0,7.92481481481481,0.0,-0.984722222222221,-2.14064814814815,0.0,0.0,0.524584140290977,60,3,1289,3347,7.01,533.1,1034.3,2132.3,184.9,2.39,1.88,1.14,0.995,71.1,2499,122.4,403,301,0.2,5.35
4800,C6H6O3_2,123TrihydroxybenzeneC6H3OH3,Nd+++,NaClO4,0,3.58628971997584,350.615360609709,11.5854219586974,10.2247448713916,4.22474487139159,7.07811602252011,4.83711730708738,2.11237243569579,1.36237243569579,1.36237243569579,0.764519551181231,0.764519551181231,0.361426442257282,0.361426442257282,35.3757916228416,0.0,15.3264245733216,8.40587464020856,126.031694052,0.888888888888889,1.44444444444444,1.88888888888889,0.0,-1.38,9,120.063,1.80018332718793,1.85387986281791,0.887203467943872,60.5039381514736,7.31949074074074,0.504161339808783,7.31949074074074,0.293429742872006,0.534027777777777,0.293429742872006,-0.57125,-0.504161339808783,0.8034,31.4364,126.111,3,3,3,3,3,3,48,15.3264245733216,0.0,17.2485354998517,0.0,0.0,0.0,6.0424187076633,12.0848374153266,0.0,4.11227566851066,1,19.4387002418323,0.0,4.2935989716979,0.0,0.0,0.0,18.1272561229899,0.0,19.6200235450195,0.0,4.11227566851066,18.1272561229899,0.0,60.69,41.8119444444444,0.0,12.0038888888889,0.0,-1.60416666666667,-1.71166666666667,0.0,0.0,0.450466295534514,60,3,1289,3347,7.01,533.1,1034.3,2132.3,184.9,2.39,1.88,1.14,0.995,71.1,2499,122.4,403,298,0.2,10.42
4813,C6H6O3_3,135TrihydroxybenzeneC6H3OH3,Nd+++,NaClO4,0,3.56942041301432,303.367988708206,11.5854219586974,10.2247448713916,4.22474487139159,7.07811602252011,4.83711730708738,2.11237243569579,1.36237243569579,1.36237243569579,0.681186217847897,0.681186217847897,0.403093108923949,0.403093108923949,35.3757916228416,0.0,15.3264245733216,8.40587464020856,126.031694052,0.888888888888889,1.22222222222222,1.44444444444444,0.0,-1.38,9,120.063,1.80018332718793,1.85387986281791,1.2528322001979,60.5039381514736,7.35324074074074,0.507679547787495,7.35324074074074,0.293098986378554,0.531944444444444,0.293098986378554,-0.573333333333333,-0.507679547787495,0.8034,31.4364,126.111,3,3,3,3,3,3,48,15.3264245733216,17.2485354998517,0.0,0.0,0.0,0.0,0.0,0.0,18.1272561229899,4.11227566851066,1,19.4387002418323,0.0,4.2935989716979,0.0,0.0,0.0,18.1272561229899,0.0,19.6200235450195,0.0,4.11227566851066,18.1272561229899,0.0,60.69,41.8736111111111,0.0,11.9422222222222,0.0,-1.59583333333333,-1.72,0.0,0.0,0.481545038823675,60,3,1289,3347,7.01,533.1,1034.3,2132.3,184.9,2.39,1.88,1.14,0.995,71.1,2499,122.4,403,298,0.2,4.06
4828,C6H6O3_4,3Hydroxy2methyl4Hpyran4one,Nd+++,NaClO4,0,3.25047646813008,365.55374652283,11.8009649083212,10.2247448713916,4.22474487139159,6.78591092807516,4.97474487139159,2.06649658092773,1.31649658092773,1.31649658092773,0.730112660105179,0.730112660105179,0.329124145231932,0.329124145231932,36.443670640631,4.79453718407182,9.84567114490726,8.28499243808374,126.031694052,2.0,2.88888888888889,3.55555555555556,0.166666666666667,-1.25,9,120.063,1.86768595041322,1.93117901568415,0.936851211072664,60.7647187227956,11.2256018518519,0.50179619748461,11.2256018518519,0.293421020431246,0.842361111111111,0.293421020431246,-2.80650462962963,-0.50179619748461,0.8889,30.5608,126.111,1,3,3,1,3,2,48,9.84567114490726,7.1299234278264,0.0,11.5424098180211,0.0,4.79453718407182,0.0,6.85189211729568,10.1643474145462,7.6088906437927,1,21.4940011098302,5.78324494636494,1.43119965723263,0.0,6.85189211729568,0.0,23.8085335769704,0.0,10.8920531374722,9.53140013787187,13.7056848981468,23.8085335769704,1.43119965723263,46.53,45.9666203703704,11.2256018518519,3.81886574074074,0.0,-2.91030092592593,-0.842361111111111,-0.868587962962963,-2.80650462962963,0.55493871634951,60,3,1289,3347,7.01,533.1,1034.3,2132.3,184.9,2.39,1.88,1.14,0.995,71.1,2499,122.4,403,303,0.1,6.22
4853,C6H6O4,5Hydroxy2hydroxymethyl4Hpyran4one,Nd+++,KCl   ,0,3.18231115065848,386.479999047888,12.5080716895078,10.6329931618555,4.63299316185545,7.34657109985498,5.08711730708738,2.27062072615966,1.41855865354369,1.41855865354369,0.771779326771846,0.771779326771846,0.375472996719256,0.375472996719256,36.1507637662516,4.79453718407182,14.9544793360145,8.34543353914615,142.026608672,1.9,2.8,3.5,0.166666666666667,-1.29,10,136.062,2.3927733645864,2.53154486337558,1.16391114579859,65.6456227331189,11.3080848450491,0.501987778833618,11.3080848450491,0.293410510311924,0.824508692365835,0.293410510311924,-2.82678524187453,-0.501987778833618,-0.1387,31.9726,142.11,2,4,4,2,4,3,54,14.9544793360145,19.9270407583652,5.75916487165618,7.21444460359757,0.0,4.79453718407182,0.0,0.0,6.05207174603557,4.11227566851066,1,25.2320507447672,5.78324494636494,2.86239931446527,0.0,0.0,6.55898524291629,23.8085335769704,0.0,23.9910462287283,9.53140013787187,5.48303422468088,23.8085335769704,1.43119965723263,66.76,45.9643641345427,11.3080848450491,7.4317153250189,0.0,-2.92129109977324,-0.9625,-0.910254629629629,-2.82678524187453,0.571034496496326,60,3,1289,3347,7.01,533.1,1034.3,2132.3,184.9,2.39,1.88,1.14,0.995,71.1,1984,74.6,1043,298,0.1,5.74
4861,C6H6O6,cis123PropenetricarboxylicacidcisAconiticacidHOOCCHCCOOHCH2COOH,Nd+++,NaCl  ,0,5.87425280688054,403.371816034693,14.5080716895078,11.4494897427832,5.44948974278318,8.23281656089936,5.19948974278318,2.47474487139159,1.48737243569579,1.48737243569579,0.658248290463863,0.658248290463863,0.337436217847897,0.337436217847897,35.9060170412898,14.3836115522155,15.3264245733216,8.40587464020856,174.016437912,1.25,1.91666666666667,2.41666666666667,0.166666666666667,-1.85,12,168.06,3.7023968238408,4.11702738403699,4.04424640248489,75.4314598997363,11.0752669123205,0.480982861264006,11.0752669123205,0.331922522803849,1.50217592592593,0.331922522803849,-3.38377314814815,-0.480982861264006,-0.4433,35.6074,174.108,3,6,6,3,6,4,66,15.3264245733216,0.0,0.0,0.0,17.9079158638556,4.79453718407182,0.0,0.0,8.79358885837601,13.3167879875689,0,33.8223117940478,17.9079158638556,4.2935989716979,0.0,6.37292490132938,0.0,11.6251762761048,0.0,33.2343404371772,14.3836115522155,10.48520056984,11.6251762761048,4.2935989716979,111.9,40.1200760582011,32.8572567082388,9.99631424792139,-1.50740740740741,-5.49695719954648,-1.50217592592593,-3.38377314814815,0.0,0.497668479699281,60,3,1289,3347,7.01,533.1,1034.3,2132.3,184.9,2.39,1.88,1.14,0.995,71.1,2165,58.4,1074,293,0.1,4.4
4879,C6H6O8S2,45Dihydroxybenzene13disulfonicacidHO2C6H2SO3H2,Nd+++,NaClO4,0,4.14200321328551,790.079662545742,17.2925287398839,13.0824829046386,8.71547606649408,10.0840812944293,5.94948974278318,6.13299316185545,2.47474487139159,5.10773803324704,1.3665816237972,2.85816324759439,0.755155181539915,1.81134139938781,53.6110817509971,16.8355939686579,19.3276777221282,8.46631574127098,269.950409152,0.875,1.4375,1.9375,0.0,-1.36,16,264.192,6.39367315666126,3.58944341372913,2.41315152990829,99.053646677486,11.5948667800454,0.504197349719278,11.5948667800454,0.297909190493104,1.16921296296296,0.297909190493104,-5.10569444444444,-0.504197349719278,-0.4088,49.4008,270.24,4,8,8,4,10,6,90,10.2176163822144,4.89548347551778,11.4990236665678,2.86239931446527,0.0,9.11006133991374,0.0,6.0424187076633,6.0424187076633,7.63700058785822,1,38.9047888031265,20.2362537180671,5.72479862893054,0.0,9.79096695103555,0.0,12.0848374153266,0.0,39.0256710052513,20.2362537180671,2.74151711234044,21.8758043663621,2.86239931446527,149.2,94.2789670729403,-2.89578703703704,7.71287438586546,0.0,-2.37645313681028,-2.70279572940287,0.0,0.0,0.418198347072341,60,3,1289,3347,7.01,533.1,1034.3,2132.3,184.9,2.39,1.88,1.14,0.995,71.1,2499,122.4,403,298,0.5,11.88
4908,C6H7N3O,Pyridine4carboxylicacidhydrazideC5H4NCONHNH2,Nd+++,NaClO4,0,3.35809212615058,439.162520706195,13.3259089347036,11.7498890769637,4.74988907696374,7.76863206777807,5.66658532498174,2.32494453848187,1.36556276103345,1.36556276103345,0.778297098287321,0.778297098287321,0.383838683776709,0.383838683776709,35.9012590580046,4.79453718407182,4.98397852094721,9.71856045966548,137.058911844,1.6,2.3,2.9,0.0,-1.42,10,130.086,2.03091053504954,2.93190340228916,1.2945922692542,68.0463676136293,11.554537037037,0.290142927507794,11.554537037037,0.264782750724625,0.217962962962964,0.264782750724625,-1.31074074074074,-0.290142927507794,-0.314900000000001,35.8906,137.142,3,4,3,2,4,2,52,0.0,2.8236841566564,1.4118420783282,0.0,0.0,15.1973318514115,0.0,12.0848374153266,17.9092419133265,5.48303422468088,1,14.5130976437373,5.90717972935151,0.0,10.4027946673396,0.0,0.0,29.9940793286531,11.2475359152228,10.8911582502987,0.0,15.8410229004497,24.4306278369561,0.0,68.01,49.566022297808,14.7934807256236,0.0,-0.9175,-1.66304232804233,-1.42574074074074,-1.35321995464853,0.0,0.316578678772011,60,3,1289,3347,7.01,533.1,1034.3,2132.3,184.9,2.39,1.88,1.14,0.995,71.1,2499,122.4,403,288,0.1,8.85
4916,C6H8N2,Phenylhydrazine,Nd+++,KCl   ,0,3.51288132721763,390.474941781705,12.618802153517,11.8944271909999,3.89442719099992,7.28546882018367,5.76524758424985,1.92360679774998,1.07360679774998,1.07360679774998,0.58680339887499,0.58680339887499,0.293401699437495,0.293401699437495,35.899479813,0.0,0.0,11.0893190158357,108.068748256,1.125,1.75,2.375,0.0,-1.02,8,100.08,1.11233131491744,2.3289174062977,0.978234135743374,59.7052259184102,7.43157407407407,0.32415116117015,7.43157407407407,0.181136970780827,0.097407407407408,0.181136970780827,-0.619907407407407,-0.32415116117015,0.9722,34.2521,108.144,3,2,2,2,2,2,42,5.41881614639243,2.8236841566564,1.4118420783282,0.0,0.0,5.82871976883033,18.1272561229899,12.0848374153266,5.68738627468356,6.8537927808511,1,11.0893190158357,5.68738627468356,0.0,0.0,0.0,5.41881614639243,30.2120935383165,11.2475359152228,0.0,0.0,6.8537927808511,30.2120935383165,0.0,38.05,57.6393159486017,0.0,0.0,-0.434074074074073,-0.186594860166289,-3.0186470143613,0.0,0.0,0.415302622614505,60,3,1289,3347,7.01,533.1,1034.3,2132.3,184.9,2.39,1.88,1.14,0.995,71.1,1984,74.6,1043,298,1.0,3.42
4925,C6H8O4,2AllylpropanedioicacidHOOCCHCH2CHCH2COOH,Nd+++,KCl   ,0,5.97920297218933,371.048424078177,14.7236146391316,12.6329931618555,4.63299316185545,8.06682022636672,5.88299316185545,2.06649658092773,1.19991495713053,1.19991495713053,0.595748290463863,0.595748290463863,0.247895405949299,0.247895405949299,36.7886038706336,9.58907436814364,10.2176163822144,11.0869506514866,144.042258736,1.5,2.1,2.5,0.333333333333333,-1.32,10,136.062,2.08233236151603,3.65732395328188,2.29997131343487,69.1989747897049,11.1580446900983,0.480591171541436,11.1580446900983,0.317699664444759,1.38223497732426,0.317699664444759,-3.58240740740741,-0.480591171541436,0.3479,33.5756,144.126,2,4,4,2,4,4,56,10.2176163822144,0.0,5.89395768536308,0.0,11.9386105759037,9.58907436814364,6.05207174603557,6.37292490132938,2.74151711234044,5.48303422468088,0,28.0312420873794,11.9386105759037,2.86239931446527,0.0,6.37292490132938,0.0,12.5831107080374,0.0,22.1562269581181,9.58907436814364,14.5974762383507,12.5831107080374,2.86239931446527,74.6,55.1621130952381,22.3160893801965,6.65120842781557,0.0,-7.64583333333333,-1.46453703703704,-3.47013888888889,-1.38223497732426,0.440590069546787,60,3,1289,3347,7.01,533.1,1034.3,2132.3,184.9,2.39,1.88,1.14,0.995,71.1,1984,74.6,1043,298,0.2,3.57
4944,C6H8O6S,CarboxymethylthiobutanedioicacidHOOCCHSCH2COOHCH2COOH,Nd+++,NaClO4,0,5.84636802034896,442.973363460689,17.0604779323151,13.857738033247,6.67423461417477,9.4012482074911,6.35773803324704,3.44948974278318,1.52062072615966,2.33711730708738,0.63741495713053,1.37899658092773,0.30360862707794,0.706701736001889,46.9736722689101,14.3836115522155,15.3264245733216,11.147391752549,208.004158976,1.15384615384615,1.76923076923077,2.30769230769231,0.5,-1.24,13,200.127,3.86871018044108,5.41346133044889,5.97043315285298,89.0541139576214,11.3967124905518,0.481188891682068,11.3967124905518,0.31673156586047,0.682916666666667,0.31673156586047,-3.64562783446712,-0.481188891682068,-0.2679,43.7704,208.191,3,6,7,3,7,6,74,15.3264245733216,5.22598966918386,0.0,0.0,17.9079158638556,14.3836115522155,0.0,0.0,2.74151711234044,16.1901574549902,0,36.5638289063882,29.6698008132467,4.2935989716979,0.0,11.5989145705132,5.70495688515016,0.0,0.0,44.1652869915112,14.3836115522155,13.2267176821805,0.0,4.2935989716979,111.9,55.5844575144873,33.584801744772,6.52056783824641,-3.29826672335601,-5.97968253968254,0.0,-3.64562783446712,0.0,0.550420074695573,60,3,1289,3347,7.01,533.1,1034.3,2132.3,184.9,2.39,1.88,1.14,0.995,71.1,2499,122.4,403,298,0.1,4.1
4960,C6H8O7_1,2Hydroxypropane123tricarboxylicacidHOOCCH2CHOHCOOHCH2COOH,Nd+++,NaClO4,0,6.46617456317872,408.831654010613,17.0604779323151,13.857738033247,5.85773803324704,9.50480159808437,6.31186217847897,2.67886901662352,1.79355865354369,1.79355865354369,0.843643696413162,0.843643696413162,0.420769551181231,0.420769551181231,36.254816477498,14.3836115522155,20.4352327644288,11.2078328536114,192.027002596,1.0,1.46153846153846,1.76923076923077,0.5,-1.63,13,184.059,3.6232613794532,3.85398662529012,3.51816445186344,83.8119079425794,11.5263548752834,0.481138774926953,11.5263548752834,0.336419491282988,2.2205503590325,0.336419491282988,-4.01585648148148,-0.481138774926953,-1.2485,37.0912,192.123,4,7,7,4,7,6,74,20.4352327644288,0.0,5.60105081098369,1.43119965723263,17.9079158638556,9.58907436814364,0.0,0.0,5.48303422468088,12.7458498026588,0,40.3018785413252,17.9079158638556,5.72479862893054,0.0,18.3469006136424,0.0,0.0,0.0,45.3753990965007,14.3836115522155,18.2288840273396,0.0,4.2935989716979,132.13,54.9702843915344,33.9950576341648,13.4482355442177,-4.01585648148148,-6.743600718065,0.0,-7.90412037037037,0.0,0.427421351249773,60,3,1289,3347,7.01,533.1,1034.3,2132.3,184.9,2.39,1.88,1.14,0.995,71.1,2499,122.4,403,298,0.1,7.66
4976,C6H8O7_2,CarboxymethoxysuccinicacidHOOCCH2OCHCOOHCH2COOH,Nd+++,NaClO4,0,5.84636802034896,438.831654010613,17.0604779323151,13.857738033247,5.85773803324704,9.4012482074911,6.35773803324704,2.63299316185545,1.52062072615966,1.52062072615966,0.63741495713053,0.63741495713053,0.30360862707794,0.30360862707794,36.9198440350512,14.3836115522155,20.0632875271217,11.147391752549,192.027002596,1.07692307692308,1.69230769230769,2.23076923076923,0.5,-1.63,13,184.059,3.6232613794532,5.09325152203915,5.61964320771925,84.044549161763,11.2925458238851,0.481147026203097,11.2925458238851,0.332951932606131,2.07690145502645,0.332951932606131,-3.92601851851852,-0.481147026203097,-0.9845,37.2644,192.123,3,7,7,3,7,6,74,20.0632875271217,6.55898524291629,6.08001802694999,0.0,17.9079158638556,4.79453718407182,0.0,0.0,2.74151711234044,10.48520056984,0,41.3006918601883,17.9079158638556,4.2935989716979,0.0,12.4529429282794,6.55898524291629,0.0,0.0,45.8733437070435,19.1204745060155,13.2267176821805,0.0,4.2935989716979,121.13,58.6112630700428,33.309801744772,9.75491969009826,0.0,-6.45421957671958,0.0,-7.75683153817082,-3.71493339002268,0.493730929617196,60,3,1289,3347,7.01,533.1,1034.3,2132.3,184.9,2.39,1.88,1.14,0.995,71.1,2499,122.4,403,298,1.0,5.93
4986,C6H9N3O2,2Amino34imidazolylpropanoicacidH2NCHCH2C3H3N2COOH,Nd+++,NaClO4,0,3.5653775806457,531.997715640116,15.8783151775109,14.1581373674276,5.1581373674276,9.01197867150033,6.7761713561775,2.52628227921376,1.54508127069019,1.54508127069019,0.803759362158462,0.803759362158462,0.39703528490172,0.39703528490172,42.2500345529866,4.79453718407182,10.0927867120544,12.5205186730683,155.069476528,2.27272727272727,3.18181818181818,3.72727272727273,0.333333333333333,-1.36,11,146.085,2.07115548269447,3.15650376542221,2.04748703571521,76.1562590702527,11.4067153250189,0.480076978410362,11.4067153250189,0.320376205097838,0.061854213907785,0.320376205097838,-3.37914351851852,-0.480076978410362,-0.6359,37.9029,155.157,4,5,4,3,5,4,60,15.8055284370627,10.2123351811763,1.4118420783282,0.0,5.96930528795185,4.79453718407182,0.0,0.0,20.981265219333,9.04488882630667,1,20.9926643910147,5.96930528795185,1.43119965723263,9.96098179117646,12.390817369679,0.0,18.1701949196294,5.71971697572627,27.0569877385852,11.1674620854012,12.5477207756996,12.476266924781,1.43119965723263,92.0,65.4275762944067,14.6489658919123,3.4739524281935,-1.61821523053666,-1.88923091458806,-3.37914351851852,-4.99723828420257,0.0,0.541194499113104,60,3,1289,3347,7.01,533.1,1034.3,2132.3,184.9,2.39,1.88,1.14,0.995,71.1,2499,122.4,403,298,3.0,4.4
5054,C6H9NO6,NitrilotriethanoicacidNCH2COOH3,Nd+++,KNO3  ,0,6.30014592109475,400.944859071513,17.9307214203181,14.8967033382831,5.89670333828314,9.81016683008899,6.87031013603312,2.64556526464153,1.53319282894573,1.53319282894573,0.609271475377552,0.609271475377552,0.357713827908825,0.357713827908825,42.2984046476539,14.3836115522155,15.3264245733216,12.5181503087192,191.042987008,1.0,1.30769230769231,1.53846153846154,0.5,-1.63,13,182.067,3.25880771669489,5.09325152203915,6.75572806171649,86.0958081026273,11.2324867724868,0.480285522383785,11.2324867724868,0.317231978127664,0.905138888888889,0.317231978127664,-3.87784722222222,-0.480285522383785,-1.4578,39.3474,191.139,3,7,7,3,7,6,74,15.3264245733216,0.0,0.0,0.0,17.9079158638556,19.2835212830659,0.0,0.0,0.0,27.7151303899692,0,37.9345874625584,17.9079158638556,4.2935989716979,4.89990973085048,0.0,19.4905790529478,0.0,0.0,57.6248292209755,14.3836115522155,8.22455133702132,0.0,4.2935989716979,115.14,62.8160799319728,32.7923214285714,9.82844246031746,0.0,-6.55330215419501,0.0,0.0,-11.6335416666667,0.469579147760142,60,3,1289,3347,7.01,533.1,1034.3,2132.3,184.9,2.39,1.88,1.14,0.995,71.1,2109,101.1,607,293,0.1,11.11
5090,C7H11NO4,Piperidine26dicarboxylicacidC5H9NCOOH2,Nd+++,KNO3  ,0,3.86880756394101,496.468044787596,18.646264369942,16.5802067573554,5.58020675735541,10.117461489249,8.02742035285537,2.76371017642768,1.75893195150548,1.75893195150548,0.972108527691955,0.972108527691955,0.510705963283472,0.510705963283472,48.4029835698795,9.58907436814364,10.2176163822144,15.2403098421552,173.068807832,1.25,1.75,2.16666666666667,0.714285714285714,-1.1,12,162.08,2.22745355601426,3.53217873068781,1.944781345191,85.0705190991063,11.6418343726379,0.480080544715929,11.6418343726379,0.320212376421126,0.796550925925927,0.320212376421126,-3.85770833333333,-0.480080544715929,-0.3337,39.8343,173.168,3,5,5,3,5,2,68,10.2176163822144,13.4476270150275,0.0,0.0,11.9386105759037,14.898887721432,0.0,19.1187747039881,8.22455133702132,2.74151711234044,1,32.184601278048,11.9386105759037,2.86239931446527,5.30981335328838,31.1545596406874,0.0,0.0,5.30981335328838,34.1920118948174,9.58907436814364,30.0848431533499,0.0,2.86239931446527,86.63,81.6986928382464,23.2836687452759,6.03825869236584,0.0,-4.32170256991686,-7.61152777777778,-11.5040565948602,0.0,0.531746693375091,60,3,1289,3347,7.01,533.1,1034.3,2132.3,184.9,2.39,1.88,1.14,0.995,71.1,2109,101.1,607,298,0.1,5.92
5101,C7H11NO6_1,Nitrilo2propanoicdiethanoicacidHOOCCHCH3NCH2COOH2,Nd+++,KNO3  ,0,6.92918604742869,521.528022545532,20.4307214203181,17.3967033382831,6.39670333828314,11.060166830089,8.12031013603312,2.89556526464153,1.76999622782072,1.76999622782072,0.823136946868507,0.823136946868507,0.41361552734632,0.41361552734632,48.6713295489832,14.3836115522155,15.3264245733216,15.2596674210597,205.058637072,1.07142857142857,1.57142857142857,1.92857142857143,0.571428571428571,-1.63,14,194.078,3.19564597638489,5.17571367131892,4.40904368540157,95.2706912173595,11.7068617724868,0.4802854234806,11.7068617724868,0.32015493726176,1.05097222222222,0.32015493726176,-4.19034722222222,-0.4802854234806,-1.0693,43.9424,205.166,3,7,7,3,7,7,80,15.3264245733216,6.01789246834965,0.0,0.0,17.9079158638556,19.2835212830659,0.0,6.85189211729568,4.11227566851066,19.847512149483,0,40.6761045748989,17.9079158638556,4.2935989716979,4.89990973085048,12.8697845856453,12.9937193686319,0.0,0.0,57.1458620050092,14.3836115522155,17.8179605666574,0.0,4.2935989716979,115.14,78.4025462962963,33.5740943877551,9.90747732426304,0.0,-7.0171910430839,-4.19034722222222,0.0,-12.1765797430083,0.505262240397497,60,3,1289,3347,7.01,533.1,1034.3,2132.3,184.9,2.39,1.88,1.14,0.995,71.1,2109,101.1,607,293,0.1,11.93
5113,C7H11NO6_2,2AminobutanoicNpropane13dioicacidHOOCCHC2H5NHCHCOOH2,Nd+++,KNO3  ,0,6.71935043286582,535.528022545532,20.4307214203181,17.3967033382831,6.39670333828314,11.0988419646838,8.09391693378309,2.92195846689155,1.79638943007074,1.79638943007074,0.922055993787954,0.922055993787954,0.411049257611345,0.411049257611345,48.4783311724683,14.3836115522155,15.3264245733216,15.3007509432176,205.058637072,1.21428571428571,1.78571428571429,2.21428571428571,0.571428571428571,-1.63,14,194.078,3.19564597638489,5.17571367131892,3.39750871437053,95.1187763630026,11.7068617724868,0.480080548800166,11.7068617724868,0.331934872907123,1.11409722222222,0.331934872907123,-4.19034722222222,-0.480080548800166,-1.023,43.9101,205.166,4,7,7,4,7,7,80,15.3264245733216,7.42973454667785,0.0,6.01789246834965,17.9079158638556,10.1043505373602,6.85189211729568,6.37292490132938,6.8537927808511,2.74151711234044,0,40.7171880970569,17.9079158638556,4.2935989716979,5.30981335328838,25.2606019553243,0.0,0.0,5.30981335328838,45.2701253738765,14.3836115522155,22.8201269118166,0.0,4.2935989716979,123.93,78.1455609882842,34.7495299508692,8.8136966175359,0.0,-7.03999433106576,-8.23395833333334,-4.08651029856387,-3.84832459372638,0.408752602092829,60,3,1289,3347,7.01,533.1,1034.3,2132.3,184.9,2.39,1.88,1.14,0.995,71.1,2109,101.1,607,298,0.1,8.51
5121,C7H12N2O3_1,ProlylglycineC4H8NCONHCH2COOH,Nd+++,KCl   ,0,3.48666417312327,566.854742775378,19.5165078579451,17.6191720623915,5.61917206239151,10.4514651547163,8.55947510815949,2.75679962669571,1.63843043622368,1.63843043622368,0.855818817642996,0.855818817642996,0.449610258540246,0.449610258540246,54.2535733635204,9.58907436814364,5.10880819110721,16.591710819421,172.084792244,1.91666666666667,2.75,3.33333333333333,0.714285714285714,-1.1,12,160.088,2.03716366964779,4.05868743853838,2.50190982388181,87.2025044047972,12.2426218820862,0.479930441508437,12.2426218820862,0.322470354761066,0.660731764928194,0.322470354761066,-3.73868339002268,-0.479930441508437,-1.0608,41.6702,172.184,3,5,4,3,5,3,68,15.728434897684,7.90870176264415,1.4118420783282,5.90717972935151,5.96930528795185,9.58907436814364,0.0,19.2427094869747,8.22455133702132,10.1301681368603,1,29.8583937214392,11.8764850173034,1.43119965723263,10.6196267065768,18.7637422710084,12.9937193686319,0.0,10.6196267065768,35.9969050453921,9.58907436814364,25.0826768081907,0.0,1.43119965723263,78.43,88.4011673674099,23.3766955624842,1.75919123204837,0.0,-4.29286186696901,-3.73868339002268,-7.27259034863946,-7.14958522297808,0.506720769751488,60,3,1289,3347,7.01,533.1,1034.3,2132.3,184.9,2.39,1.88,1.14,0.995,71.1,1984,74.6,1043,298,0.1,2.75
5130,C7H12N2O3_2,GlycylprolineH2NCH2CONC4H7COOH,Nd+++,KNO3  ,0,3.77112430084156,564.854742775378,19.5165078579451,17.6191720623915,5.61917206239151,10.4514651547163,8.55947510815949,2.75679962669571,1.75023383509867,1.75023383509867,1.06429679928473,1.06429679928473,0.599492795819878,0.599492795819878,54.2535733635204,9.58907436814364,5.10880819110721,16.591710819421,172.084792244,1.83333333333333,2.66666666666667,3.33333333333333,0.714285714285714,-1.1,12,160.088,2.03716366964779,3.53217873068781,1.55496486660508,87.2025044047972,12.2426218820862,0.47971213278858,12.2426218820862,0.325915293365195,0.701435185185185,0.325915293365195,-3.81726851851852,-0.47971213278858,-0.9793,41.4252,172.184,3,5,4,2,5,3,68,15.728434897684,8.84157662500605,0.0,5.90717972935151,5.96930528795185,4.79453718407182,0.0,12.7458498026588,14.7214110213373,10.6091353528266,1,29.8583937214392,11.8764850173034,1.43119965723263,4.89990973085048,18.7637422710084,12.9937193686319,0.0,5.71971697572627,40.8968147762426,9.58907436814364,25.0826768081907,0.0,1.43119965723263,83.63,88.2611541005291,23.2856240551776,3.43952664399093,-0.818129724111867,-4.41059145880574,-3.81726851851852,-7.45950207860922,-7.39747968631898,0.560451863128545,60,3,1289,3347,7.01,533.1,1034.3,2132.3,184.9,2.39,1.88,1.14,0.995,71.1,2109,101.1,607,298,0.15,3.65
5142,C7H12O3,2HydroxycyclohexanecarboxylicacidHOC6H10COOH,Nd+++,NaClO4,0,3.94326750270844,491.111556084882,17.9915638315627,16.7247448713916,4.72474487139159,9.54204064721467,8.17886901662352,2.36237243569579,1.4915816237972,1.4915816237972,0.85721725415588,0.85721725415588,0.444759775590615,0.444759775590615,43.4349806055824,4.79453718407182,10.2176163822144,16.5699848761675,144.078644244,1.4,2.2,2.9,0.857142857142857,-0.57,10,132.074,1.45922580087444,3.01205532640065,1.4752923737747,76.706048683384,11.6889937641723,0.48095513305852,11.6889937641723,0.308625663682419,2.19166666666667,0.308625663682419,-3.88680555555555,-0.48095513305852,0.6221,35.6006,144.17,2,3,3,2,3,2,58,10.2176163822144,0.0,0.0,1.43119965723263,5.96930528795185,4.79453718407182,12.7458498026588,12.7458498026588,12.336827005532,13.3447342684833,1,28.7197391279884,5.96930528795185,2.86239931446527,0.0,31.5717176322675,0.0,0.0,0.0,23.6981393543489,4.79453718407182,39.1992851670197,0.0,1.43119965723263,57.53,89.4790622637944,11.6889937641723,7.14530328798186,0.0,-6.07847222222222,0.0,-19.0682204270597,0.0,0.566891642011884,60,3,1289,3347,7.01,533.1,1034.3,2132.3,184.9,2.39,1.88,1.14,0.995,71.1,2499,122.4,403,298,1.0,2.16
5154,C7H12O4,DiethylpropanedioicacidDiethylmalonicacidHOOCCC2H52COOH,Nd+++,KNO3  ,0,7.10514285409872,432.781322957683,19.0689141007523,17.1329931618555,5.13299316185545,9.9627609508697,8.13299316185545,2.31649658092773,1.57491495713053,1.57491495713053,0.987372435695795,0.987372435695795,0.318707478565265,0.318707478565265,43.8032350825506,9.58907436814364,10.2176163822144,16.5699848761675,160.073558864,1.18181818181818,1.63636363636364,1.90909090909091,0.714285714285714,-1.06,11,148.073,1.81179087199612,3.36596790800007,1.50047805366255,81.873401936957,11.8470833333333,0.480392933123659,11.8470833333333,0.320515043209332,2.46111111111111,0.320515043209332,-4.27777777777778,-0.480392933123659,0.962,38.2866,160.169,2,4,4,2,4,6,64,10.2176163822144,0.0,5.41499046939678,0.0,11.9386105759037,9.58907436814364,13.7037842345914,12.7458498026588,13.7075855617022,0.0,0,33.5142763120603,11.9386105759037,2.86239931446527,0.0,26.4496340372501,0.0,0.0,0.0,22.1562269581181,9.58907436814364,40.1572195989523,0.0,2.86239931446527,74.6,85.5821296296297,23.6941666666667,6.69722222222222,-4.27777777777778,-4.92222222222222,0.0,-8.37268518518519,-7.8175,0.600493378373762,60,3,1289,3347,7.01,533.1,1034.3,2132.3,184.9,2.39,1.88,1.14,0.995,71.1,2109,101.1,607,298,0.1,4.01
5174,C7H12O6,1345Tetrahydroxycyclohexane1carboxylicacid,Nd+++,NaCl  ,0,4.12784786459794,514.046947334682,20.1128841751224,17.9494897427832,5.94948974278318,11.2240211625541,8.51598632371091,2.97474487139159,2.20601613210896,2.20601613210896,1.27903910236246,1.27903910236246,0.66971725415588,0.66971725415588,42.5562599824443,4.79453718407182,25.5440409555361,16.7513081793547,192.063388104,1.07692307692308,1.69230769230769,2.07692307692308,0.857142857142857,-0.69,13,180.071,2.66448540135549,3.22415110810267,1.8041698455212,91.3487607143538,11.9740164399093,0.479111237560623,11.9740164399093,0.335385832599041,2.28529572940287,0.335385832599041,-4.04462962962963,-0.479111237560623,-2.3214,39.84,192.167,5,6,6,5,6,5,76,25.5440409555361,6.08001802694999,5.60105081098369,5.72479862893054,5.96930528795185,0.0,0.0,0.0,18.2288840273396,16.2723117224106,1,39.9338880327994,5.96930528795185,7.15599828616317,0.0,36.5869546944924,0.0,0.0,0.0,61.0792497642521,4.79453718407182,22.3411596958503,0.0,1.43119965723263,118.22,89.3221815948602,11.9740164399093,18.6120403439153,-4.01743055555556,-2.28529572940287,0.0,-19.9388454270597,0.0,0.318030982829605,60,3,1289,3347,7.01,533.1,1034.3,2132.3,184.9,2.39,1.88,1.14,0.995,71.1,2165,58.4,1074,293,0.1,2.75
5179,C7H13NO5_1,4Hydroxy2aminopentane15dioicacid,Nd+++,KCl   ,0,6.85797636334094,557.000991476225,21.3533711511285,18.9884550478193,5.98845504781927,11.4667967956236,8.86339958630114,2.74422752390964,1.62764590011244,1.62764590011244,0.667989616722887,0.667989616722887,0.359410426843517,0.359410426843517,48.8750127509177,9.58907436814364,15.3264245733216,18.0833515777161,191.079372516,1.38461538461538,2.07692307692308,2.61538461538462,0.714285714285714,-1.14,13,178.079,2.45699040715996,5.49613250626238,7.2283241252302,93.6152804089374,11.4573156021668,0.481187366853425,11.4573156021668,0.305471718018704,1.0750604686319,0.305471718018704,-4.33270833333333,-0.481187366853425,-0.985899999999998,43.1048,191.183,5,6,6,4,6,8,76,21.0461415490479,2.8236841566564,0.0,1.43119965723263,11.9386105759037,9.58907436814364,0.0,6.37292490132938,15.6132023615412,20.196626385779,0,38.7052515474834,11.9386105759037,4.2935989716979,0.0,31.2166851992878,0.0,0.0,5.71971697572627,40.7941453017576,9.58907436814364,30.0848431533499,0.0,2.86239931446527,120.85,94.5870624160158,22.860937893676,10.1852743134291,-1.0750604686319,-4.5759718547913,-4.21171579743008,-16.6871931689342,0.0,0.427613192915618,60,3,1289,3347,7.01,533.1,1034.3,2132.3,184.9,2.39,1.88,1.14,0.995,71.1,1984,74.6,1043,293,0.1,5.98
5189,C7H13NO6,N23DihydroxypropyliminodiethanoicacidHOCH2CHOHCH2NCH2COOH2,Nd+++,KNO3  ,0,6.95075348928353,543.35655148714,22.0604779323151,19.3967033382831,6.39670333828314,11.9501066982138,9.02855842649698,2.89556526464153,1.67692156822836,1.67692156822836,0.712227331330932,0.712227331330932,0.390793754116938,0.390793754116938,48.9681026295683,9.58907436814364,20.4352327644288,18.0616256344625,207.074287136,1.21428571428571,1.85714285714286,2.28571428571429,0.714285714285714,-1.18,14,194.078,2.90749799523532,6.30050834029952,6.34854476113522,98.8000141279746,11.5441029698917,0.480285659445345,11.5441029698917,0.317218941246582,1.07030092592593,0.317218941246582,-4.31083333333333,-0.480285659445345,-2.1892,44.8042,207.182,4,7,7,4,7,9,82,20.4352327644288,0.0,0.0,2.86239931446527,11.9386105759037,14.4889840989941,0.0,0.0,9.23837679665639,35.2280325316897,0,42.3611341381045,11.9386105759037,5.72479862893054,4.89990973085048,6.08001802694999,26.0495642958641,0.0,0.0,72.2657347084624,9.58907436814364,12.336827005532,0.0,2.86239931446527,118.3,94.1180561067019,22.0179050138574,13.6851724300831,0.0,-4.65238095238095,0.0,-4.13188066893424,-16.453538595994,0.374176820584401,60,3,1289,3347,7.01,533.1,1034.3,2132.3,184.9,2.39,1.88,1.14,0.995,71.1,2109,101.1,607,293,0.1,8.45
5195,C7H14N2O3,GlycylvalineH2NCH2CONHCHCHCH32COOH,Nd+++,KNO3  ,0,6.83216546090243,543.724106520932,21.516507857945,19.6191720623915,5.61917206239151,11.2401402893111,9.28308190590947,2.53319282894573,1.53982363847371,1.53982363847371,0.739144755638495,0.739144755638495,0.330152564408483,0.330152564408483,55.018509418938,9.58907436814364,5.10880819110721,19.3743114539194,174.100442308,1.58333333333333,2.33333333333333,2.83333333333333,0.714285714285714,-1.1,12,160.088,1.87025612296704,4.71233098972418,3.33783426476774,90.8663617043051,12.0159226190476,0.479709816656152,12.0159226190476,0.32596613796914,0.889260676492819,0.32596613796914,-4.28601851851852,-0.479709816656152,-0.829499999999999,43.4589,174.2,4,5,4,3,5,7,70,16.1383385201219,8.84157662500605,1.4118420783282,5.90717972935151,5.96930528795185,4.79453718407182,13.7037842345914,5.89395768536308,9.59530989319154,10.6091353528266,0,32.6409943559376,11.8764850173034,1.43119965723263,5.30981335328838,19.721676702941,6.49685968431595,0.0,11.0295303290146,29.5000453610762,9.58907436814364,27.4113697962936,0.0,1.43119965723263,92.42,101.019017384732,23.8714710884354,2.23684145880574,-0.889260676492819,-9.08196286848073,-4.28601851851852,0.0,-11.7867545351474,0.518361786800022,60,3,1289,3347,7.01,533.1,1034.3,2132.3,184.9,2.39,1.88,1.14,0.995,71.1,2109,101.1,607,303,0.15,3.76
5201,C7H14N2O3S,GlycylmethionineH2NCH2CONHCHCH2CH2SCH3COOH,Nd+++,KCl   ,0,6.4658905866494,581.548465666186,22.2236146391316,20.0274203528554,6.8439169337831,11.6972470704977,9.44133019637333,3.50793770033732,1.49394778370564,1.9021960741695,0.722805128816966,0.926929274048898,0.325023487919117,0.472729106993847,65.4444583359707,9.58907436814364,5.10880819110721,19.3743114539194,206.072513308,1.69230769230769,2.53846153846154,3.15384615384615,0.714285714285714,-0.75,13,192.155,2.43174688756004,6.73237807048772,5.48282306870773,100.98947172967,12.0178506472033,0.479717094492572,12.0178506472033,0.325727291145402,0.666549324976905,0.325727291145402,-4.11414351851852,-0.479717094492572,-0.732399999999999,51.6199,206.267,4,5,5,3,6,8,76,16.1383385201219,8.84157662500605,1.4118420783282,5.90717972935151,5.96930528795185,4.79453718407182,0.0,18.261805887596,9.59530989319154,10.6091353528266,0,32.6409943559376,23.6383699666945,1.43119965723263,5.30981335328838,12.390817369679,18.3857406705826,0.0,11.0295303290146,41.3889263473428,9.58907436814364,20.0805104630316,0.0,1.43119965723263,92.42,101.555110714811,23.8557923516629,2.36486181972789,-4.50712159863946,-4.65774376417234,-4.11414351851852,-7.22933508125473,-3.68420493197279,0.532466133936741,60,3,1289,3347,7.01,533.1,1034.3,2132.3,184.9,2.39,1.88,1.14,0.995,71.1,1984,74.6,1043,298,0.1,2.4
5208,C7H14O3_1,2Hydroxy24dimethylpentanoicacidCH32CHCH2CCH3OHCOOH,Nd+++,NaClO4,0,7.06205948154265,460.230416579036,19.9915638315627,18.7247448713916,4.72474487139159,10.2920406472147,8.92886901662352,2.11237243569579,1.46864369641316,1.46864369641316,0.588488514873248,0.588488514873248,0.227062072615966,0.227062072615966,44.392915037515,4.79453718407182,10.2176163822144,19.3115019885079,146.094294308,1.5,2.3,2.7,0.857142857142857,-0.57,10,132.074,1.33201248288379,3.01205532640065,2.82385337487096,80.5218208372488,11.7535090702948,0.479121661899869,11.7535090702948,0.334888201599364,2.3818287037037,0.334888201599364,-4.33171296296296,-0.479121661899869,0.8681,37.7146,146.186,2,3,3,2,3,7,60,10.2176163822144,0.0,5.60105081098369,1.43119965723263,5.96930528795185,0.0,13.7037842345914,19.1187747039881,16.4491026740426,0.0,0,31.4612562403289,5.96930528795185,2.86239931446527,0.0,32.5296520642001,0.0,0.0,0.0,23.2191721383826,4.79453718407182,43.3777039272591,0.0,1.43119965723263,57.53,101.436165438398,11.7535090702948,7.00968301209373,-4.17430555555556,-6.59349537037037,0.0,-4.33171296296296,-11.9331769652305,0.620695738967047,60,3,1289,3347,7.01,533.1,1034.3,2132.3,184.9,2.39,1.88,1.14,0.995,71.1,2499,122.4,403,298,1.0,2.53
5232,C7H15NO4,NNBis2hydroxyethylalanineHOCH2CH22NCHCH3COOH,Nd+++,KNO3  ,0,7.22768722647356,520.773744234787,22.2760208819389,20.5802067573554,5.58020675735541,11.7187262227789,9.71206184556925,2.48731697417766,1.39920541592212,1.39920541592212,0.731849853950979,0.731849853950979,0.322328434428792,0.322328434428792,49.8506894589121,4.79453718407182,15.3264245733216,20.7427016457405,177.10010796,1.41666666666667,2.08333333333333,2.5,0.857142857142857,-0.65,12,162.08,1.89199782920766,5.93238948351883,3.65781747534683,92.5675290179432,11.8932752267574,0.480082855185575,11.8932752267574,0.320128426390539,1.08337962962963,0.320128426390539,-4.27826388888889,-0.480082855185575,-1.2539,42.8424,177.2,3,5,5,3,5,9,72,15.3264245733216,6.01789246834965,0.0,2.86239931446527,5.96930528795185,9.6944469149223,0.0,6.85189211729568,22.5890292618234,19.9717632666837,0,36.5700644314361,5.96930528795185,4.2935989716979,4.89990973085048,12.8697845856453,26.1116898544645,0.0,0.0,61.1876212294033,4.79453718407182,23.3009947913383,0.0,1.43119965723263,81.0,109.655683106576,10.8098955971277,10.3140343915344,0.0,-2.43350812547241,-4.27826388888889,0.0,-20.4011744142101,0.471882895366169,60,3,1289,3347,7.01,533.1,1034.3,2132.3,184.9,2.39,1.88,1.14,0.995,71.1,2109,101.1,607,293,0.1,5.28
5247,C7H4N2O7,35DinitrosalicylicacidO2N2C6H2OHCOOH,Nd+++,NaNO3 ,0,3.9660540144289,619.926846160733,15.6103659850797,11.252165224247,7.25216522424696,9.2721620276282,5.3563793554637,3.53988277453598,2.45301478946725,2.45301478946725,1.49161597003473,1.49161597003473,0.857306859363152,0.857306859363152,50.5885006752618,25.023173721603,10.2176163822144,5.60391642680571,228.001850468,1.25,1.875,2.3125,0.0,-2.71,16,224.084,6.71488779674862,3.8051840938234,1.86907630912025,92.6455088002547,11.2754459561602,0.501486316349438,11.2754459561602,0.339511097657896,1.1487037037037,0.339511097657896,-1.66347222222222,-0.501486316349438,0.9068,48.3749,228.116,2,9,7,2,9,4,84,10.2176163822144,5.563451491697,0.0,5.74951183328391,11.6566915626354,20.2286365375311,0.0,0.0,6.0424187076633,18.6305579176391,1,27.600292776262,17.344077837319,2.86239931446527,0.0,0.0,0.0,37.8769254445547,0.0,27.4647434250342,0.0,13.0995057881093,12.0848374153266,1.43119965723263,143.81,27.7591232048375,30.2519671201814,28.8355942932729,-3.82833333333333,-2.83675925925926,-2.5149253590325,0.0,0.0,0.577003172513932,60,3,1289,3347,7.01,533.1,1034.3,2132.3,184.9,2.39,1.88,1.14,0.995,71.1,2257,85.0,581,298,0.1,5.44
5261,C7H5NO4_2,3NitrobenzoicacidO2NC6H4COOH,Nd+++,NaClO4,0,3.73718613016416,517.720897212835,13.3259089347036,10.5802067573554,5.58020675735541,7.82347362264446,5.15525175034782,2.74700345988395,1.76817406140029,1.76817406140029,0.998501729941976,0.998501729941976,0.527201714689736,0.527201714689736,46.3131289338033,14.9088554528374,5.10880819110721,6.91423388191352,167.02185764,1.5,2.25,2.83333333333333,0.0,-1.91,12,162.08,3.661343311898,2.99667013888714,1.57082897591662,74.5165995675994,11.0765570672714,0.477636203336872,11.0765570672714,0.335437238909832,0.844583333333333,0.335437238909832,-1.44759259259259,-0.477636203336872,1.293,40.0557,167.12,1,5,4,1,5,2,62,5.10880819110721,0.0,0.0,0.0,5.96930528795185,10.1143182687656,6.0424187076633,6.0424187076633,12.0848374153266,15.9697967651955,1,20.3096906486776,11.6566915626354,1.43119965723263,0.0,0.0,0.0,39.8474445911157,0.0,16.0014245278767,0.0,15.8410229004497,24.1696748306532,1.43119965723263,80.44,35.4876927437642,20.5734571050642,14.1227106953893,-1.93138888888889,-1.44759259259259,-3.63821239606954,0.0,0.0,0.531152286958236,60,3,1289,3347,7.01,533.1,1034.3,2132.3,184.9,2.39,1.88,1.14,0.995,71.1,2499,122.4,403,298,0.1,1.75
5272,C7H5NO4_3,4NitrobenzoicacidO2NC6H4COOH,Nd+++,NaClO4,0,3.70124494976349,488.470897212835,13.3259089347036,10.5802067573554,5.58020675735541,7.82347362264446,5.15525175034782,2.74700345988395,1.76817406140029,1.76817406140029,0.998501729941977,0.998501729941977,0.499250864970988,0.499250864970988,46.3131289338033,14.9088554528374,5.10880819110721,6.91423388191352,167.02185764,1.5,2.08333333333333,2.5,0.0,-1.91,12,162.08,3.661343311898,2.99667013888714,1.57082897591662,74.5165995675994,11.0544482237339,0.477639203173341,11.0544482237339,0.335186817967686,0.804999999999999,0.335186817967686,-1.40565003779289,-0.477639203173341,1.293,40.0557,167.12,1,5,4,1,5,2,62,5.10880819110721,0.0,0.0,0.0,5.96930528795185,10.1143182687656,0.0,12.0848374153266,12.0848374153266,15.9697967651955,1,20.3096906486776,11.6566915626354,1.43119965723263,0.0,0.0,0.0,39.8474445911157,0.0,16.0014245278767,0.0,15.8410229004497,24.1696748306532,1.43119965723263,80.44,35.5307046800202,20.524994409801,14.0862188995969,-1.83136054421769,-1.40565003779289,-3.73824074074074,0.0,0.0,0.531152286958236,60,3,1289,3347,7.01,533.1,1034.3,2132.3,184.9,2.39,1.88,1.14,0.995,71.1,2499,122.4,403,298,0.1,1.81
5283,C7H5O2F_1,3FluorobenzoicacidFC6H4COOH,Nd+++,NaClO4,0,3.59512071077402,404.874100416046,11.7485586655139,9.69446105393695,4.69446105393695,6.9127900201215,4.75547881743234,2.34723052696848,1.47643971506988,1.47643971506988,0.798615263484238,0.798615263484238,0.422930411305196,0.422930411305196,41.5196524513479,9.18495223174664,5.10880819110721,6.91423388191352,140.02735762,1.5,2.3,3.0,0.0,-1.38,10,135.073,2.69813076131887,2.47319690367074,1.31284033343296,64.0291592480259,13.0814096749811,0.477638008065856,13.0814096749811,0.335285250755446,0.788287037037037,0.335285250755446,-1.3912962962963,-0.477638008065856,1.5239,33.3593,140.113,1,2,2,1,3,1,52,5.10880819110721,5.8172208410459,0.0,0.0,5.96930528795185,0.0,6.0424187076633,18.1272561229899,0.0,11.0464857163779,1,19.7767946475347,5.96930528795185,1.43119965723263,0.0,0.0,0.0,35.5503471633961,0.0,11.0781134790591,0.0,15.8410229004497,24.1696748306532,1.43119965723263,37.3,47.8652305366591,10.9098904006047,3.50762849584278,-0.816203703703704,-2.76962962962963,-3.53024943310658,0.0,0.0,0.641685772839607,60,3,1289,3347,7.01,533.1,1034.3,2132.3,184.9,2.39,1.88,1.14,0.995,71.1,2499,122.4,403,298,0.1,1.9
5295,C7H5O2F_2,4FluorobenzoicacidFC6H4COOH,Nd+++,NaClO4,0,3.59512071077402,404.874100416046,11.7485586655139,9.69446105393695,4.69446105393695,6.9127900201215,4.75547881743234,2.34723052696848,1.47643971506988,1.47643971506988,0.798615263484238,0.798615263484238,0.399307631742119,0.399307631742119,41.5196524513479,9.18495223174664,5.10880819110721,6.91423388191352,140.02735762,1.5,2.1,2.6,0.0,-1.38,10,135.073,2.69813076131887,2.47319690367074,1.31284033343296,64.0291592480259,12.9857865646259,0.477639231368775,12.9857865646259,0.335181734423751,0.748703703703704,0.335181734423751,-1.35462962962963,-0.477639231368775,1.5239,33.3593,140.113,1,2,2,1,3,1,52,5.10880819110721,5.8172208410459,0.0,0.0,5.96930528795185,0.0,0.0,24.1696748306532,0.0,11.0464857163779,1,19.7767946475347,5.96930528795185,1.43119965723263,0.0,0.0,0.0,35.5503471633961,0.0,11.0781134790591,0.0,15.8410229004497,24.1696748306532,1.43119965723263,37.3,47.7843461829176,10.9319992441421,3.5297373393802,-0.748703703703704,-2.69580498866213,-3.63490740740741,0.0,0.0,0.641685772839607,60,3,1289,3347,7.01,533.1,1034.3,2132.3,184.9,2.39,1.88,1.14,0.995,71.1,2499,122.4,403,298,0.1,2.06
5308,C7H6O2_1,BenzenecarboxylicacidC6H5COOH,Nd+++,NaClO4,0,3.59512071077402,400.973965886156,11.7485586655139,10.3164965809277,4.31649658092773,6.9127900201215,5.06649658092773,2.15824829046386,1.28745747856526,1.28745747856526,0.704124145231932,0.704124145231932,0.352062072615966,0.352062072615966,41.7448503179653,4.79453718407182,5.10880819110721,8.28499243808374,122.036779432,1.33333333333333,1.88888888888889,2.44444444444444,0.0,-1.31,9,116.075,1.83641858410243,2.30676363555036,1.28770503193581,61.2685943452675,10.993223733938,0.477639250580117,10.993223733938,0.335178234671039,0.591175359032502,0.335178234671039,-1.2712962962963,-0.477639250580117,1.3848,33.4013,122.123,1,2,2,1,2,1,46,5.10880819110721,0.0,0.0,0.0,5.96930528795185,0.0,18.1272561229899,12.0848374153266,0.0,12.4172442725481,1,16.7571381560301,5.96930528795185,1.43119965723263,0.0,0.0,0.0,35.7755450300135,0.0,11.0781134790591,0.0,17.2117814566199,30.2120935383165,1.43119965723263,37.3,42.6668972033258,10.993223733938,3.59096182917611,-0.628703703703703,-1.2712962962963,-3.18441609977324,0.0,0.0,0.610603539428508,60,3,1289,3347,7.01,533.1,1034.3,2132.3,184.9,2.39,1.88,1.14,0.995,71.1,2499,122.4,403,298,0.1,2.15
5323,C7H6O2_2,2Hydroxycyclohepta246trien1one,Nd+++,KNO3  ,0,3.92862189887518,472.302329398274,11.7485586655139,10.3164965809277,4.31649658092773,6.9127900201215,5.06649658092773,2.15824829046386,1.28324829046386,1.28324829046386,0.683290811898598,0.683290811898598,0.320812072615966,0.320812072615966,41.3903957635009,4.79453718407182,5.10880819110721,8.28499243808374,122.036779432,1.22222222222222,1.88888888888889,2.66666666666667,0.0,-1.31,9,116.075,1.83641858410243,2.30676363555036,1.28770503193581,60.9141397908031,11.306712962963,0.504121677841582,11.306712962963,0.293296903160715,0.703333333333333,0.293296903160715,-1.13240740740741,-0.504121677841582,0.7524,34.3768,122.123,1,2,2,1,2,1,46,5.10880819110721,0.0,5.74951183328391,5.42879039190054,0.0,4.79453718407182,18.1272561229899,12.0848374153266,0.0,6.8537927808511,1,11.9626009719583,0.0,1.43119965723263,0.0,0.0,0.0,40.4354211142888,5.42879039190054,6.54000784833985,0.0,6.8537927808511,35.0066307223883,0.0,37.3,42.7218981481482,11.306712962963,3.85074074074074,-1.13240740740741,-0.808333333333333,-3.77194444444444,0.0,0.0,0.55099524070589,60,3,1289,3347,7.01,533.1,1034.3,2132.3,184.9,2.39,1.88,1.14,0.995,71.1,2109,101.1,607,298,0.1,6.77
5329,C7H6O3_1,2HydroxybenzoicacidSalicylicacidHOC6H4COOH,Nd+++,NaClO4,0,3.63827652562796,446.483683301615,12.4556654467005,10.7247448713916,4.72474487139159,7.45079482258229,5.17886901662352,2.36237243569579,1.4915816237972,1.4915816237972,0.85721725415588,0.85721725415588,0.444759775590615,0.444759775590615,41.4519434435859,4.79453718407182,10.2176163822144,8.34543353914615,138.031694052,1.4,2.2,2.9,0.0,-1.51,10,132.074,2.26847791080305,2.38963270744379,1.07489362298405,66.1494983555907,11.1087792894936,0.507052890945198,11.1087792894936,0.338969087360731,0.630758692365835,0.338969087360731,-1.31087962962963,-0.507052890945198,1.0904,35.0661,138.122,2,3,3,2,3,2,52,10.2176163822144,11.3129633249809,0.0,0.0,5.96930528795185,0.0,12.0848374153266,12.0848374153266,0.0,5.48303422468088,1,20.4951877909671,5.96930528795185,2.86239931446527,0.0,0.0,0.0,29.7331263223502,0.0,17.6181213273989,0.0,15.8410229004497,24.1696748306532,1.43119965723263,57.53,42.2923138699924,11.1087792894936,7.58003590325019,-0.67037037037037,-1.97453703703704,-2.66955498866213,0.0,0.0,0.610258505858026,60,3,1289,3347,7.01,533.1,1034.3,2132.3,184.9,2.39,1.88,1.14,0.995,71.1,2499,122.4,403,298,0.2,8.07
5349,C7H6O3_2,4HydroxybenzoicacidHOC6H4COOH,Nd+++,NaClO4,0,3.59647007110218,417.233683301615,12.4556654467005,10.7247448713916,4.72474487139159,7.45079482258229,5.17886901662352,2.36237243569579,1.4915816237972,1.4915816237972,0.806186217847897,0.806186217847897,0.403093108923949,0.403093108923949,41.4519434435859,4.79453718407182,10.2176163822144,8.34543353914615,138.031694052,1.4,2.1,2.6,0.0,-1.51,10,132.074,2.26847791080305,2.38963270744379,1.25390463852267,66.1494983555907,11.055085978836,0.507966178790397,11.055085978836,0.335182859636364,0.586545729402872,0.335182859636364,-1.29765684051398,-0.507966178790397,1.0904,35.0661,138.122,2,3,3,2,3,2,52,10.2176163822144,5.74951183328391,0.0,0.0,5.96930528795185,0.0,0.0,24.1696748306532,0.0,11.0464857163779,1,20.4951877909671,5.96930528795185,2.86239931446527,0.0,0.0,0.0,29.7331263223502,0.0,17.6181213273989,0.0,15.8410229004497,24.1696748306532,1.43119965723263,57.53,42.3728831254724,11.055085978836,7.53993716931217,-0.661296296296296,-1.88420256991686,-2.75574074074074,0.0,0.0,0.610258505858026,60,3,1289,3347,7.01,533.1,1034.3,2132.3,184.9,2.39,1.88,1.14,0.995,71.1,2499,122.4,403,298,0.1,1.83
5356,C7H6O4_1,24DihydroxybenzoicacidbResorcylicacidC6H3OH2COOH,Nd+++,NaClO4,0,3.65401680645861,462.412520706195,13.162772227887,11.1329931618555,5.13299316185545,7.98879962504307,5.29124145231932,2.56649658092773,1.69570576902913,1.69570576902913,0.959279326771846,0.959279326771846,0.516624145231932,0.516624145231932,41.1590365692065,4.79453718407182,15.3264245733216,8.40587464020856,154.026608672,1.27272727272727,2.09090909090909,2.72727272727273,0.0,-1.71,11,148.073,2.73092519551159,2.49436282477873,1.40294566225847,71.030402365914,11.1706415343915,0.507822480145236,11.1706415343915,0.33897393720728,0.626129062736205,0.33897393720728,-1.33724017384732,-0.507822480145236,0.796,36.7309,154.121,3,4,4,3,4,3,58,15.3264245733216,17.0624751582648,0.0,0.0,5.96930528795185,0.0,0.0,12.0848374153266,6.0424187076633,4.11227566851066,1,24.2332374259041,5.96930528795185,4.2935989716979,0.0,0.0,0.0,23.6907076146869,0.0,24.1581291757388,0.0,14.4702643442795,18.1272561229899,1.43119965723263,77.76,41.9616331254724,11.1706415343915,11.5656779100529,-0.702962962962963,-2.66660997732426,-2.16171296296296,0.0,0.0,0.558539139698867,60,3,1289,3347,7.01,533.1,1034.3,2132.3,184.9,2.39,1.88,1.14,0.995,71.1,2499,122.4,403,298,0.2,6.48
5377,C7H6O4_2,34DihydroxybenzoicacidC6H3OH2COOH,Nd+++,NaClO4,0,3.64084018579535,462.412520706195,13.162772227887,11.1329931618555,5.13299316185545,7.98879962504307,5.29124145231932,2.56649658092773,1.69570576902913,1.69570576902913,0.94991495713053,0.94991495713053,0.479639663385923,0.479639663385923,41.1590365692065,4.79453718407182,15.3264245733216,8.40587464020856,154.026608672,1.27272727272727,2.0,2.63636363636364,0.0,-1.71,11,148.073,2.73092519551158,2.49436282477872,1.40294566225847,71.030402365914,11.1375689720333,0.504259584384276,11.1375689720333,0.335322525644417,0.628212396069539,0.335322525644417,-1.33024943310658,-0.504259584384276,0.796,36.7309,154.121,3,4,4,3,4,3,58,15.3264245733216,0.0,11.4990236665678,0.0,5.96930528795185,0.0,0.0,18.1272561229899,0.0,9.67572716020766,1,24.2332374259041,5.96930528795185,4.2935989716979,0.0,0.0,0.0,23.6907076146869,0.0,24.1581291757388,0.0,14.4702643442795,18.1272561229899,1.43119965723263,77.76,41.9853283257748,11.1375689720333,11.5680645313681,-0.70087962962963,-2.62383219954649,-2.19958333333333,0.0,0.0,0.522491224882729,60,3,1289,3347,7.01,533.1,1034.3,2132.3,184.9,2.39,1.88,1.14,0.995,71.1,2499,122.4,403,298,0.2,8.53
5388,C7H6O5,345TrihydroxybenzoicacidC6H2OH3COOH,Nd+++,NaClO4,0,3.6945605482865,446.879244219049,13.8698790090736,11.5412414523193,5.54124145231932,8.52680442750386,5.40361388801511,2.77062072615966,1.89982991426106,1.89982991426106,1.09364369641316,1.09364369641316,0.577019551181231,0.577019551181231,40.8661296948272,4.79453718407182,20.4352327644288,8.46631574127098,170.021523292,1.16666666666667,1.75,2.16666666666667,0.0,-1.91,12,164.072,3.2203779509371,2.612657296776,1.24269301792738,75.9113063762372,11.2200519652305,0.50414374003505,11.2200519652305,0.335462307461545,0.669879062736205,0.335462307461545,-1.36284202569917,-0.50414374003505,0.5016,38.3957,170.12,4,5,5,4,5,4,64,20.4352327644288,0.0,17.2485354998517,0.0,5.96930528795185,0.0,0.0,12.0848374153266,0.0,8.30496860403744,1,27.9712870608411,5.96930528795185,5.72479862893054,0.0,0.0,0.0,17.6482889070236,0.0,30.6981370240786,0.0,13.0995057881093,12.0848374153266,1.43119965723263,97.99,41.5611068594104,11.2200519652305,15.6328585600907,-0.740462962962962,-3.44262849584278,-1.56425925925926,0.0,0.0,0.459888229500483,60,3,1289,3347,7.01,533.1,1034.3,2132.3,184.9,2.39,1.88,1.14,0.995,71.1,2499,122.4,403,303,0.2,12.17
5393,C7H6O5S,2CarboxybenzenesulfonicacidHOOCC6H4SO3H,Nd+++,KCl   ,0,3.93982727366633,642.113497970705,14.9556654467005,11.9494897427832,6.7659863237109,8.68477505730651,5.67886901662352,4.27062072615966,1.94570576902913,3.26220234995685,1.10721725415588,1.91340347200378,0.632259775590615,1.19265518153991,50.7160419448534,13.2123341684008,9.66383886106408,8.34543353914615,201.993594292,1.30769230769231,2.0,2.61538461538462,0.0,-1.4,13,196.139,4.20769628099174,3.15371900826446,2.04075385256143,82.9839006134353,11.4520956160242,0.477606633547227,11.4520956160242,0.336610775305039,0.880249433106575,0.336610775305039,-4.90472222222222,-0.477606633547227,0.6315,43.2159,202.187,2,5,5,2,6,3,70,5.10880819110721,4.89548347551778,0.0,1.43119965723263,5.96930528795185,4.55503066995687,12.0848374153266,12.0848374153266,0.0,11.0464857163779,1,28.3592072541457,16.0874321469854,2.86239931446527,0.0,4.89548347551778,0.0,29.7331263223502,0.0,24.0509411333449,10.1181268590336,15.8410229004497,29.065158306171,2.86239931446527,91.67,68.5108545918367,10.0499196900983,3.52923847316704,-1.08958333333333,-1.60868055555556,-3.9036933106576,0.0,0.0,0.686072281400036,60,3,1289,3347,7.01,533.1,1034.3,2132.3,184.9,2.39,1.88,1.14,0.995,71.1,1984,74.6,1043,298,0.2,2.4
5432,C7H6O6S,5Sulfosalicylicacid2Hydroxy5sulfobenzoicHO3SC6H3OHCOOH,Nd+++,KNO3  ,0,3.91835122962092,658.50506355917,15.662772227887,12.357738033247,7.17423461417477,9.22277985976729,5.79124145231932,4.47474487139159,2.14982991426106,3.46632649518879,1.20927932677185,1.91340347200378,0.64630633005259,1.04939943897654,50.423135070474,13.2123341684008,14.7726470521713,8.40587464020856,217.988508912,1.35714285714286,2.14285714285714,2.71428571428571,0.0,-1.6,14,212.138,4.75987712665407,3.27618237857371,2.00660319678575,87.8648046237586,11.4378571428571,0.507051395863154,11.4378571428571,0.339015455754514,0.91557350718065,0.339015455754514,-4.88537037037037,-0.507051395863154,0.3371,44.8807,218.186,3,6,6,3,7,4,76,10.2176163822144,11.3129633249809,0.0,1.43119965723263,5.96930528795185,4.55503066995687,0.0,18.1272561229899,0.0,9.00775914402844,1,32.0972568890827,16.0874321469854,4.2935989716979,0.0,4.89548347551778,0.0,23.6907076146869,0.0,30.5909489816847,10.1181268590336,14.4702643442795,23.0227395985077,2.86239931446527,111.9,68.1607327097506,10.0875689720333,7.47429846938775,-1.00775462962963,-2.47836923658352,-3.26777258125472,0.0,0.0,0.616733740425787,60,3,1289,3347,7.01,533.1,1034.3,2132.3,184.9,2.39,1.88,1.14,0.995,71.1,2109,101.1,607,293,0.1,7.71
5442,C7H6O9S2,35DisulfosalicylicacidHO3S2C6H2OHCOOH,Nd+++,NaClO4,0,4.26296783822754,880.38328116328,18.8698790090736,13.9907311951025,9.62372435695795,10.9947648969523,6.40361388801511,6.58711730708738,2.80807820472492,5.44107136658038,1.60300806605448,3.09458968985167,0.91971725415588,1.99463221128641,59.394326697362,21.6301311527297,19.3276777221282,8.46631574127098,297.945323772,1.05555555555556,1.66666666666667,2.16666666666667,0.0,-1.69,18,292.202,7.68077780775797,4.2035000598657,2.75945853149916,109.580110891926,11.7076549508692,0.505575808320928,11.7076549508692,0.339064763372954,1.34513888888889,0.339064763372954,-5.24300925925926,-0.505575808320928,-0.4162,54.6953,298.25,4,9,9,4,11,6,100,10.2176163822144,10.4589349672148,5.74951183328391,2.86239931446527,5.96930528795185,9.11006133991374,0.0,12.0848374153266,0.0,7.63700058785822,1,43.6993259871983,26.205559006019,5.72479862893054,0.0,9.79096695103555,0.0,17.6482889070236,0.0,43.5637766359705,20.2362537180671,13.0995057881093,21.8758043663621,4.2935989716979,166.27,94.7301022770219,8.38251606198035,7.3549714191232,-1.34513888888889,-3.19116496598639,-2.97318405139834,0.0,0.0,0.541739702663385,60,3,1289,3347,7.01,533.1,1034.3,2132.3,184.9,2.39,1.88,1.14,0.995,71.1,2499,122.4,403,298,0.5,7.77
5469,C7H7NO2_1,2AminobenzoicacidAnthranilicacidH2NC6H4COOH,Nd+++,KCl   ,0,3.71623875281247,476.025393518703,13.3259089347036,11.7637101764277,4.76371017642768,7.82347362264446,5.68453056967762,2.38185508821384,1.51106427631524,1.51106427631524,0.871829243544416,0.871829243544416,0.453607318512224,0.453607318512224,41.3898178849856,4.79453718407182,5.10880819110721,9.73791803856992,137.047678464,1.6,2.4,3.1,0.0,-1.51,10,130.082,1.98503646951885,2.38963270744379,1.07489362298405,68.1295688069247,11.2243348450491,0.477583571499441,11.2243348450491,0.337289633878064,0.120925925925926,0.337289633878064,-1.35046296296296,-0.477583571499441,0.967,37.8137,137.138,3,3,3,2,3,2,52,10.8285251668335,0.0,2.8236841566564,0.0,5.96930528795185,0.0,12.0848374153266,12.0848374153266,5.68738627468356,11.0464857163779,1,18.2100637565163,11.6566915626354,1.43119965723263,0.0,0.0,5.71971697572627,29.7331263223502,5.71971697572627,11.0781134790591,0.0,15.8410229004497,24.1696748306532,1.43119965723263,63.32,49.9801379440665,11.2243348450491,3.62762849584278,-1.49199074074074,-1.35046296296296,-2.82298091458806,0.0,0.0,0.566589187245288,60,3,1289,3347,7.01,533.1,1034.3,2132.3,184.9,2.39,1.88,1.14,0.995,71.1,1984,74.6,1043,303,0.1,3.23
5496,C7H7NO2_2,4AminobenzoicacidH2NC6H4COOH,Nd+++,KCl   ,0,3.64176269120712,446.775393518703,13.3259089347036,11.7637101764277,4.76371017642768,7.82347362264446,5.68453056967762,2.38185508821384,1.51106427631524,1.51106427631524,0.815927544106921,0.815927544106921,0.407963772053461,0.407963772053461,41.3898178849856,4.79453718407182,5.10880819110721,9.73791803856992,137.047678464,1.6,2.3,2.8,0.0,-1.51,10,130.082,1.98503646951885,2.38963270744379,1.25390463852267,68.1295688069247,11.1169482237339,0.477639236202608,11.1169482237339,0.335180833767589,0.072861394557823,0.335180833767589,-1.32401738473167,-0.477639236202608,0.967,37.8137,137.138,3,3,3,2,3,2,52,10.8285251668335,0.0,2.8236841566564,0.0,5.96930528795185,0.0,0.0,24.1696748306532,5.68738627468356,11.0464857163779,1,18.2100637565163,11.6566915626354,1.43119965723263,0.0,0.0,5.71971697572627,29.7331263223502,5.71971697572627,11.0781134790591,0.0,15.8410229004497,24.1696748306532,1.43119965723263,63.32,50.0353316326531,11.1169482237339,3.60531131897203,-1.34866638321995,-1.32401738473167,-2.91824074074074,0.0,0.0,0.566589187245288,60,3,1289,3347,7.01,533.1,1034.3,2132.3,184.9,2.39,1.88,1.14,0.995,71.1,1984,74.6,1043,298,0.2,2.43
5503,C7H7NO3,2HydroxybenzohydroxamicacidsalicylhydroxamicacidHOC6H4CONHOH,Nd+++,KNO3  ,0,3.56628831383084,494.662827521068,14.0330157158901,12.1719584668915,5.17195846689155,8.36147842510525,5.82813945047658,2.5644292740489,1.60056380255794,1.60056380255794,0.949869926498664,0.949869926498664,0.49726242507494,0.49726242507494,41.3898178849856,4.79453718407182,10.318342012151,9.75727561747435,153.042593084,1.54545454545455,2.36363636363636,3.09090909090909,0.0,-1.55,11,146.081,2.49352324904611,3.0257326494734,1.47271656141012,73.1164261710829,11.5741959561602,0.50712031318476,11.5741959561602,0.293130701377814,0.307150415721845,0.293130701377814,-1.34791666666667,-0.50712031318476,0.5112,37.3595,153.137,3,4,3,3,4,3,58,5.10880819110721,5.74951183328391,1.4118420783282,1.43119965723263,0.0,10.0040710051156,12.0848374153266,12.0848374153266,0.0,11.0464857163779,1,23.4389551564645,5.90717972935151,1.43119965723263,5.47312134740325,0.0,0.0,29.7331263223502,5.47312134740325,17.6567213987352,0.0,15.8410229004497,24.1696748306532,0.0,69.56,49.5804688681028,11.5741959561602,7.56199144935752,-1.05877078609221,-2.08375,-2.90746882086168,0.0,0.0,0.406403956259114,60,3,1289,3347,7.01,533.1,1034.3,2132.3,184.9,2.39,1.88,1.14,0.995,71.1,2109,101.1,607,298,0.1,10.95
5507,C7H7NO5S,5Sulfoanthranilicacid5sulfo2aminobenzoicacid,Nd+++,NaNO3 ,0,3.98803716187585,691.340161889736,16.5330157158901,13.3967033382831,7.21319991921086,9.59545865982947,6.29690300537342,4.49422752390964,2.16931256677911,3.48580914770683,1.22389131616038,1.92801546139231,0.655153872974199,1.05824698189815,50.3610095118736,13.2123341684008,9.66383886106408,9.79835913963233,217.004493324,1.5,2.28571428571429,2.85714285714286,0.0,-1.6,14,210.146,4.28181528323945,3.27618237857371,2.00660319678575,89.8448750750925,11.4997193877551,0.477583063605052,11.4997193877551,0.337335751720806,0.289068877551021,0.337335751720806,-4.92703703703703,-0.477583063605052,0.2137,47.6283,217.202,4,6,6,3,7,4,76,10.8285251668335,0.0,2.8236841566564,1.43119965723263,5.96930528795185,4.55503066995687,0.0,18.1272561229899,5.68738627468356,14.5712106357254,1,29.8121328546319,21.774818421669,2.86239931446527,0.0,4.89548347551778,5.71971697572627,23.6907076146869,5.71971697572627,24.0509411333449,10.1181268590336,14.4702643442795,23.0227395985077,2.86239931446527,117.69,76.0054976851852,10.1705319349962,3.57475977891156,-2.24943405139834,-1.60237906273621,-3.38860591458806,0.0,0.0,0.481194142496749,60,3,1289,3347,7.01,533.1,1034.3,2132.3,184.9,2.39,1.88,1.14,0.995,71.1,2257,85.0,581,298,0.1,3.68
5518,C7H7NO6S,3Amino5sulfosalicylicacid,Nd+++,KCl   ,0,4.06063667002165,708.019992725915,17.2401224970766,13.804951628747,7.62144820967473,10.1334634622903,6.40927544106921,4.69835166914157,2.37343671201104,3.68993329293876,1.3667262721056,2.07085041733753,0.752980652438214,1.20171730782093,50.0681026374942,13.2123341684008,14.7726470521713,9.85880024069474,232.999407944,1.53333333333333,2.33333333333333,2.86666666666667,0.0,-1.8,15,226.145,4.81493971179296,3.40505517977928,2.16735195683355,94.7257790854158,11.6028231292517,0.504886559758429,11.6028231292517,0.339099506636424,0.337958238851096,0.339099506636424,-4.99222222222222,-0.504886559758429,-0.0807,49.2931,233.201,5,7,7,4,8,5,82,15.9373333579407,5.563451491697,8.57319598994031,1.43119965723263,5.96930528795185,4.55503066995687,0.0,12.0848374153266,0.0,13.3243868625418,1,33.5501824895689,21.774818421669,4.2935989716979,0.0,4.89548347551778,5.71971697572627,17.6482889070236,5.71971697572627,30.5909489816847,10.1181268590336,13.0995057881093,16.9803208908444,2.86239931446527,137.92,75.7970790816326,10.1733682917611,7.56390731292517,-2.42300453514739,-2.62688775510204,-2.40890684051398,0.0,0.0,0.318049799002714,60,3,1289,3347,7.01,533.1,1034.3,2132.3,184.9,2.39,1.88,1.14,0.995,71.1,1984,74.6,1043,298,0.2,8.07
5524,C7H8O3,2Ethyl3hydroxy4Hpyran4one,Nd+++,KCl   ,0,3.38484515325103,446.097166578484,14.3009649083212,12.7247448713916,4.72474487139159,8.03591092807516,6.22474487139159,2.31649658092773,1.44149658092773,1.44149658092773,0.843643696413162,0.843643696413162,0.411405181539914,0.411405181539914,42.8165955419604,4.79453718407182,9.84567114490726,11.0265095504242,140.047344116,1.9,2.8,3.5,0.285714285714286,-1.25,10,132.074,1.87319002004901,2.55760525124491,1.02578282102844,69.9396018375278,11.4522174981104,0.501788685173579,11.4522174981104,0.293421202809221,0.942276077097506,0.293421202809221,-3.18828987150416,-0.501788685173579,1.279,35.1778,140.138,1,3,3,1,3,3,54,9.84567114490726,7.1299234278264,0.0,11.5424098180211,0.0,4.79453718407182,6.85189211729568,0.0,19.278789428216,7.6088906437927,1,24.2355182221706,5.78324494636494,1.43119965723263,0.0,13.2248170186251,0.0,23.8085335769704,0.0,10.8920531374722,9.53140013787187,22.8201269118166,23.8085335769704,1.43119965723263,46.53,61.1952234504913,11.4522174981104,3.84386574074074,0.0,-3.41203703703704,-0.942276077097506,-4.11537037037037,-3.18828987150416,0.630256743508956,60,3,1289,3347,7.01,533.1,1034.3,2132.3,184.9,2.39,1.88,1.14,0.995,71.1,1984,74.6,1043,298,0.1,5.93
5533,C7H8O4,3Hydroxy6hydroxymethyl2methyl4Hpyran4one,Nd+++,KCl   ,0,3.37884135091843,462.208132201078,15.0080716895078,13.1329931618555,5.13299316185545,8.55789596526017,6.33711730708738,2.52062072615966,1.64562072615966,1.64562072615966,0.936341399387812,0.936341399387812,0.483269551181231,0.483269551181231,42.523688667581,4.79453718407182,14.9544793360145,11.0869506514866,156.042258736,1.72727272727273,2.63636363636364,3.27272727272727,0.285714285714286,-1.29,11,148.073,2.34865062342955,2.75455850877907,1.40446297794496,74.8205058478511,11.6247515117158,0.501795858741375,11.6247515117158,0.293421024096469,1.03284202569917,0.293421024096469,-3.00386857520786,-0.501795858741375,0.2514,36.5896,156.137,2,4,4,2,4,4,60,14.9544793360145,18.0773149862286,0.0,12.9736094752538,0.0,4.79453718407182,0.0,6.85189211729568,10.1643474145462,4.11227566851066,1,27.9735678571076,5.78324494636494,2.86239931446527,0.0,6.85189211729568,6.55898524291629,23.3295663610041,0.0,23.9910462287283,9.53140013787187,15.076443454317,23.3295663610041,1.43119965723263,66.76,60.8383333333333,11.6247515117158,7.49842025699169,0.0,-4.54474017384732,-1.09027777777778,0.0,-5.99315381708239,0.606566883777817,60,3,1289,3347,7.01,533.1,1034.3,2132.3,184.9,2.39,1.88,1.14,0.995,71.1,1984,74.6,1043,298,0.1,6.01
5546,C7H8O5,3Hydroxy26bishydroxymethyl4Hpyran4one,Nd+++,KCl   ,0,3.40079867382242,483.607419408989,15.7151784706943,13.5412414523193,5.54124145231932,9.11855613703999,6.44948974278318,2.72474487139159,1.74768279877562,1.74768279877562,1.02903910236246,1.02903910236246,0.550451736001889,0.550451736001889,42.2307817932016,4.79453718407182,20.0632875271217,11.147391752549,172.037173356,1.5,2.25,2.91666666666667,0.285714285714286,-1.33,12,164.072,2.86238951036653,3.37757064415087,1.46325895109977,79.7014098581743,11.7072345049131,0.501724395193866,11.7072345049131,0.293422746352076,1.0724253590325,0.293422746352076,-3.04553524187453,-0.501724395193866,-0.7762,38.0014,172.136,3,5,5,3,5,5,66,20.0632875271217,18.8771353574888,5.75916487165618,14.4048091324864,0.0,4.79453718407182,0.0,0.0,6.05207174603557,6.8537927808511,1,31.7116174920446,5.78324494636494,4.2935989716979,0.0,0.0,13.1179704858326,23.3295663610041,0.0,37.0900393199844,9.53140013787187,6.8537927808511,23.3295663610041,1.43119965723263,86.99,60.801285430839,11.7072345049131,11.2023115079365,0.0,-4.6911753590325,-1.11663832199546,0.0,-6.06968442932729,0.54994535060197,60,3,1289,3347,7.01,533.1,1034.3,2132.3,184.9,2.39,1.88,1.14,0.995,71.1,1984,74.6,1043,298,0.1,5.75
5565,C8H10O5,7Oxabicyclo221heptan23dicarboxylicacid,Nd+++,KCl   ,0,2.93123340869551,547.800388447094,18.2760208819389,16.0412414523193,6.04124145231932,10.1698677320562,8.04124145231932,3.22474487139159,2.33522532021036,2.33522532021036,1.60605865354369,1.60605865354369,1.11026784164509,1.11026784164509,48.6324118031886,9.58907436814364,14.9544793360145,13.828467763827,186.05282342,1.15384615384615,1.61538461538462,2.0,0.75,-1.1,13,176.083,2.69605652066131,2.69768187672029,1.109169974692,88.5302859734663,11.8492545351474,0.480934331490676,11.8492545351474,0.309631444076478,2.09592592592593,0.309631444076478,-3.69768518518519,-0.480934331490676,-0.0508,40.1466,186.163,2,5,5,2,5,2,72,14.9544793360145,0.0,0.0,0.0,11.9386105759037,9.58907436814364,0.0,12.7458498026588,8.22455133702132,26.6894685369666,2,35.5096221535199,11.9386105759037,2.86239931446527,0.0,24.9058858565587,0.0,0.0,0.0,34.3162630120181,14.3259373219437,23.7119182520205,0.0,2.86239931446527,83.83,80.3813737717309,23.6985090702948,7.02743764172336,0.0,-11.5872222222222,0.0,-14.1867649281935,0.0,0.631184205080859,60,3,1289,3347,7.01,533.1,1034.3,2132.3,184.9,2.39,1.88,1.14,0.995,71.1,1984,74.6,1043,303,0.1,5.92
5572,C8H11NO3,5Hydroxy6methyl34pyridinedimethanolPyridoxine,Nd+++,KCl   ,0,4.0106247699465,587.61482412208,18.2151784706943,16.6719584668915,5.67195846689155,10.3298810024452,8.03433090258734,2.80958603119575,1.85546188596382,1.85546188596382,1.17577099723961,1.17577099723961,0.621643154338764,0.621643154338764,48.7131006254694,0.0,20.3104030942688,15.2596674210597,169.073893212,1.41666666666667,2.25,2.91666666666667,0.375,-1.13,12,158.092,2.2139422250071,3.51190254114452,1.39148122332149,85.843264976449,7.65363425925926,0.505658654470454,7.65363425925926,0.293212887136202,0.988004062736205,0.293212887136202,-3.17030092592593,-0.505658654470454,0.08022,42.4844,169.18,3,4,4,3,4,6,66,15.3264245733216,5.74951183328391,0.0,2.86239931446527,0.0,4.98397852094721,0.0,6.85189211729568,21.4120738627194,25.6656912615321,1,26.2924930226834,0.0,4.2935989716979,4.98397852094721,19.9698626031283,0.0,22.9937261890572,0.0,24.6040020659668,13.1179704858326,27.7868994276042,6.17289521081476,0.0,73.58,80.0886497307256,3.31027163643235,11.6871997826909,-3.0936753590325,-1.04706018518519,0.0,-1.06472222222222,-9.29733005007559,0.585830847592227,60,3,1289,3347,7.01,533.1,1034.3,2132.3,184.9,2.39,1.88,1.14,0.995,71.1,1984,74.6,1043,298,0.1,4.21
5581,C8H11NO8,AminodibutanedioicacidHNCHCOOHCH2COOH2,Nd+++,KCl   ,0,7.03141284146947,606.501758500315,22.7151784706943,18.7131999192109,7.71319991921086,12.5802224401187,8.66041351471082,3.58020675735541,2.20884690863601,2.20884690863601,1.05123267292389,1.05123267292389,0.554403429379471,0.554403429379471,53.9686692444538,19.1781487362873,20.4352327644288,15.3611920442801,249.048466312,0.882352941176471,1.23529411764706,1.52941176470588,0.5,-2.16,17,238.087,4.60683755098654,6.42842143697513,6.0960678879527,110.526144587766,11.8403175390527,0.481175285062581,11.8403175390527,0.320823907983104,1.24842592592593,0.320823907983104,-4.34872968631897,-0.481175285062581,-1.5682,50.4889,249.175,5,9,9,5,9,8,96,20.4352327644288,13.4476270150275,0.0,0.0,23.8772211518074,24.4879620895757,0.0,0.0,5.48303422468088,15.4873669149992,0,49.2497749160657,23.8772211518074,5.72479862893054,5.30981335328838,24.7816347393581,0.0,0.0,5.30981335328838,56.3482388529356,19.1781487362873,20.9704011396801,0.0,5.72479862893054,161.23,78.8967446407576,46.6757643613001,11.9264213277904,0.0,-9.75422865751239,-8.69745937263795,-8.38057563303099,0.0,0.34181899101782,60,3,1289,3347,7.01,533.1,1034.3,2132.3,184.9,2.39,1.88,1.14,0.995,71.1,1984,74.6,1043,298,0.1,12.38
5588,C8H11NO9P2,2Hydroxy5nitro13phenylenebismethylenebisphosphonicacid,Nd+++,NaClO4,0,4.39413725604783,893.83909340925,24.5769857902601,20.0158754006746,10.8047297826745,14.0780804380512,9.37677947748163,7.42085544618289,3.15338367882206,5.59046958033227,1.62096980644454,2.61590595944966,1.02917975218684,1.89179620035951,66.9915008208241,19.2444148386282,24.6915777871831,15.3805496231845,326.990904192,1.15,1.6,1.9,0.25,-1.28,20,316.034,6.65481013460762,5.60839577646187,5.00924744531777,127.599339456948,12.3603574184303,0.507338111904492,12.3603574184303,0.329558413384479,1.48648966994205,0.329558413384479,-5.59349885658996,-0.507338111904492,0.6558,66.2574,327.122,5,10,9,5,12,10,112,24.6915777871831,5.74951183328391,0.0,5.72479862893054,15.1915246535758,19.2444148386282,0.0,0.0,28.6947746234015,19.8928547729007,1,46.9695367428848,20.8789109282593,7.15599828616317,0.0,12.2280266117426,0.0,33.3260586674862,0.0,36.770887122164,21.3581231816052,19.3514543204153,12.0848374153266,0.0,178.43,105.823375579141,24.2030988599143,15.411774691358,-5.01073003275384,-1.61180555555556,-3.241590765936,-7.77601395187705,0.0,0.294749680864109,60,3,1289,3347,7.01,533.1,1034.3,2132.3,184.9,2.39,1.88,1.14,0.995,71.1,2499,122.4,403,298,0.1,12.56
5593,C8H11O7ClP2,5Chloro2hydroxy13phenylenebismethylenebisphosphonicacid,Nd+++,NaClO4,0,4.20074275914994,802.255879800923,22.9996355210705,19.1301296972562,10.6749130252745,13.1673968355282,8.97700654456615,7.39904698627664,2.86164933249165,5.67669970701108,1.4210833399868,2.60500172949654,0.920580378646626,1.97217906332391,61.4034368110642,9.13009656986266,24.6915777871831,26.981489513417,315.966853632,1.11111111111111,1.55555555555556,1.88888888888889,0.25,-0.39,18,305.482,5.93557648014049,5.30936552233659,5.08023939576024,123.24962996133,12.3172735182036,0.507345204366906,12.3172735182036,0.329554779853862,1.03558106575964,0.329554779853862,-5.39930636477842,-0.507345204366906,1.401,64.613,316.57,5,7,7,5,10,9,102,24.6915777871831,5.74951183328391,0.0,5.72479862893054,15.1915246535758,9.13009656986266,11.6009398902325,12.0848374153266,21.6325705218162,14.969543724083,1,42.0462256940671,26.7924645438083,7.15599828616317,0.0,12.2280266117426,0.0,28.2343737124619,0.0,31.8475760733463,21.3581231816052,19.3514543204153,12.0848374153266,0.0,135.29,105.970284120335,14.5549406336609,3.0605964978584,-2.72829711514235,-1.3999537037037,-2.37739323507181,-7.30601395187705,0.0,0.529644166405368,60,3,1289,3347,7.01,533.1,1034.3,2132.3,184.9,2.39,1.88,1.14,0.995,71.1,2499,122.4,403,298,0.1,12.41
5614,C8H12N2O8,12DiaminoethaneNNdimalonicacidHOOC2CHNHCH2CH2NHCHCOOH2,Nd+++,KNO3  ,0,6.63800472563228,615.7129632944,24.2925287398839,20.1604135147108,8.16041351471082,13.4849229784979,9.30484070571074,3.77742035285537,2.29425710526098,2.29425710526098,1.15880685875894,1.15880685875894,0.511044251376712,0.511044251376712,59.5263521637153,19.1781487362873,20.4352327644288,16.7730341226083,264.059365344,0.833333333333333,1.11111111111111,1.33333333333333,0.5,-2.2,18,252.094,4.81848964134551,7.18934802571166,5.22603550295858,117.53903390378,11.5975370047838,0.479638997794658,11.5975370047838,0.331913534321384,1.15896352985639,0.331913534321384,-4.29583900226758,-0.479638997794658,-2.7588,54.1246,264.19,6,10,10,6,10,9,102,20.4352327644288,2.8236841566564,0.0,12.0357849366993,23.8772211518074,10.6196267065768,0.0,0.0,18.4767535933128,2.74151711234044,0,50.6616169943939,23.8772211518074,5.72479862893054,10.6196267065768,12.0357849366993,12.9937193686319,0.0,10.6196267065768,69.3419582215674,19.1781487362873,8.22455133702132,0.0,5.72479862893054,173.26,86.6062162102368,46.3901480191352,10.8804324028612,0.0,-9.44730305702528,-8.17114890400605,0.0,-8.59167800453515,0.188931469913141,60,3,1289,3347,7.01,533.1,1034.3,2132.3,184.9,2.39,1.88,1.14,0.995,71.1,2109,101.1,607,298,0.1,10.46
5631,C8H12O4,Cyclohexane14dicarboxylicacidC6H10COOH2,Nd+++,NaClO4,0,4.00962470718829,493.405168986126,19.5689141007523,17.6329931618555,5.63299316185545,10.4627609508697,8.63299316185545,2.81649658092773,1.82491495713053,1.82491495713053,1.03324829046386,1.03324829046386,0.516624145231932,0.516624145231932,49.2182255519474,9.58907436814364,10.2176163822144,16.5699848761675,172.073558864,1.0,1.33333333333333,1.58333333333333,0.75,-1.06,12,160.084,2.05401335807219,3.55926420541604,1.96404625534388,87.2325128978243,11.7208442775258,0.48102645744629,11.7208442775258,0.305987978872639,2.25783257747543,0.305987978872639,-4.02462962962963,-0.48102645744629,0.962,40.7196,172.18,2,4,4,2,4,2,68,10.2176163822144,0.0,0.0,0.0,11.9386105759037,9.58907436814364,0.0,25.4916996053175,13.7075855617022,11.7879153707262,1,33.5142763120603,11.9386105759037,2.86239931446527,0.0,25.4916996053175,0.0,0.0,0.0,22.1562269581181,9.58907436814364,39.1992851670197,0.0,2.86239931446527,74.6,90.1721129377677,23.4416885550516,6.80274896069539,0.0,-12.4846986016629,0.0,-16.0985185185185,0.0,0.650169600192441,60,3,1289,3347,7.01,533.1,1034.3,2132.3,184.9,2.39,1.88,1.14,0.995,71.1,2499,122.4,403,298,0.1,4.37
5642,C8H13NO6_1,2Amino2carboxypropaneNNdiethanoicacidHOOCCCH32NCH2COOH2,Nd+++,KNO3  ,0,7.62552475997594,585.498746702453,22.9307214203181,19.8967033382831,6.89670333828314,12.310166830089,9.37031013603312,3.14556526464153,2.13179962669571,2.13179962669571,1.03700241835946,1.03700241835946,0.469517226783815,0.469517226783815,55.0442544503126,14.3836115522155,15.3264245733216,18.0011845334001,219.074287136,1.0,1.46666666666667,1.8,0.625,-1.63,15,206.089,3.17855603524285,4.73884295446322,3.94192992645876,104.445574332092,12.1812367724868,0.480285323843774,12.1812367724868,0.323067656631275,1.19680555555556,0.323067656631275,-4.50284722222222,-0.480285323843774,-0.679199999999999,48.5594,219.193,3,7,7,3,7,8,86,15.3264245733216,5.53892525238335,0.0,0.0,17.9079158638556,19.2835212830659,0.0,13.7037842345914,8.22455133702132,18.4767535933128,0,43.4176216872393,17.9079158638556,4.2935989716979,4.89990973085048,19.2427094869747,12.9937193686319,0.0,0.0,56.6668947890429,14.3836115522155,27.4113697962936,0.0,4.2935989716979,115.14,94.5619293272865,34.3558673469388,9.98651218820862,-4.50284722222222,-7.48107993197279,0.0,0.0,-17.1703817082389,0.541657934560619,60,3,1289,3347,7.01,533.1,1034.3,2132.3,184.9,2.39,1.88,1.14,0.995,71.1,2109,101.1,607,293,0.1,9.27
5653,C8H13NO6_2,2AminobutanoicNNdiethanoicacidCH3CH2CHCOOHNCH2COOH2,Nd+++,KNO3  ,0,7.34988965598228,607.00852170678,22.9307214203181,19.8967033382831,6.89670333828314,12.310166830089,9.37031013603312,3.14556526464153,1.89499622782072,1.89499622782072,0.941538646306002,0.941538646306002,0.520548263091798,0.520548263091798,55.0442544503126,14.3836115522155,15.3264245733216,18.0011845334001,219.074287136,1.06666666666667,1.6,2.0,0.625,-1.63,15,206.089,3.17855603524285,5.96751157655753,4.96397806303454,104.445574332092,12.0235284391534,0.480285422689013,12.0235284391534,0.320433732678063,1.17659722222222,0.320433732678063,-4.47680555555556,-0.480285422689013,-0.679199999999999,48.5594,219.193,3,7,7,3,7,8,86,15.3264245733216,6.01789246834965,0.0,0.0,17.9079158638556,19.2835212830659,6.85189211729568,6.37292490132938,6.8537927808511,19.847512149483,0,43.4176216872393,17.9079158638556,4.2935989716979,4.89990973085048,19.2427094869747,12.9937193686319,0.0,0.0,57.1458620050092,14.3836115522155,26.9324025803273,0.0,4.2935989716979,115.14,94.3837450396825,34.1056972789116,9.94491354875284,0.0,-7.38264597505669,-4.47680555555556,-4.30213529856387,-12.5227690381708,0.519172257045042,60,3,1289,3347,7.01,533.1,1034.3,2132.3,184.9,2.39,1.88,1.14,0.995,71.1,2109,101.1,607,293,0.1,10.82
5659,C8H13NO6S,2Mercapto1aminoethaneNNStriethanoicacidHOOCCH2SCH2CH2NCH2COOH2,Nd+++,NaClO4,0,6.65961132557327,629.215526006251,23.6378282015047,20.304951628747,8.12144820967473,12.7672736112755,9.52855842649698,4.12031013603312,1.83937904679363,2.45175148248942,0.749023334868087,1.21110123968421,0.402074239500102,0.673369248517709,65.4702033673453,14.3836115522155,15.3264245733216,18.0011845334001,251.046358136,1.125,1.6875,2.1875,0.625,-1.28,16,238.156,3.88099537452042,7.94064513175065,9.28184072962796,114.568684357457,11.5850561181326,0.480622950307971,11.5850561181326,0.317217804221771,0.832869897959184,0.317217804221771,-4.1639843159486,-0.480622950307971,-0.724599999999999,56.6724,251.26,3,7,8,3,8,9,92,15.3264245733216,0.0,0.0,0.0,17.9079158638556,19.2835212830659,0.0,0.0,17.684850794147,26.9232275908034,0,43.4176216872393,29.6698008132467,4.2935989716979,4.89990973085048,0.0,30.9004928232482,0.0,0.0,69.0347429912758,14.3836115522155,13.7075855617022,0.0,4.2935989716979,115.14,95.2410328027752,33.4227334483431,10.0038440831388,-7.30003306878307,-6.61972342949525,0.0,0.0,-12.3316506046863,0.45955942134139,60,3,1289,3347,7.01,533.1,1034.3,2132.3,184.9,2.39,1.88,1.14,0.995,71.1,2499,122.4,403,298,0.1,8.25
5662,C8H14O4,OctanedioicacidHOOCCH26COOH,Nd+++,KNO3  ,0,6.50111673912909,519.294082740335,21.5689141007523,19.6329931618555,5.63299316185545,11.2127609508697,9.38299316185545,2.56649658092773,1.32491495713053,1.32491495713053,0.516624145231932,0.516624145231932,0.227062072615966,0.227062072615966,50.17615998388,9.58907436814364,10.2176163822144,19.3115019885079,174.089208928,1.0,1.41666666666667,1.75,0.75,-1.06,12,160.084,1.8860004787798,6.63783997139124,8.94,91.0482850516892,11.2743980493496,0.481230389785209,11.2743980493496,0.302839556538299,2.25341264592257,0.302839556538299,-4.29479450113379,-0.481230389785209,1.4962,42.9736,174.196,2,4,4,2,4,7,70,10.2176163822144,0.0,0.0,0.0,11.9386105759037,9.58907436814364,12.7458498026588,12.7458498026588,29.1949524767014,0.0,0,36.2557934244007,11.9386105759037,2.86239931446527,0.0,38.2375494079763,0.0,0.0,0.0,22.1562269581181,9.58907436814364,54.686652082019,0.0,2.86239931446527,74.6,102.253504165938,22.5487960986991,6.51582250453237,0.0,-4.50682529184513,0.0,-24.9779641439909,0.0,0.573293247532992,60,3,1289,3347,7.01,533.1,1034.3,2132.3,184.9,2.39,1.88,1.14,0.995,71.1,2109,101.1,607,298,0.1,4.55
5666,C8H16N2O3_1,GlycylleucineH2NCH2CONHCHCH2CHCH32COOH,Nd+++,KCl   ,0,7.07544197223658,629.056579835595,24.016507857945,22.1191720623915,6.11917206239151,12.4901402893111,10.5330819059095,2.78319282894573,1.66482363847371,1.66482363847371,0.745743056201,0.745743056201,0.369572377819247,0.369572377819247,61.3914343202674,9.58907436814364,5.10880819110721,22.1158285662599,188.116092372,1.53846153846154,2.30769230769231,2.84615384615385,0.75,-1.1,13,172.099,1.95386879672752,5.52926349567828,5.18832401898925,100.041244819037,12.1298681972789,0.479717345613908,12.1298681972789,0.325705807746377,0.93020101095994,0.325705807746377,-4.51685752078609,-0.479717345613908,-0.439399999999999,48.0759,188.227,4,5,4,3,5,8,76,16.1383385201219,8.84157662500605,1.4118420783282,5.90717972935151,5.96930528795185,4.79453718407182,13.7037842345914,12.2668825866925,12.336827005532,10.6091353528266,0,35.3825114682781,11.8764850173034,1.43119965723263,5.30981335328838,26.0946016042704,6.49685968431595,0.0,11.0295303290146,29.5000453610762,9.58907436814364,36.5258118099634,0.0,1.43119965723263,92.42,117.289373110355,24.121981292517,2.16212632275132,-0.93020101095994,-9.3517401266062,-4.43081018518519,-4.51685752078609,-12.0105385487528,0.545047519571664,60,3,1289,3347,7.01,533.1,1034.3,2132.3,184.9,2.39,1.88,1.14,0.995,71.1,1984,74.6,1043,298,0.1,2.4
5671,C8H16N2O3_2,LeucylglycineH2NCHCH2CHCH32CONHCH2COOH,Nd+++,KCl   ,0,6.91924459848172,629.056579835595,24.016507857945,22.1191720623915,6.11917206239151,12.4901402893111,10.5330819059095,2.78319282894573,1.66482363847371,1.66482363847371,0.694712019893017,0.694712019893017,0.321235086435874,0.321235086435874,61.3914343202674,9.58907436814364,5.10880819110721,22.1158285662599,188.116092372,1.53846153846154,2.30769230769231,2.84615384615385,0.75,-1.1,13,172.099,1.95386879672752,5.52926349567828,6.09694936798249,100.041244819037,12.4902976190476,0.479930441511354,12.4902976190476,0.322470353658071,1.10690712396069,0.322470353658071,-4.46097942649282,-0.479930441511354,-0.4394,48.0759,188.227,4,5,4,3,5,8,76,16.1383385201219,9.32054384097235,1.4118420783282,5.90717972935151,5.96930528795185,9.58907436814364,13.7037842345914,12.2668825866925,12.336827005532,10.1301681368603,0,35.3825114682781,11.8764850173034,1.43119965723263,5.30981335328838,26.0946016042704,6.49685968431595,0.0,11.0295303290146,29.5000453610762,9.58907436814364,36.5258118099634,0.0,1.43119965723263,92.42,117.551118079176,23.7536787840136,2.15676008597884,-1.15302343159486,-9.12878503716301,-4.35222505668935,-4.46097942649282,-12.0332106638952,0.545047519571664,60,3,1289,3347,7.01,533.1,1034.3,2132.3,184.9,2.39,1.88,1.14,0.995,71.1,1984,74.6,1043,298,0.1,1.85
5677,C8H16O3,2Hydroxy2propylpentanoicacidCH3CH2CH2COHCH2CH2CH3COOH,Nd+++,NaClO4,0,7.25973883278778,520.993144025069,22.4915638315627,21.2247448713916,5.22474487139159,11.5420406472147,10.1788690166235,2.36237243569579,1.46864369641316,1.46864369641316,0.764519551181231,0.764519551181231,0.309343108923949,0.309343108923949,50.7658399388444,4.79453718407182,10.2176163822144,22.0530191008483,160.109944372,1.27272727272727,1.90909090909091,2.27272727272727,0.875,-0.57,11,144.085,1.43421735531478,4.33735115844222,2.88627225696352,89.696703951981,12.0701757369614,0.479113823295253,12.0701757369614,0.335169785257639,2.5474537037037,0.335169785257639,-4.46076388888889,-0.479113823295253,1.4023,42.4016,160.213,2,3,3,2,3,8,66,10.2176163822144,0.0,5.60105081098369,1.43119965723263,5.96930528795185,0.0,26.4496340372501,12.7458498026588,19.1906197863831,0.0,0,34.2027733526693,5.96930528795185,2.86239931446527,0.0,44.7965346508926,0.0,0.0,0.0,23.2191721383826,4.79453718407182,58.386103626292,0.0,1.43119965723263,57.53,117.309284060847,12.0701757369614,7.08905801209373,-4.46076388888889,-2.5474537037037,0.0,-17.2209429327287,-7.82269061791383,0.638789793641186,60,3,1289,3347,7.01,533.1,1034.3,2132.3,184.9,2.39,1.88,1.14,0.995,71.1,2499,122.4,403,298,1.0,2.61
5692,C8H19NO5,Bis2hydroxyethyliminotrishydroxymethylmethane,Nd+++,NaCl  ,0,8.37012643275592,601.774506459945,27.1128841751224,25.4884550478193,6.48845504781927,14.4193262626835,11.9826825717289,2.94144111940959,1.77973755407974,1.77973755407974,1.09342094451666,1.09342094451666,0.486373680325051,0.486373680325051,56.2274805664472,0.0,25.5440409555361,26.3466180725463,209.126322708,0.785714285714286,1.21428571428571,1.57142857142857,1.0,-0.24,14,190.09,2.22105235107132,7.1048169239094,3.15920032966911,110.152639053614,8.01666666666667,0.395044128897338,8.01666666666667,0.21013733145014,1.29791666666667,0.21013733145014,-4.81645833333334,-0.395044128897338,-3.0113,49.733,209.242,5,6,6,5,6,13,86,25.5440409555361,0.0,0.0,7.15599828616317,0.0,4.89990973085048,0.0,0.0,18.4767535933128,52.041437028667,0,44.7346607419192,0.0,7.15599828616317,4.89990973085048,5.53892525238335,45.7886455832133,0.0,0.0,88.9275198081464,0.0,19.1906197863831,0.0,0.0,104.39,143.777738095238,-1.29791666666667,17.9113988095238,-4.81645833333334,0.0,0.0,0.0,-31.0747619047619,0.291528716466844,60,3,1289,3347,7.01,533.1,1034.3,2132.3,184.9,2.39,1.88,1.14,0.995,71.1,2165,58.4,1074,303,0.1,4.54
5698,C8H22N2O6P2_1,22Ethylenediiminobispropylphosphonicacid,Nd+++,KCl   ,0,7.40286481414016,910.763049315004,32.9831276631254,30.238344124783,10.0271985067828,17.3020417638778,14.2145062543656,6.77240332253079,2.36297014175502,5.24726963876518,1.03313275413014,2.32857786914047,0.334277886014148,0.679226860292466,76.7724665118176,9.13009656986266,19.5827695960759,30.4806196843105,304.095309684001,0.888888888888889,1.27777777777778,1.55555555555556,1.0,0.22,18,282.044,3.51236376553398,7.72300950344386,8.34429012161983,137.868531337979,12.6362789190851,0.329100585848039,12.6362789190851,0.329100585848039,1.42637991307634,0.324202828037317,-6.19612900948692,-0.324202828037317,-0.702,68.7516,304.22,6,8,8,6,10,15,110,30.2023963026527,2.8236841566564,0.0,5.72479862893054,15.1915246535758,9.13009656986266,0.0,13.7037842345914,47.9195756359873,11.27009217981,0,53.4686872213185,15.1915246535758,5.72479862893054,10.6196267065768,24.9738764144013,25.9874387372638,0.0,10.6196267065768,62.5650991420802,9.13009656986266,35.6359211333149,0.0,0.0,139.12,191.686207890005,13.8099225621291,-2.85275982615268,-9.25149404455351,0.0,0.0,0.0,-27.388507451343,0.242658644679019,60,3,1289,3347,7.01,533.1,1034.3,2132.3,184.9,2.39,1.88,1.14,0.995,71.1,1984,74.6,1043,298,0.1,11.6
5707,C8H5O2F3S,444Trifluoro12thienylbutane13dioneF3CCOCH2COC4H3S,Nd+++,NaCl  ,0,3.25980179645708,551.314684407677,15.1712083963243,11.3586382904193,7.175134871347,8.40260666399363,5.63344329044157,3.94993987136929,2.06425564997036,2.88075223089809,1.07091018328854,1.76661595231767,0.518205705049803,0.968120662180332,46.4338123301982,22.7603195111681,0.0,6.8537927808511,221.99623506,1.35714285714286,2.0,2.42857142857143,0.25,-1.17,14,217.147,5.64798401995037,3.91328085176111,2.66127689750168,88.3760377572002,12.1465835222978,0.449962404213233,12.1465835222978,0.449962404213233,0.186546201814058,0.292781795532711,-5.53551658163265,-0.292781795532711,2.4523,44.3285,222.187,0,2,3,0,6,3,76,0.0,0.0,5.78324494636494,5.78324494636494,6.17629851744348,9.58907436814364,6.0424187076633,11.3985331173309,2.74151711234044,15.3623477635413,1,29.6141122920192,22.9032757706646,0.0,0.0,12.5492234187729,0.0,22.3180990186955,0.0,17.7427884101734,4.79453718407182,22.8984020599536,17.4409518249942,0.0,34.14,71.8833132558579,21.5523459939531,-0.56610402494331,0.0,-4.74288312547241,-1.56716931216931,-9.41271565570673,0.0,0.581109372066385,60,3,1289,3347,7.01,533.1,1034.3,2132.3,184.9,2.39,1.88,1.14,0.995,71.1,2165,58.4,1074,298,5.0,3.79
5731,C8H6O4_1,Benzene12dicarboxylicacidC6H4COOH2,Nd+++,NaNO3 ,0,3.75316858695778,482.053849939974,14.0330157158901,11.6329931618555,5.63299316185545,8.36147842510525,5.63299316185545,2.81649658092773,1.82491495713053,1.82491495713053,1.09574829046386,1.09574829046386,0.618686217847897,0.618686217847897,47.2351883899509,9.58907436814364,10.2176163822144,8.34543353914615,166.026608672,1.0,1.41666666666667,1.75,0.0,-1.84,12,160.084,3.26438927556122,3.0419304797472,1.42063214175102,76.6759625700311,11.2645956160242,0.477620338593833,11.2645956160242,0.336066918857849,0.762101284958428,0.336066918857849,-1.44222222222222,-0.477620338593833,1.083,40.3606,166.132,2,4,4,2,4,2,62,10.2176163822144,0.0,0.0,0.0,11.9386105759037,0.0,12.0848374153266,12.0848374153266,0.0,16.6099372080749,1,25.2897249750389,11.9386105759037,2.86239931446527,0.0,0.0,0.0,35.2965778140472,0.0,22.1562269581181,0.0,26.1990115762185,24.1696748306532,2.86239931446527,74.6,42.3774603174603,22.5291912320484,7.19292139077853,-1.67916666666667,-2.88444444444444,-3.20262849584278,0.0,0.0,0.688908808436835,60,3,1289,3347,7.01,533.1,1034.3,2132.3,184.9,2.39,1.88,1.14,0.995,71.1,2257,85.0,581,298,0.1,4.55
5742,C8H6O4_2,Benzene13dicarboxylicacidC6H4COOH2,Nd+++,NaClO4,0,3.70108018404226,485.803849939974,14.0330157158901,11.6329931618555,5.63299316185545,8.36147842510525,5.63299316185545,2.81649658092773,1.82491495713053,1.82491495713053,1.03324829046386,1.03324829046386,0.547874145231932,0.547874145231932,47.2351883899509,9.58907436814364,10.2176163822144,8.34543353914615,166.026608672,1.0,1.5,1.91666666666667,0.0,-1.84,12,160.084,3.26438927556122,3.0419304797472,1.6018929516714,76.6759625700311,11.1884948979592,0.477638968961004,11.1884948979592,0.335204799825201,0.799259259259259,0.335204799825201,-1.40506424792139,-0.477638968961004,1.083,40.3606,166.132,2,4,4,2,4,2,62,10.2176163822144,0.0,0.0,0.0,11.9386105759037,0.0,6.0424187076633,18.1272561229899,0.0,16.6099372080749,1,25.2897249750389,11.9386105759037,2.86239931446527,0.0,0.0,0.0,35.2965778140472,0.0,22.1562269581181,0.0,26.1990115762185,24.1696748306532,2.86239931446527,74.6,42.4708904950869,22.3769897959184,7.17737670068027,-1.59925925925926,-2.81012849584278,-3.28253590325019,0.0,0.0,0.688908808436835,60,3,1289,3347,7.01,533.1,1034.3,2132.3,184.9,2.39,1.88,1.14,0.995,71.1,2499,122.4,403,298,0.1,2.65
5750,C8H7NO3,benzoylhydroxamicacidC6H5COCONHOH,Nd+++,KNO3  ,0,3.44370595842971,532.75892238388,14.9032592038932,12.6719584668915,5.67195846689155,8.73415722516742,6.16989116001272,2.8144292740489,1.72556380255794,1.72556380255794,1.00421636757063,1.00421636757063,0.511919445095341,0.511919445095341,52.9390910531332,9.58907436814364,5.2095338210438,9.69683451641194,165.042593084,1.33333333333333,1.91666666666667,2.5,0.0,-1.68,12,158.092,2.98824187018972,3.63625319012706,1.6738062283737,78.7619863752,11.6599829931973,0.315196471039782,11.6599829931973,0.315196471039782,0.469187925170068,0.288254309509835,-1.64487906273621,-0.288254309509835,0.3747,40.7017,165.148,2,4,3,2,4,3,62,0.0,0.0,1.4118420783282,1.43119965723263,5.90717972935151,14.7986081891874,30.2120935383165,0.0,5.563451491697,6.8537927808511,1,24.4954427055994,11.6904246757164,0.0,5.47312134740325,0.0,0.0,35.7755450300135,5.47312134740325,16.8999584967602,4.79453718407182,17.2117814566199,30.2120935383165,0.0,66.4,49.9282998446292,22.9543480725624,3.44491331254724,-1.33928051776266,-3.17335128495843,-3.98159609368439,0.0,0.0,0.287837427941822,60,3,1289,3347,7.01,533.1,1034.3,2132.3,184.9,2.39,1.88,1.14,0.995,71.1,2109,101.1,607,298,0.1,9.73
5767,C8H8O2,PhenylethanoicacidC6H5CH2COOH,Nd+++,NaClO4,0,3.66004536994825,483.303803866381,14.2485586655139,12.8164965809277,4.81649658092773,8.15680695597779,6.31649658092773,2.40824829046386,1.41245747856526,1.41245747856526,0.727062072615966,0.727062072615966,0.414562072615966,0.414562072615966,48.1177752192947,4.79453718407182,5.10880819110721,11.0265095504242,136.052429496,1.5,2.1,2.7,0.125,-1.31,10,128.086,1.84484457170387,3.01177944469578,1.89537540220571,70.4434774599997,11.1252447089947,0.480986173323174,11.1252447089947,0.3073147590435,0.690934429327286,0.3073147590435,-2.99085648148148,-0.480986173323174,1.3137,37.7818,136.15,1,2,2,1,2,2,52,5.10880819110721,0.0,0.0,0.0,5.96930528795185,4.79453718407182,30.2120935383165,5.563451491697,2.74151711234044,13.2267176821805,1,19.4986552683706,5.96930528795185,1.43119965723263,0.0,6.37292490132938,0.0,35.7755450300135,0.0,11.0781134790591,11.1674620854012,15.1587613848885,30.2120935383165,1.43119965723263,37.3,58.1644026360544,11.1252447089947,3.48946593915344,-0.841898148148147,-1.65182350718065,-3.87786848072562,-2.99085648148148,0.0,0.665180232644755,60,3,1289,3347,7.01,533.1,1034.3,2132.3,184.9,2.39,1.88,1.14,0.995,71.1,2499,122.4,403,298,0.1,2.09
5796,C8H8O3_1,2Phenyl2hydroxyethanoicacidC6H5CHOHCOOH,Nd+++,NaClO4,0,3.71692745853416,504.210710171604,14.9556654467005,13.2247448713916,5.22474487139159,8.71746712775761,6.42886901662352,2.61237243569579,1.6165816237972,1.6165816237972,0.912457478565265,0.912457478565265,0.465593108923949,0.465593108923949,47.8248683449153,4.79453718407182,10.2176163822144,11.0869506514866,152.047344116,1.45454545454545,2.09090909090909,2.63636363636364,0.125,-1.35,11,144.085,2.31776878074618,3.16342779921574,1.78231371361344,75.3243814703229,11.2989947089947,0.479066387758605,11.2989947089947,0.336713862289287,0.717294973544974,0.336713862289287,-3.03252314814815,-0.479066387758605,0.8046,39.0376,152.149,2,3,3,2,3,3,58,10.2176163822144,0.0,6.08001802694999,1.43119965723263,5.96930528795185,0.0,30.2120935383165,5.563451491697,0.0,8.22455133702132,1,23.2367049033076,5.96930528795185,2.86239931446527,0.0,6.08001802694999,0.0,35.7755450300135,0.0,17.6181213273989,4.79453718407182,19.8680208556683,30.2120935383165,1.43119965723263,57.53,57.9103106103553,11.2989947089947,7.36552036092215,-0.883564814814815,-1.69349017384732,-4.04858087679516,-3.03252314814815,0.0,0.658690585407907,60,3,1289,3347,7.01,533.1,1034.3,2132.3,184.9,2.39,1.88,1.14,0.995,71.1,2499,122.4,403,298,2.0,2.43
5830,C8H8O3_2,2MethoxybenzoicacidCH3OC6H4COOH,Nd+++,KCl   ,0,3.61917017380371,523.950935167277,14.9556654467005,13.2247448713916,5.22474487139159,8.59724143198901,6.47474487139159,2.56649658092773,1.59364369641316,1.59364369641316,0.959279326771846,0.959279326771846,0.52130633005259,0.52130633005259,48.4898959024685,4.79453718407182,9.84567114490726,11.0265095504242,152.047344116,1.54545454545455,2.36363636363636,3.09090909090909,0.125,-1.51,11,144.085,2.23615536248599,3.0531381005525,1.49037050913957,75.5570226895066,11.3353949357521,0.49585560096252,11.3353949357521,0.338977305358417,0.758536470143613,0.338977305358417,-3.01857048374906,-0.49585560096252,1.3934,39.9533,152.149,1,3,3,1,3,3,58,9.84567114490726,11.3129633249809,0.0,0.0,5.96930528795185,0.0,12.0848374153266,12.0848374153266,0.0,16.6332623520741,1,24.2355182221706,5.96930528795185,1.43119965723263,0.0,0.0,7.03795245888259,29.7331263223502,4.73686295380005,18.1160659379416,0.0,19.9532985689604,24.1696748306532,1.43119965723263,46.53,61.315511148904,11.3353949357521,3.62162509448224,-0.83599537037037,-2.31064814814815,-3.19065051020408,0.0,0.0,0.696128834772159,60,3,1289,3347,7.01,533.1,1034.3,2132.3,184.9,2.39,1.88,1.14,0.995,71.1,1984,74.6,1043,298,0.1,1.24
5839,C8H8O3_3,3MethoxybenzoicacidCH3OC6H4COOH,Nd+++,NaClO4,0,3.56537933975506,523.950935167277,14.9556654467005,13.2247448713916,5.22474487139159,8.59724143198901,6.47474487139159,2.56649658092773,1.59364369641316,1.59364369641316,0.908248290463863,0.908248290463863,0.479639663385923,0.479639663385923,48.4898959024685,4.79453718407182,9.84567114490726,11.0265095504242,152.047344116,1.54545454545455,2.45454545454545,3.18181818181818,0.125,-1.51,11,144.085,2.23615536248599,3.0531381005525,1.70317907545291,75.5570226895065,11.2459873393802,0.496741215646669,11.2459873393802,0.335317840606975,0.795694444444444,0.335317840606975,-2.98241744614512,-0.496741215646669,1.3934,39.9533,152.149,1,3,3,1,3,3,58,9.84567114490726,5.74951183328391,0.0,0.0,5.96930528795185,0.0,6.0424187076633,18.1272561229899,0.0,22.1967138437711,1,24.2355182221706,5.96930528795185,1.43119965723263,0.0,0.0,7.03795245888259,29.7331263223502,4.73686295380005,18.1160659379417,0.0,19.9532985689604,24.1696748306532,1.43119965723263,46.53,61.3473028864324,11.2459873393802,3.60823436318972,-0.796064814814814,-2.23584089191232,-3.27053476946334,0.0,0.0,0.696128834772159,60,3,1289,3347,7.01,533.1,1034.3,2132.3,184.9,2.39,1.88,1.14,0.995,71.1,2499,122.4,403,298,0.1,2.12
5851,C8H8O3_4,4MethoxybenzoicacidCH3OC6H4COOH,Nd+++,NaClO4,0,3.51942334683087,494.700935167277,14.9556654467005,13.2247448713916,5.22474487139159,8.59724143198901,6.47474487139159,2.56649658092773,1.59364369641316,1.59364369641316,0.908248290463863,0.908248290463863,0.454124145231932,0.454124145231932,48.4898959024685,4.79453718407182,9.84567114490726,11.0265095504242,152.047344116,1.54545454545455,2.27272727272727,2.81818181818182,0.125,-1.51,11,144.085,2.23615536248599,3.0531381005525,1.70317907545291,75.5570226895065,11.1877538029101,0.496767752160142,11.1877538029101,0.335182861542076,0.761211262282691,0.335182861542076,-2.95642006802721,-0.496767752160142,1.3934,39.9533,152.149,1,3,3,1,3,3,58,9.84567114490726,5.74951183328391,0.0,0.0,5.96930528795185,0.0,0.0,24.1696748306532,0.0,22.1967138437711,1,24.2355182221706,5.96930528795185,1.43119965723263,0.0,0.0,7.03795245888259,29.7331263223502,4.73686295380005,18.1160659379417,0.0,19.9532985689604,24.1696748306532,1.43119965723263,46.53,61.3601710128496,11.1877538029101,3.60117476851852,-0.761211262282691,-2.17225529100529,-3.34254629629629,0.0,0.0,0.696128834772159,60,3,1289,3347,7.01,533.1,1034.3,2132.3,184.9,2.39,1.88,1.14,0.995,71.1,2499,122.4,403,298,0.1,2.18
5857,C8H8O3_5,3MethoxysalicylaldehydeCH3OC6H3OHCHO,Nd+++,NaNO3 ,0,3.65786139489676,523.950935167277,14.9556654467005,13.2247448713916,5.22474487139159,8.59724143198901,6.47474487139159,2.56649658092773,1.61237243569579,1.61237243569579,1.00094599343851,1.00094599343851,0.52130633005259,0.52130633005259,48.4898959024685,4.79453718407182,9.84567114490726,11.0265095504242,152.047344116,1.63636363636364,2.54545454545455,3.18181818181818,0.125,-1.51,11,144.085,2.23615536248599,3.0531381005525,1.3150908998636,75.5570226895066,11.0698762282691,0.50376121323332,11.0698762282691,0.293317156581308,0.795694444444444,0.293317156581308,-2.99860260770975,-0.50376121323332,1.2133,40.0463,152.149,1,3,3,1,3,4,58,9.84567114490726,1.37075855617022,17.761235828899,0.0,0.0,4.79453718407182,6.0424187076633,12.0848374153266,0.0,20.8259552876009,1,24.2355182221706,6.26221216233124,1.43119965723263,0.0,0.0,7.03795245888259,23.6907076146869,4.73686295380005,19.8401724695537,0.0,19.9532985689604,18.1272561229899,0.0,46.53,61.1589729780801,11.0698762282691,4.01115740740741,-0.796064814814815,-1.67247685185185,-2.40817885487528,-1.44801681783825,0.0,0.647743857445378,60,3,1289,3347,7.01,533.1,1034.3,2132.3,184.9,2.39,1.88,1.14,0.995,71.1,2257,85.0,581,298,0.1,4.55
5862,C8H8O9,Tetrahydrofuran2345tetracarboxylicacid,Nd+++,NaClO4,0,3.97154806495508,578.726647915086,19.8449349826912,15.6742346141748,7.67423461417477,11.3826286829259,7.42423461417477,3.79124145231932,2.66014027734089,2.66014027734089,1.68728739282632,1.68728739282632,1.10816324759439,1.10816324759439,47.8251725764335,19.1781487362873,25.1720957182289,11.2078328536114,248.016831836,0.823529411764706,1.17647058823529,1.47058823529412,0.5,-2.16,17,240.079,5.44896328989299,4.37395125152972,2.1789228701421,104.811028347394,11.8689871504157,0.480921738294446,11.8689871504157,0.333297817472701,2.25535997732426,0.333297817472701,-4.07543981481482,-0.480921738294446,-1.6754,46.1842,248.143,4,9,9,4,9,4,94,25.1720957182289,11.7879153707262,12.1600360539,0.0,23.8772211518074,9.58907436814364,0.0,0.0,2.74151711234044,2.74151711234044,1,49.8332786791971,23.8772211518074,5.72479862893054,0.0,12.1600360539,0.0,0.0,0.0,56.4724899701362,23.9150116900873,5.48303422468088,0.0,5.72479862893054,158.43,61.7030730347695,47.1247193877551,13.5858801020408,0.0,-17.3278854875284,0.0,-7.91912037037037,0.0,0.455463650641443,60,3,1289,3347,7.01,533.1,1034.3,2132.3,184.9,2.39,1.88,1.14,0.995,71.1,2499,122.4,403,298,0.1,9.47
5870,C8H9N3O2,AcylnicotinoylhydrazideC5H4NCONHNHCOCH3,Nd+++,NaClO4,0,3.22499662638914,632.268100459967,17.4032592038932,15.1581373674276,6.1581373674276,9.89064053570622,7.3971026724637,3.00267548146378,1.77071532544193,1.77071532544193,0.912523626771202,0.912523626771202,0.472318068460991,0.472318068460991,59.4979631974367,9.58907436814364,4.98397852094721,12.4189940498479,179.069476528,1.46153846153846,2.30769230769231,3.07692307692308,0.125,-1.91,13,170.107,2.79739635800173,4.19949381976657,2.90007834152584,87.8996297971589,11.9390060468632,0.273600488368771,11.9390060468632,0.270747503331354,0.467405045351474,0.270747503331354,-3.26509065045771,-0.273600488368771,-0.1375,45.5199,179.179,2,5,3,2,5,2,68,0.0,0.0,2.8236841566564,5.90717972935151,0.0,25.4106851818757,0.0,12.0848374153266,23.3099582074359,11.0464857163779,1,22.0080684179916,11.814359458703,0.0,15.8216108137321,6.85189211729568,0.0,29.9940793286531,10.8376322927849,16.7983379796502,4.79453718407182,26.805190686256,24.4306278369561,0.0,71.09,64.3415827087008,26.466892334866,0.0,-1.91324640967498,-3.4086305324599,-1.67276742409927,-1.63207336020828,-3.26509065045771,0.589387196111398,60,3,1289,3347,7.01,533.1,1034.3,2132.3,184.9,2.39,1.88,1.14,0.995,71.1,2499,122.4,403,298,0.1,12.9
5882,C8H9NO2_1,PhenylacetohydroxamicacidC6H5CH2CONHOH,Nd+++,KNO3  ,0,3.58188921007269,532.363908469785,15.8259089347036,14.2637101764277,5.26371017642768,9.06749055850075,6.96576701478079,2.61030512881697,1.52143965732601,1.52143965732601,0.814844081829238,0.814844081829238,0.44225450897486,0.44225450897486,53.5287710080976,4.79453718407182,5.2095338210438,12.4383516287524,151.063328528,1.63636363636364,2.27272727272727,2.90909090909091,0.125,-1.35,11,142.093,2.07587814186834,3.72981359023007,2.39044275023825,77.4104052754919,11.5906613756614,0.288626102125266,11.5906613756614,0.247249617861289,0.485391628873771,0.247249617861289,-3.11481481481482,-0.288626102125266,0.7345,40.0752,151.165,2,3,2,2,3,3,58,0.0,0.0,1.4118420783282,7.33837938658414,0.0,10.0040710051156,30.2120935383165,5.563451491697,2.74151711234044,13.2267176821805,1,22.442422633868,5.90717972935151,0.0,5.47312134740325,6.37292490132938,0.0,35.7755450300135,5.47312134740325,11.1167135503953,11.1674620854012,15.1587613848885,30.2120935383165,0.0,49.33,65.6688152452339,11.5906613756614,3.49095497921391,-1.39946570294785,-1.68886054421769,-4.13062387146216,-3.11481481481482,0.0,0.48335843460036,60,3,1289,3347,7.01,533.1,1034.3,2132.3,184.9,2.39,1.88,1.14,0.995,71.1,2109,101.1,607,303,0.1,5.69
5888,C8H9NO2_2,3Methyl2aminobenzoicacidCH3C6H3NH2COOH,Nd+++,NaNO3 ,0,3.9434150314882,554.104133465458,15.8259089347036,14.2637101764277,5.26371017642768,9.03479848804965,6.93453056967762,2.63185508821384,1.76106427631524,1.76106427631524,1.05273094298191,1.05273094298191,0.547357318512224,0.547357318512224,47.762742786315,4.79453718407182,5.10880819110721,12.4794351509104,151.063328528,1.81818181818182,2.72727272727273,3.36363636363636,0.125,-1.51,11,142.093,2.00081885140434,2.61726336560976,1.3150908998636,77.3044519216569,11.4509504913076,0.477583446526921,11.4509504913076,0.337300201742008,0.246550925925926,0.337300201742008,-2.97884542705971,-0.477583446526921,1.27542,42.5507,151.165,3,3,3,2,3,3,58,10.8285251668335,0.0,2.8236841566564,0.0,5.96930528795185,0.0,12.0848374153266,18.457762316656,9.79966194319422,9.67572716020766,1,20.9515808688568,11.6566915626354,1.43119965723263,0.0,6.85189211729568,5.71971697572627,29.2541591063839,5.71971697572627,11.0781134790591,0.0,24.1459915044871,18.1272561229899,1.43119965723263,63.32,65.2727461262283,11.4509504913076,3.63995842781557,-2.87685185185185,-1.47824074074074,-2.6130503590325,0.0,-2.97884542705971,0.593975475732965,60,3,1289,3347,7.01,533.1,1034.3,2132.3,184.9,2.39,1.88,1.14,0.995,71.1,2257,85.0,581,298,0.1,5.1
5891,C8H9NO2S,4AminophenylthioethanoicacidH2NC6H4SCH2COOH,Nd+++,KNO3  ,0,3.4342366429665,550.351458300594,16.5330157158901,14.6719584668915,6.48845504781927,9.54061710496308,7.09277886014149,3.60659995960543,1.66931256677911,2.48580914770683,0.825291913748237,1.50226894349473,0.43816147502811,0.827681026209341,46.4268067539565,4.79453718407182,5.10880819110721,12.4794351509104,183.035399528,1.75,2.5,3.08333333333333,0.125,-1.16,12,174.16,2.66646657127992,4.0144628955194,2.83669217147249,87.4275619470221,11.1155388636936,0.480613863231592,11.1155388636936,0.313325162912893,0.063387188208617,0.313325162912893,-2.78237788170824,-0.480613863231592,1.4455,49.2142,183.232,3,3,4,2,4,4,64,10.8285251668335,0.0,2.8236841566564,0.0,5.96930528795185,4.79453718407182,0.0,24.1696748306532,10.5828697502013,13.9295082221715,1,20.9515808688568,23.4185765120265,1.43119965723263,0.0,4.89548347551778,11.4246738608764,24.1696748306532,5.71971697572627,16.7830703642092,4.79453718407182,8.22455133702132,29.065158306171,1.43119965723263,63.32,65.8578362780297,10.6349833081381,3.52019109032502,-3.4629165616864,-1.55921542999916,-2.80426587301587,0.0,0.0,0.5495537293106,60,3,1289,3347,7.01,533.1,1034.3,2132.3,184.9,2.39,1.88,1.14,0.995,71.1,2109,101.1,607,298,0.05,3.5
5900,C9H10O2,3PhenylpropanoicacidC6H5CH2CH2COOH,Nd+++,NaClO4,0,3.71211040616556,567.676546166033,16.7485586655139,15.3164965809277,5.31649658092773,9.40680695597779,7.56649658092773,2.65824829046386,1.53745747856526,1.53745747856526,0.789562072615966,0.789562072615966,0.426031036307983,0.426031036307983,54.4907001206241,4.79453718407182,5.10880819110721,13.7680266627646,150.06807956,1.45454545454545,2.09090909090909,2.72727272727273,0.222222222222222,-1.31,11,140.097,1.88743453699947,3.7604813030666,2.84605304117416,79.6183605747319,11.2349601599899,0.481221934410828,11.2349601599899,0.303177762695826,0.770204370328378,0.303177762695826,-3.41391487150416,-0.481221934410828,1.7038,42.3988,150.177,1,2,2,1,2,3,58,5.10880819110721,0.0,0.0,0.0,5.96930528795185,4.79453718407182,30.2120935383165,11.9363763930264,11.8559591260103,6.8537927808511,1,22.240172380711,5.96930528795185,1.43119965723263,0.0,12.7458498026588,0.0,35.7755450300135,0.0,11.0781134790591,11.1674620854012,24.2732033985583,30.2120935383165,1.43119965723263,37.3,74.0085706937096,11.2349601599899,3.42961238662132,-1.01027777777778,-1.87563775510204,-4.41359061371462,-6.70697042705971,0.0,0.711643029820224,60,3,1289,3347,7.01,533.1,1034.3,2132.3,184.9,2.39,1.88,1.14,0.995,71.1,2499,122.4,403,298,0.1,2.16
5913,C9H10O3_1,2Hydroxy2phenylpropanoicacidCH3COHC6H5COOH,Nd+++,NaClO4,0,3.99135459160233,583.635480313468,17.4556654467005,15.7247448713916,5.72474487139159,9.96746712775762,7.67886901662352,2.86237243569579,1.96864369641316,1.96864369641316,1.13951955118123,1.13951955118123,0.528093108923949,0.528093108923949,54.1977932462447,4.79453718407182,10.2176163822144,13.828467763827,166.06299418,1.41666666666667,2.08333333333333,2.58333333333333,0.222222222222222,-1.35,12,156.096,2.32575585247026,2.94802284396084,1.45539643065069,84.4992645850551,11.7733697089947,0.47885893872441,11.7733697089947,0.339594965548039,0.817209939531368,0.339594965548039,-3.47132227891157,-0.47885893872441,0.9787,43.6486,166.176,2,3,3,2,3,4,64,10.2176163822144,0.0,5.60105081098369,1.43119965723263,5.96930528795185,0.0,30.2120935383165,12.4153436089927,4.11227566851066,6.8537927808511,1,25.978222015648,5.96930528795185,2.86239931446527,0.0,12.4529429282794,0.0,35.7755450300135,0.0,17.6181213273989,10.3955879950555,23.3814120583544,30.2120935383165,1.43119965723263,57.53,73.3833534108088,11.7733697089947,7.55531202758881,-4.4369212962963,-1.90182350718065,-4.73530139833711,0.0,-3.47132227891157,0.68806753860733,60,3,1289,3347,7.01,533.1,1034.3,2132.3,184.9,2.39,1.88,1.14,0.995,71.1,2499,122.4,403,298,1.0,2.55
5926,C9H10O3_2,2Methoxy2phenylethanoicacidC6H5CHOCH3COOH,Nd+++,NaClO4,0,3.75067347707347,583.635480313468,17.4556654467005,15.7247448713916,5.72474487139159,9.86391373716434,7.72474487139159,2.81649658092773,1.71864369641316,1.71864369641316,1.01451955118123,1.01451955118123,0.558290811898598,0.558290811898598,54.8628208037979,4.79453718407182,9.84567114490726,13.7680266627646,166.06299418,1.41666666666667,2.08333333333333,2.66666666666667,0.222222222222222,-1.35,12,156.096,2.32575585247026,3.87520092849763,1.82604090577064,84.7319058042388,11.6156613756614,0.479059475830295,11.6156613756614,0.336983756469138,0.797014361300076,0.336983756469138,-3.32059819066516,-0.479059475830295,1.4587,43.8278,166.176,1,3,3,1,3,4,64,9.84567114490726,0.0,6.08001802694999,0.0,5.96930528795185,0.0,30.2120935383165,5.563451491697,7.03795245888259,12.336827005532,1,26.9770353345111,5.96930528795185,1.43119965723263,0.0,6.08001802694999,7.03795245888259,35.7755450300135,0.0,18.1160659379416,9.53140013787187,23.980296524179,30.2120935383165,1.43119965723263,46.53,77.1343597647392,11.6156613756614,3.54821593915344,-1.04918981481481,-1.85911517384732,-4.58368575207861,-3.31898148148148,0.0,0.738921924987344,60,3,1289,3347,7.01,533.1,1034.3,2132.3,184.9,2.39,1.88,1.14,0.995,71.1,2499,122.4,403,298,0.1,2.16
5938,C9H10O3_3,2Phenyl3hydroxypropanoicacidHOCH2CHCOOHC6H5,Nd+++,NaClO4,0,3.92029244096897,589.145255317795,17.4556654467005,15.7247448713916,5.72474487139159,9.96746712775761,7.67886901662352,2.86237243569579,1.76451955118123,1.76451955118123,1.0561862178479,1.0561862178479,0.569759775590615,0.569759775590615,54.1977932462447,4.79453718407182,10.2176163822144,13.828467763827,166.06299418,1.41666666666667,2.08333333333333,2.66666666666667,0.222222222222222,-1.35,12,156.096,2.32575585247026,3.87520092849763,1.82604090577064,84.4992645850551,11.7151752645503,0.480716944280246,11.7151752645503,0.312834419761556,0.812320483749055,0.312834419761556,-3.4452806122449,-0.480716944280246,0.8471,43.9046,166.176,2,3,3,2,3,4,64,10.2176163822144,5.89395768536308,0.0,1.43119965723263,5.96930528795185,4.79453718407182,30.2120935383165,5.563451491697,1.37075855617022,16.1542951361078,1,25.978222015648,5.96930528795185,2.86239931446527,0.0,5.89395768536308,6.55898524291629,35.7755450300135,0.0,24.1771065703152,4.79453718407182,22.4234776264218,30.2120935383165,1.43119965723263,57.53,73.7233290816327,11.7151752645503,7.2380291005291,-1.08981481481481,-5.27080498866213,-4.70396636432351,0.0,-3.4452806122449,0.699338274563079,60,3,1289,3347,7.01,533.1,1034.3,2132.3,184.9,2.39,1.88,1.14,0.995,71.1,2499,122.4,403,298,0.1,2.23
5951,C9H10O4_1,Bicyclo221hept5en2endo3cisdicarboxylicacid,Nd+++,KCl   ,0,3.07177390676615,628.24288751517,18.2236146391316,16.1329931618555,6.13299316185545,10.2781450917719,8.13299316185545,3.31649658092773,2.57491495713053,2.57491495713053,1.86237243569579,1.86237243569579,1.20201955118123,1.20201955118123,53.9915097107565,9.58907436814364,10.2176163822144,13.828467763827,182.0579088,1.23076923076923,1.84615384615385,2.38461538461538,0.555555555555556,-1.32,13,172.095,2.58999692057893,2.34002716161159,0.854869834384121,89.0920798261718,12.0582700302343,0.480375851663579,12.0582700302343,0.321181829576729,1.21417942176871,0.321181829576729,-3.61469907407407,-0.480375851663579,0.738,43.0586,182.175,2,4,4,2,4,2,70,10.2176163822144,0.0,5.41499046939678,0.0,11.9386105759037,9.58907436814364,12.1041434920711,18.6398074880218,14.1185090223844,2.74151711234044,2,30.7727591997198,11.9386105759037,2.86239931446527,0.0,12.7458498026588,0.0,12.1041434920711,0.0,22.1562269581181,9.58907436814364,23.7119182520205,12.1041434920711,2.86239931446527,74.6,76.5951832955404,24.1165400604686,7.17118291761149,-3.61469907407407,-10.8659259259259,-2.50267479213908,-6.98293981481482,0.0,0.487508893656274,60,3,1289,3347,7.01,533.1,1034.3,2132.3,184.9,2.39,1.88,1.14,0.995,71.1,1984,74.6,1043,303,0.1,4.04
5964,C9H10O4_2,endocisBicyclo2215hepten23dicarboxylicacid,Nd+++,NaClO4,0,3.0409946691084,598.24288751517,18.2236146391316,16.1329931618555,6.13299316185545,10.2781450917719,8.13299316185545,3.31649658092773,2.44991495713053,2.44991495713053,1.72074829046386,1.72074829046386,1.22074829046386,1.22074829046386,53.9915097107565,9.58907436814364,10.2176163822144,13.828467763827,182.0579088,1.23076923076923,1.69230769230769,2.07692307692308,0.555555555555556,-1.32,13,172.095,2.58999692057893,2.58387666071783,1.0502157606335,89.0920798261718,11.9257530234316,0.480990989798172,11.9257530234316,0.307495837248434,1.25133739606954,0.307495837248434,-3.60439814814815,-0.480990989798172,0.5939,42.9886,182.175,2,4,4,2,4,2,70,10.2176163822144,0.0,0.0,0.0,11.9386105759037,9.58907436814364,12.1041434920711,18.1608402720555,8.22455133702132,14.5294324830666,2,30.7727591997198,11.9386105759037,2.86239931446527,0.0,6.37292490132938,0.0,12.1041434920711,0.0,22.1562269581181,9.58907436814364,17.3389933506911,12.1041434920711,2.86239931446527,74.6,76.8226455026455,23.8515060468632,7.12884731670446,0.0,-17.9948148148148,-2.50267479213908,-3.38884259259259,0.0,0.61283583255063,60,3,1289,3347,7.01,533.1,1034.3,2132.3,184.9,2.39,1.88,1.14,0.995,71.1,2499,122.4,403,297,0.1,4.41
5977,C9H10O5_1,1Methylexoexo7oxabicyclo221hept5ene23dicarboxylicacid,Nd+++,KCl   ,0,3.01528761675538,661.594829847141,18.9307214203181,16.5412414523193,6.54124145231932,10.7352518729585,8.29124145231932,3.47474487139159,2.68728739282632,2.68728739282632,1.84458968985167,1.84458968985167,1.30607991426106,1.30607991426106,54.3636303939303,9.58907436814364,10.2176163822144,18.5653307176271,198.05282342,1.5,2.21428571428571,2.85714285714286,0.555555555555556,-1.36,14,188.094,3.06448916488443,2.57088938555857,0.98769475179844,94.2056250556787,12.0413085789871,0.480925103670245,12.0413085789871,0.310274755568997,1.25029572940287,0.310274755568997,-3.67210648148148,-0.480925103670245,0.1153,44.6696,198.174,2,5,5,2,5,3,76,14.9544793360145,11.7879153707262,0.0,0.0,11.9386105759037,9.58907436814364,12.1041434920711,6.85189211729568,6.8537927808511,15.7933445064443,2,35.5096221535199,11.9386105759037,2.86239931446527,0.0,18.5329609552294,0.0,12.1041434920711,0.0,33.8372957960518,14.3259373219437,17.8179605666574,12.1041434920711,2.86239931446527,83.83,80.4709481292517,23.9925661375661,7.15284391534392,-3.39592592592593,-11.3921990740741,-2.54329979213908,-3.29905092592593,-3.56921579743008,0.615273032754999,60,3,1289,3347,7.01,533.1,1034.3,2132.3,184.9,2.39,1.88,1.14,0.995,71.1,1984,74.6,1043,303,0.1,5.08
5990,C9H10O5_2,1Methyl7oxabicyclo221hept5en2exo3cisdicarboxylicacid,Nd+++,KCl   ,0,3.01358624907511,639.594829847141,18.9307214203181,16.5412414523193,6.54124145231932,10.7352518729585,8.29124145231932,3.47474487139159,2.81228739282633,2.81228739282633,1.92371383508361,1.92371383508361,1.26757013867044,1.26757013867044,54.3636303939303,9.58907436814364,10.2176163822144,18.5653307176271,198.05282342,1.57142857142857,2.28571428571429,2.78571428571429,0.555555555555556,-1.36,14,188.094,3.06448916488443,2.35798637773025,0.873743024342518,94.2056250556787,12.0837745653817,0.480307658535667,12.0837745653817,0.323752811539429,1.25584608843537,0.323752811539429,-3.66180555555556,-0.480307658535667,0.2594,44.7396,198.174,2,5,5,2,5,3,76,14.9544793360145,6.08001802694999,5.41499046939678,0.0,11.9386105759037,9.58907436814364,12.1041434920711,6.85189211729568,13.2267176821805,9.71332647949435,2,35.5096221535199,11.9386105759037,2.86239931446527,0.0,24.9058858565587,0.0,12.1041434920711,0.0,33.8372957960518,14.3259373219437,24.1908854679868,12.1041434920711,2.86239931446527,83.83,80.2579459561602,24.1675491307634,7.18250944822373,-6.9437037037037,-4.16087962962963,-2.54329979213908,-7.02465277777778,-3.51880196523054,0.490786659566406,60,3,1289,3347,7.01,533.1,1034.3,2132.3,184.9,2.39,1.88,1.14,0.995,71.1,1984,74.6,1043,303,0.1,5.08
6001,C9H10O8,cis1234CyclopentanetetracarboxylicacidC5H6COOH4,Nd+++,NaClO4,0,4.28513022003832,646.159152031358,21.6378282015047,17.7659863237109,7.76598632371091,12.1755219017394,8.51598632371091,3.88299316185545,2.77482991426106,2.77482991426106,1.81649658092773,1.81649658092773,1.21443450831176,1.21443450831176,53.8259767945891,19.1781487362873,20.4352327644288,13.9493499659519,246.03756728,0.705882352941176,1.0,1.29411764705882,0.555555555555556,-2.12,17,236.091,4.63106750343772,4.39854613917551,2.19412396574249,108.872366232619,12.0700982615268,0.481006626034964,12.0700982615268,0.307782493446394,2.42202664399093,0.307782493446394,-4.29418981481482,-0.481006626034964,-0.806699999999998,49.1202,246.171,4,8,8,4,8,4,94,20.4352327644288,0.0,0.0,0.0,23.8772211518074,19.1781487362873,0.0,6.37292490132938,8.22455133702132,23.5758307414523,1,47.8379328377375,23.8772211518074,5.72479862893054,0.0,6.37292490132938,0.0,0.0,0.0,44.3124539162363,19.1781487362873,14.5974762383507,0.0,5.72479862893054,149.2,74.1796934051398,48.1281916099773,13.6404634353742,0.0,-26.811589191232,0.0,-4.22009259259259,0.0,0.502782423076943,60,3,1289,3347,7.01,533.1,1034.3,2132.3,184.9,2.39,1.88,1.14,0.995,71.1,2499,122.4,403,303,0.2,10.1
6012,C9H11NO2,2Amino3phenylpropanoicacidH2NCHCH2C6H5COOH,Nd+++,KNO3  ,0,3.83366695667726,619.86971285336,18.3259089347036,16.7637101764277,5.76371017642768,10.3501826289519,8.18453056967762,2.88185508821384,1.76106427631524,1.76106427631524,0.936750864970988,0.936750864970988,0.481932735745478,0.481932735745478,59.8553846633706,4.79453718407182,5.10880819110721,15.2209522632508,165.078978592,1.58333333333333,2.25,2.83333333333333,0.222222222222222,-1.35,12,154.104,2.11586733088341,3.87520092849763,2.35865123647334,86.4793350363891,11.5824601599899,0.480077700203442,11.5824601599899,0.32031550163956,0.689882369614513,0.32031550163956,-3.49724820483749,-0.480077700203442,0.641,45.7572,165.192,3,3,3,2,3,4,64,10.8285251668335,8.84157662500605,0.0,0.0,5.96930528795185,4.79453718407182,30.2120935383165,11.9363763930264,2.74151711234044,8.22455133702132,1,23.6930979811972,5.96930528795185,1.43119965723263,0.0,12.390817369679,0.0,35.7755450300135,5.71971697572627,17.0960059474087,11.1674620854012,16.5295199410588,30.2120935383165,1.43119965723263,63.32,81.943457787436,11.5824601599899,3.49711238662131,-1.77932681405896,-1.95897108843537,-8.18959354266398,-3.42847222222222,0.0,0.690462799002939,60,3,1289,3347,7.01,533.1,1034.3,2132.3,184.9,2.39,1.88,1.14,0.995,71.1,2109,101.1,607,308,0.1,4.89
6038,C9H12N2O10,23DiaminopropanoicNNdi13propanedioicacidHOOC2CHNHCHCOOHCH2NHCHCOOH2,Nd+++,KNO3  ,0,7.24391386766269,782.60466566202,26.5769857902601,21.4769100956385,9.47691009563855,14.9663034539328,9.87133728663846,4.43566864331923,2.81851798270123,2.81851798270123,1.46395942316743,1.46395942316743,0.686183893450482,0.686183893450482,65.0166902357009,23.9726859203591,25.5440409555361,16.8334752236707,308.049194584,0.761904761904762,1.14285714285714,1.52380952380952,0.444444444444444,-2.73,21,296.103,6.36030259022386,7.76118241103341,5.83512637280074,132.946402128544,12.1427340010078,0.480043947083211,12.1427340010078,0.33193557230385,1.29396352985639,0.33193557230385,-4.58576955782313,-0.480043947083211,-3.3056,60.6814,308.199,7,12,12,7,12,10,118,25.5440409555361,8.84157662500605,0.0,12.0357849366993,29.8465264397592,15.4141638906486,0.0,0.0,9.23837679665639,4.11227566851066,0,59.1942038134027,29.8465264397592,7.15599828616317,10.6196267065768,18.0536774050489,6.49685968431595,0.0,10.6196267065768,79.9411044846602,23.9726859203591,6.8537927808511,0.0,7.15599828616317,210.56,86.9818498711085,59.2182364860035,13.9188096704348,0.0,-12.57192276602,-13.1381712962963,0.0,-4.57546863189721,0.197641936124001,60,3,1289,3347,7.01,533.1,1034.3,2132.3,184.9,2.39,1.88,1.14,0.995,71.1,2109,101.1,607,293,0.1,11.85
6048,C9H12N2O6,Uracil1betaDribofuranoside,Nd+++,KNO3  ,0,2.87131088112511,782.960069193728,22.7925287398839,19.8439169337831,7.8439169337831,13.064513777069,9.71886147226496,4.04690300537342,2.7683928899547,2.7683928899547,1.76433899691657,1.76433899691657,1.05798400068713,1.05798400068713,65.3790877345889,9.58907436814364,15.3264245733216,21.4083724531879,244.069536104,1.58823529411765,2.41176470588235,3.11764705882353,0.555555555555556,-1.48,17,232.107,4.02277652649945,4.41447506313719,2.02566327373391,113.264222552387,12.3509505700428,0.393566853887766,12.3509505700428,0.330035385522954,0.398909674981104,0.330035385522954,-3.86225434618292,-0.393566853887766,-2.5091,52.2781,244.203,4,8,6,4,8,5,94,20.0632875271217,18.24005408085,7.61579488826476,4.2935989716979,6.03111451233807,15.0042602682107,0.0,0.0,12.2280782750577,17.525053692278,2,42.0302724229553,11.9382942416896,4.2935989716979,10.2097230841389,24.4440068907865,6.55898524291629,12.2280782750577,5.30981335328838,67.4612196512624,9.53140013787187,10.9660684493618,12.2280782750577,0.0,119.33,95.891153320118,23.5849286327249,10.9708214968086,0.0,-1.6147631776476,-3.28206567040396,-16.8778871409675,-3.75552079396573,0.443510591273159,60,3,1289,3347,7.01,533.1,1034.3,2132.3,184.9,2.39,1.88,1.14,0.995,71.1,2109,101.1,607,308,0.1,4.57
6060,C9H13N3O5,CytidineCytosine1betaDribofuranoside,Nd+++,KNO3  ,0,2.81211490653382,811.114964236539,23.4996355210705,20.8828822388192,7.88288223881919,13.5476770246634,10.185557720283,4.06638565789146,2.78684712329619,2.78684712329619,1.77356611358731,1.77356611358731,1.06388900742025,1.06388900742025,55.0978047068559,4.79453718407182,20.3188293059573,22.8202145315161,243.085520516,1.76470588235294,2.64705882352941,3.35294117647059,0.555555555555556,-1.48,17,230.115,3.75484698261617,4.41447506313719,2.02566327373391,115.251078584015,12.4259505700428,0.393566853887659,12.4259505700428,0.351212693833089,0.289187452758881,0.351212693833089,-3.82175276360544,-0.393566853887659,-2.2681,55.7578,243.219,5,8,6,4,8,5,94,25.783004502848,24.0756738666072,9.02763696659296,4.2935989716979,6.03111451233807,4.89990973085048,0.0,6.05207174603557,6.17600652902213,17.525053692278,2,38.6475773172117,11.8667342980953,4.2935989716979,4.89990973085048,24.4440068907865,6.55898524291629,12.2280782750577,5.71971697572627,67.3896597076682,4.73686295380005,10.9660684493618,17.2204830076934,0.0,128.61,103.541907824877,15.2416491874528,11.6082133250581,-0.309310111785761,-0.985133548017972,-2.87975085558915,-16.5703023431595,-3.73060681216931,0.448930489231489,60,3,1289,3347,7.01,533.1,1034.3,2132.3,184.9,2.39,1.88,1.14,0.995,71.1,2109,101.1,607,308,0.1,2.43
6075,C9H13NO6,26DicarboxypiperidylNethanoicacid,Nd+++,KNO3  ,0,4.2748138774078,685.56350397858,23.4307214203181,20.3967033382831,7.39670333828314,12.810166830089,9.87031013603312,3.64556526464153,2.38179962669571,2.38179962669571,1.39880581723445,1.39880581723445,0.860985247431012,0.860985247431012,60.4592449197094,14.3836115522155,15.3264245733216,18.0011845334001,231.074287136,1.125,1.6875,2.125,0.666666666666667,-1.63,16,218.1,3.42901976046729,4.93047485774343,2.6926479208765,109.804685292959,12.1537722033258,0.480285322928099,12.1537722033258,0.320453148693752,1.01493055555556,0.320453148693752,-4.30805555555556,-0.480285322928099,-0.536699999999999,51.0404,231.204,3,7,7,3,7,4,90,15.3264245733216,12.0357849366993,0.0,0.0,17.9079158638556,19.2835212830659,0.0,19.1187747039881,8.22455133702132,11.9798939089968,1,43.4176216872393,17.9079158638556,4.2935989716979,4.89990973085048,31.1545596406874,6.49685968431595,0.0,0.0,56.6668947890429,14.3836115522155,32.8263602656903,0.0,4.2935989716979,115.14,98.3733428996599,35.076546201814,10.2413378684807,0.0,-7.29977324263038,-8.61611111111111,-12.5579120606576,-4.21743055555556,0.594828074093479,60,3,1289,3347,7.01,533.1,1034.3,2132.3,184.9,2.39,1.88,1.14,0.995,71.1,2109,101.1,607,298,0.1,10.18
6085,C9H14O7P2,Hydroxy4methylbenzene26dimethylphosphonicacid,Nd+++,NaClO4,0,4.46254530709592,883.84852722473,25.4996355210705,22.252165224247,10.0410196062468,14.3787217009334,10.5380243080615,7.0821002767628,2.92266709598704,5.35975299749724,1.45159222173449,2.44652837473962,0.95108926039432,1.81370570856699,68.7961471063155,9.13009656986266,24.6915777871831,19.4928252916952,296.021476048,1.0,1.5,1.83333333333333,0.333333333333333,-0.68,18,282.04,4.70267201009968,5.13187766485383,4.9002405356773,123.526217349348,12.4694135408793,0.50734668160529,12.4694135408793,0.329554022914637,1.43141439909297,0.329554022914637,-5.57663377722488,-0.50734668160529,1.05602,64.34,296.152,5,7,7,5,9,10,102,24.6915777871831,5.74951183328391,0.0,5.72479862893054,15.1915246535758,9.13009656986266,17.6482889070236,6.85189211729568,20.7222128765855,14.969543724083,1,46.1585013625778,15.1915246535758,7.15599828616317,0.0,19.0799187290383,0.0,28.7751918904176,0.0,31.8475760733463,21.3581231816052,29.027181480623,12.0848374153266,0.0,135.29,129.762894822023,14.5072507243638,4.08381613756614,-4.60207262534643,-1.56328703703704,-2.991590765936,-7.70212506298816,-3.48050752708491,0.523930114112732,60,3,1289,3347,7.01,533.1,1034.3,2132.3,184.9,2.39,1.88,1.14,0.995,71.1,2499,122.4,403,298,0.1,12.0
6094,C9H15NO6,2AminopentanoicNNdiethanoicacidC3H7CCOOHNCH2COOH2,Nd+++,KNO3  ,0,7.63335177342722,694.254723139253,25.4307214203181,22.3967033382831,7.39670333828314,13.560166830089,10.6203101360331,3.39556526464153,2.01999622782072,2.01999622782072,1.004038646306,1.004038646306,0.579749112810545,0.579749112810545,61.417179351642,14.3836115522155,15.3264245733216,20.7427016457405,233.0899372,1.0,1.5625,2.0,0.666666666666667,-1.63,16,218.1,3.19154455034181,6.78064753084763,5.30018455379861,113.620457446824,12.2501440854119,0.48028542268598,12.2501440854119,0.32044451765544,1.27659722222222,0.32044451765544,-4.69243055555556,-0.48028542268598,-0.289099999999999,53.1764,233.22,3,7,7,3,7,9,92,15.3264245733216,6.01789246834965,0.0,0.0,17.9079158638556,19.2835212830659,13.2248170186251,6.37292490132938,9.59530989319154,19.847512149483,0,46.1591387995798,17.9079158638556,4.2935989716979,4.89990973085048,25.6156343883041,12.9937193686319,0.0,0.0,57.1458620050092,14.3836115522155,36.0468445939971,0.0,4.2935989716979,115.14,110.601762329932,34.4976485733182,9.96331986961451,0.0,-7.66986252834467,-4.69243055555556,-8.91191822562358,-12.7885194633409,0.527232002448009,60,3,1289,3347,7.01,533.1,1034.3,2132.3,184.9,2.39,1.88,1.14,0.995,71.1,2109,101.1,607,293,0.1,10.58
6106,C9H16N2O6,NMethyldiaminoethaneNNNtriethanoicacidHOOCCH2NCH3CH2CH2NCH2COOH2,Nd+++,NaClO4,0,7.38750889030105,740.053401278184,27.0080716895078,23.8439169337831,7.84391693378309,14.4261922338734,11.2911305292831,3.56638565789146,2.09220982332068,2.09220982332068,0.882878273127531,0.882878273127531,0.485664677627573,0.485664677627573,67.1678606474185,14.3836115522155,15.3264245733216,22.1134602019108,248.100836232,0.882352941176471,1.29411764705882,1.70588235294118,0.666666666666667,-1.67,17,232.107,3.42207650888039,7.57847041077845,9.27017715924801,120.785261617195,11.7455725816625,0.480285930801639,11.7455725816625,0.317218118962999,1.16558390022676,0.317218118962999,-4.63250283446712,-0.480285930801639,-1.526,56.8444,248.235,3,8,8,3,8,10,98,15.3264245733216,0.0,0.0,0.0,17.9079158638556,24.1834310139164,0.0,6.97582690028225,22.5890292618234,27.7151303899692,0,47.52989735575,17.9079158638556,4.2935989716979,9.79981946170096,0.0,39.460125321862,0.0,0.0,82.4942852207401,14.3836115522155,17.8198612302129,0.0,4.2935989716979,118.38,118.867843554854,32.7340158085094,9.9108260842726,0.0,-7.31695273788528,0.0,0.0,-26.1957327097506,0.449645776103615,60,3,1289,3347,7.01,533.1,1034.3,2132.3,184.9,2.39,1.88,1.14,0.995,71.1,2499,122.4,403,298,0.5,12.14
6119,C9H16O4_1,DipropylpropanedioicacidDinpropylmalonicacid,Nd+++,KNO3  ,0,7.70665683226778,589.756325107517,24.0689141007523,22.1329931618555,6.13299316185545,12.4627609508697,10.6329931618555,2.81649658092773,1.82491495713053,1.82491495713053,1.11237243569579,1.11237243569579,0.506207478565265,0.506207478565265,56.5490848852093,9.58907436814364,10.2176163822144,22.0530191008483,188.104858992,1.0,1.46153846153846,1.76923076923077,0.777777777777778,-1.06,13,172.095,1.96899125831056,4.84271483076438,2.43743144861392,100.223168166421,12.3003146258503,0.480392668684547,12.3003146258503,0.320536865779235,2.71666666666667,0.320536865779235,-4.70902777777778,-0.480392668684547,1.7422,47.5206,188.223,2,4,4,2,4,8,76,10.2176163822144,0.0,5.41499046939678,0.0,11.9386105759037,9.58907436814364,26.4496340372501,12.7458498026588,19.1906197863831,0.0,0,38.9973105367412,11.9386105759037,2.86239931446527,0.0,39.1954838399089,0.0,0.0,0.0,22.1562269581181,9.58907436814364,58.386103626292,0.0,2.86239931446527,74.6,117.907671721466,24.6006292517007,6.74654195011338,-4.70902777777778,-5.43333333333333,0.0,-17.9639521919879,-8.06519628684807,0.622432729299394,60,3,1289,3347,7.01,533.1,1034.3,2132.3,184.9,2.39,1.88,1.14,0.995,71.1,2109,101.1,607,298,0.1,4.06
6124,C9H16O4_2,NonanedioicacidHOOCCH27COOH,Nd+++,KNO3  ,0,6.72352313963124,600.775875116171,24.0689141007523,22.1329931618555,6.13299316185545,12.4627609508697,10.6329931618555,2.81649658092773,1.44991495713053,1.44991495713053,0.579124145231932,0.579124145231932,0.258312072615966,0.258312072615966,56.5490848852093,9.58907436814364,10.2176163822144,22.0530191008483,188.104858992,0.923076923076923,1.30769230769231,1.69230769230769,0.777777777777778,-1.06,13,172.095,1.96899125831056,7.58195909755365,10.94,100.223168166421,11.3641609987085,0.481230389785217,11.3641609987085,0.302839556532195,2.30661093244945,0.302839556532195,-4.46000566893424,-0.481230389785217,1.8863,47.5906,188.223,2,4,4,2,4,8,76,10.2176163822144,0.0,0.0,0.0,11.9386105759037,9.58907436814364,19.1187747039881,12.7458498026588,31.9364695890418,0.0,0,38.9973105367412,11.9386105759037,2.86239931446527,0.0,44.6104743093057,0.0,0.0,0.0,22.1562269581181,9.58907436814364,63.8010940956888,0.0,2.86239931446527,74.6,118.49919377218,22.728321997417,6.51888605246966,0.0,-4.6132218648989,0.0,-30.0498466238347,0.0,0.570181594548601,60,3,1289,3347,7.01,533.1,1034.3,2132.3,184.9,2.39,1.88,1.14,0.995,71.1,2109,101.1,607,298,0.1,4.7
6125,C9H17NO5,N24Dihydroxy33dimethylbutyryl3aminopropanoicacid,Nd+++,KCl   ,0,7.30565147946556,704.181487675695,26.3533711511285,23.9884550478193,6.98845504781927,13.9180849598967,11.3897927885512,3.21783432165962,2.12240305857162,2.12240305857162,1.00333988410602,1.00333988410602,0.381887597179311,0.381887597179311,61.8138609300915,9.58907436814364,15.3264245733216,23.525302280239,219.110672644,1.4,2.2,2.73333333333333,0.777777777777778,-1.14,15,202.101,2.57078383651503,5.67084056786077,4.75485973397672,112.116961492759,12.8196986016629,0.481181604739636,12.8196986016629,0.304632891398462,1.26615504535147,0.304632891398462,-4.63482201908541,-0.481181604739636,-1.0433,52.1361,219.237,4,6,5,4,6,10,88,20.63623792661,6.08001802694999,1.4118420783282,8.76957904381677,5.96930528795185,9.58907436814364,13.7037842345914,0.0,25.6194357154149,17.0441858127563,0,44.1472022500064,11.8764850173034,4.2935989716979,5.30981335328838,26.1567271628707,13.0558449272322,0.0,5.30981335328838,49.2011718592725,9.58907436814364,37.8965703661336,0.0,1.43119965723263,106.86,125.840340106339,24.2211998518607,9.18513698341034,-4.61249055177627,-5.09261066232048,0.0,-8.68773573318216,-17.2705066609977,0.45609575214857,60,3,1289,3347,7.01,533.1,1034.3,2132.3,184.9,2.39,1.88,1.14,0.995,71.1,1984,74.6,1043,293,0.5,2.01
6127,C9H5NOCl2,57Dichloro8hydroxyquinoline,Nd+++,NaClO4,0,3.10538864503018,655.423658046974,13.6103659850797,11.1113908319823,7.62324872401918,8.39595326771589,5.68755050420498,4.03523115975957,2.27930221374112,3.03523115975957,1.50132114825848,2.05092841450106,0.932105578287782,1.39570594224854,12.2153139184781,0.0,10.0927867120544,30.1161136623785,212.97481914,1.23076923076923,2.07692307692308,2.84615384615385,0.0,-0.99,13,209.011,4.48838621334745,3.0527500020062,1.32116237344611,91.8450045971043,7.73369614512472,0.504271590012288,7.73369614512472,0.29328882319441,0.019151234567901,0.29328882319441,-0.448459309649786,-0.504271590012288,3.2472,53.4278,214.051,1,2,2,1,4,1,66,5.10880819110721,5.51670071761626,5.74951183328391,0.0,0.0,4.98397852094721,23.201879780465,18.1272561229899,11.5591194252796,15.5283008521635,2,10.5918424157881,34.1048047125461,1.43119965723263,4.98397852094721,0.0,0.0,34.3454179612873,0.0,11.5239863692871,0.0,5.48303422468088,24.3001513338046,10.9029249320811,33.12,37.2234933232552,3.73152777777778,3.90653029730411,-0.067592592592592,-0.24716049382716,-1.0684873393802,-0.448459309649786,0.0,0.729522800154694,60,3,1289,3347,7.01,533.1,1034.3,2132.3,184.9,2.39,1.88,1.14,0.995,71.1,2499,122.4,403,298,1.0,6.6
6144,C9H6NO4BrS,7Bromo8hydroxyquinoline5sulfonicacid,Nd+++,NaClO4,0,3.22904738020625,890.031308275696,16.8174727662663,13.3664195208285,9.76891264087093,10.1679383049009,6.61094070339616,5.99569068248965,2.74856826770037,4.85806311818545,1.76267757980397,3.12723302637434,1.12840748680981,2.27043458982658,44.6999858828208,8.41779698432894,30.5777612799606,8.34543353914615,302.920090772,1.375,2.1875,2.875,0.0,-1.18,16,298.073,5.94504022159473,3.68706283630536,1.76897879769176,108.226296517318,11.8785884353741,0.504531999308332,11.8785884353741,0.294738264795829,0.268837396069538,0.294738264795829,-4.72722222222222,-0.504531999308332,1.9496,60.9224,304.121,2,5,5,2,7,3,84,5.10880819110721,10.412184193134,5.74951183328391,1.43119965723263,0.0,9.53900919090408,0.0,34.0572000209392,11.5591194252796,9.9557537405133,2,23.5646700700739,36.950995689064,2.86239931446527,4.98397852094721,4.89548347551778,0.0,28.7728708496371,0.0,24.4968140235729,10.1181268590336,5.48303422468088,33.6683543251548,12.3341245893137,87.49,71.4466828467498,2.7721697845805,3.77612551965231,-0.375462962962963,-0.383397581254724,-2.09172288359788,-0.629101473922902,0.0,0.786258893210947,60,3,1289,3347,7.01,533.1,1034.3,2132.3,184.9,2.39,1.88,1.14,0.995,71.1,2499,122.4,403,298,0.1,5.09
6154,C9H6NO4IS,7Iodo8hydroxyquinoline5sulfonicacidHOHO3SC9H4NI,Nd+++,NaClO4,0,3.22904738020625,890.031308275696,16.8174727662663,13.3664195208285,10.3404143929325,10.1679383049009,6.61094070339616,6.28144155852046,2.74856826770037,5.14381399421625,1.76267757980397,3.32843711770881,1.12840748680981,2.46131320798463,44.6999858828208,8.41779698432894,14.6478173820113,8.34543353914615,350.906226672,1.375,2.1875,2.875,0.0,-0.93,16,345.073,6.12486866868589,3.82416484421999,1.85136567683201,113.62058703272,11.8960884353742,0.504590991548738,11.8960884353742,0.294735699059164,0.111337396069539,0.294735699059164,-4.70202222222222,-0.504590991548738,1.7917,65.9394,351.121,2,5,5,2,7,3,84,5.10880819110721,10.412184193134,5.74951183328391,1.43119965723263,0.0,9.53900919090408,0.0,40.7181267500579,11.5591194252796,9.05321649574628,2,23.5646700700739,43.6119224181827,2.86239931446527,4.98397852094721,4.89548347551778,0.0,27.87033360487,0.0,24.4968140235729,10.1181268590336,5.48303422468088,29.1956348093224,12.3341245893137,87.49,71.7696730253212,2.8367447845805,3.84070051965231,-0.336087962962962,-0.313397581254724,-1.99136574074074,-0.611601473922902,0.0,0.604308242820428,60,3,1289,3347,7.01,533.1,1034.3,2132.3,184.9,2.39,1.88,1.14,0.995,71.1,2499,122.4,403,298,0.1,5.13
6167,C9H6O6_1,123BenzenetricarboxylicacidC6H3COOH3,Nd+++,NaClO4,0,3.9429834586782,586.639495723973,16.3174727662663,12.9494897427832,6.94948974278318,9.81016683008899,6.19948974278318,3.47474487139159,2.3623724356958,2.3623724356958,1.48737243569579,1.48737243569579,0.916560363079829,0.916560363079829,52.7255264619364,14.3836115522155,15.3264245733216,8.40587464020856,210.016437912,0.8,1.2,1.6,0.0,-2.37,15,204.093,4.92194855664552,3.78634806004087,1.93154506749831,92.0833307947947,11.5359674981104,0.477620046804284,11.5359674981104,0.336958185325785,0.933027210884353,0.336958185325785,-1.61314814814815,-0.477620046804284,0.7812,47.3199,210.141,3,6,6,3,6,3,78,15.3264245733216,0.0,0.0,0.0,17.9079158638556,0.0,6.0424187076633,12.0848374153266,0.0,20.8026301436016,1,33.8223117940478,17.9079158638556,4.2935989716979,0.0,0.0,0.0,34.8176105980809,0.0,33.2343404371772,0.0,35.1862416958171,18.1272561229899,4.2935989716979,111.9,41.9695639644747,34.4557010582011,10.790333994709,-3.07148148148148,-4.76512849584278,-2.87898904006047,0.0,0.0,0.679088944488526,60,3,1289,3347,7.01,533.1,1034.3,2132.3,184.9,2.39,1.88,1.14,0.995,71.1,2499,122.4,403,298,0.1,5.01
6180,C9H7N,Quinoline,Nd+++,NaClO4,0,2.54636209111274,732.041831687875,16.4387931098259,14.0663856578915,7.88288223881919,10.4002845653655,6.97742035285537,4.47742035285537,2.29216021703081,3.06555687916478,1.3116242007426,1.86048430312145,0.734186347882661,1.08969728472802,29.6262797895577,0.0,25.4300951544204,9.71619209531637,221.025897464,1.2,2.13333333333333,2.86666666666667,0.0,-1.95,15,214.185,4.27642052346805,4.05435378648535,2.29074797314148,99.3918879432293,7.75127551020408,0.507820500753192,7.75127551020408,0.29321866609567,0.02387972936088,0.29321866609567,-0.581990845721004,-0.507820500753192,2.9697,56.0616,221.241,2,5,6,2,6,4,76,10.2176163822144,17.1864099412514,0.0,5.13155847983933,0.0,0.0,0.0,12.0848374153266,17.5714283281457,6.8537927808511,2,17.0714091630655,22.1557306324576,2.86239931446527,4.98397852094721,0.0,0.0,29.6562657434722,0.0,18.0639942176269,0.0,6.8537927808511,39.884765994731,0.0,78.07,51.3977671324754,3.62894148400101,15.4160972144572,-0.375869236583522,-1.03880787037037,-1.69842613588645,-0.275623055045404,0.0,0.764973511985782,60,3,1289,3347,7.01,533.1,1034.3,2132.3,184.9,2.39,1.88,1.14,0.995,71.1,2499,122.4,403,298,0.5,3.49
6191,C9H7N3O2S,42ThiazolylazoresorcinolC3H2NSNNC6H3OH2,Nd+++,NaNO3 ,0,3.12134684469864,629.252578393056,12.9032592038932,11.9472135955,4.94721359549996,7.85794846525511,6.19721359549996,2.69721359549996,1.69721359549996,1.69721359549996,1.07881189606246,1.07881189606246,0.654508497187474,0.654508497187474,36.3849887491312,0.0,4.98397852094721,9.59530989319154,129.057849224,0.9,1.7,2.7,0.0,-1.37,10,122.106,1.81666719217637,2.10254303462517,0.759881409576112,69.1675091333534,7.63833333333333,0.256266728477736,7.63833333333333,0.084005704100922,0.113888888888889,0.084005704100922,-0.465249433106576,-0.256266728477736,2.2348,41.743,129.162,0,1,1,0,1,0,48,0.0,0.0,0.0,0.0,0.0,4.98397852094721,24.1696748306532,12.0848374153266,11.5591194252796,15.1120106108078,2,9.59530989319154,10.9029249320811,0.0,4.98397852094721,0.0,0.0,42.4274074567945,0.0,4.98397852094721,0.0,9.59530989319154,42.4274074567945,10.9029249320811,12.89,52.6056273620559,3.64666666666667,-0.113888888888889,-0.137037037037037,0.0,-2.5361186696901,-0.465249433106576,0.0,0.531191558404131,60,3,1289,3347,7.01,533.1,1034.3,2132.3,184.9,2.39,1.88,1.14,0.995,71.1,2257,85.0,581,298,0.1,7.79
6200,C9H7NO,8Hydroxyquinoline8quinolinol,Nd+++,NaCl  ,0,3.22904738020625,885.88959882562,16.8174727662663,13.9884550478193,7.804951628747,10.1679383049009,6.92195846689155,5.01371017642768,2.55958603119575,3.87608261212348,1.62961062406114,2.43579684190904,1.04074515257019,1.6144818079529,62.0086171413842,8.41779698432894,14.6478173820113,9.71619209531637,225.009578704,1.26666666666667,2.13333333333333,2.86666666666667,0.0,-1.66,15,218.169,4.46064148182372,3.1796178855468,1.6426935253891,95.7637194118444,11.8160884353742,0.505665127903165,11.8160884353742,0.294697411199209,0.516087962962963,0.294697411199209,-4.81722222222222,-0.505665127903165,1.1871,53.2224,225.225,2,5,5,2,6,3,78,5.10880819110721,16.1616960264179,0.0,1.43119965723263,0.0,9.53900919090408,0.0,24.1696748306532,11.5591194252796,6.8537927808511,2,24.9354286262441,21.0210517911146,2.86239931446527,4.98397852094721,4.89548347551778,0.0,30.3425700414679,0.0,24.4968140235729,10.1181268590336,6.8537927808511,35.2380535169857,12.3341245893137,87.49,78.769409249811,2.5415447845805,3.54550051965231,-0.516087962962963,-0.633397581254724,-3.28147864701436,-0.691601473922902,0.0,0.711519715556158,60,3,1289,3347,7.01,533.1,1034.3,2132.3,184.9,2.39,1.88,1.14,0.995,71.1,2165,58.4,1074,298,5.0,7.52
6206,C9H8O2,transCinnamicacidC6H5CHCHCOOH,Nd+++,KCl   ,0,3.65783156352176,551.067719684553,14.9032592038932,13.3164965809277,5.31649658092773,8.73415722516742,6.56649658092773,2.65824829046386,1.53745747856526,1.53745747856526,0.789562072615966,0.789562072615966,0.426031036307983,0.426031036307983,53.8489938100364,4.79453718407182,5.10880819110721,11.0265095504242,148.052429496,1.36363636363636,2.0,2.63636363636364,0.0,-1.57,11,140.097,2.20583014625505,3.56215441245697,2.6678232904614,76.118816542212,10.957622197027,0.478073604465959,10.957622197027,0.327821184684523,0.582037037037037,0.327821184684523,-1.4473970143613,-0.478073604465959,1.7844,43.1118,148.161,1,2,2,1,2,2,56,5.10880819110721,0.0,0.0,0.0,5.96930528795185,0.0,30.2120935383165,11.6155232377326,6.05207174603557,9.59530989319154,1,19.4986552683706,12.0213770339874,1.43119965723263,0.0,0.0,0.0,41.827616776049,0.0,11.0781134790591,4.79453718407182,15.1587613848885,36.264165284352,7.4832714032682,37.3,58.3926650814647,10.957622197027,3.51102442365835,-0.582037037037037,-1.4473970143613,-5.33187765075166,0.0,0.0,0.648920433581359,60,3,1289,3347,7.01,533.1,1034.3,2132.3,184.9,2.39,1.88,1.14,0.995,71.1,1984,74.6,1043,298,1.0,3.2
6215,C9H8O4_1,Bicyclo221hepta25diene23dicarboxylicacid,Nd+++,KCl   ,0,2.8986621193986,575.237191099028,16.3783151775109,14.1329931618555,6.13299316185545,9.52814509177191,7.13299316185545,3.31649658092773,2.44991495713053,2.44991495713053,1.72074829046386,1.72074829046386,1.22074829046386,1.22074829046386,53.3498034001689,9.58907436814364,10.2176163822144,11.0869506514866,180.042258736,1.23076923076923,1.69230769230769,2.07692307692308,0.333333333333333,-1.58,13,172.095,2.97365147763758,2.45172114916513,0.982555296463527,85.5925357936519,11.6484150604686,0.477847260153625,11.6484150604686,0.332240724177693,0.982008692365835,0.332240724177693,-3.01268518518519,-0.477847260153625,0.6581,43.0346,180.159,2,4,4,2,4,2,68,10.2176163822144,0.0,0.0,0.0,11.9386105759037,0.0,12.1041434920711,6.37292490132938,17.270949595407,13.887726172479,2,28.0312420873794,11.9386105759037,2.86239931446527,0.0,6.37292490132938,0.0,23.2503525522097,0.0,22.1562269581181,9.58907436814364,14.5974762383507,23.2503525522097,2.86239931446527,74.6,60.1855621693122,23.2968301209373,7.29167139077853,-2.11898148148148,-8.92837962962963,-1.96401738473167,-3.01268518518519,0.0,0.611868151575172,60,3,1289,3347,7.01,533.1,1034.3,2132.3,184.9,2.39,1.88,1.14,0.995,71.1,1984,74.6,1043,303,0.1,4.26
6226,C9H8O4_2,3Carboxy4methyltropolone,Nd+++,NaClO4,0,4.21392633916193,653.858322413364,16.5330157158901,14.1329931618555,6.13299316185545,9.57280329051043,6.88299316185545,3.06649658092773,2.07070576902913,2.07070576902913,1.25094599343851,1.25094599343851,0.691602884514564,0.691602884514564,53.2536587368158,9.58907436814364,10.2176163822144,11.0869506514866,180.042258736,1.53846153846154,2.38461538461538,3.0,0.111111111111111,-1.84,13,172.095,3.13805536063737,3.26438927556122,1.66453514739229,85.4963911302989,11.8047004913076,0.503519492545527,11.8047004913076,0.339398126410943,1.04772628495843,0.339398126410943,-3.13731481481482,-0.503519492545527,0.75902,46.0731,180.159,2,4,4,2,4,3,68,10.2176163822144,5.563451491697,5.74951183328391,5.42879039190054,5.96930528795185,4.79453718407182,12.0848374153266,18.457762316656,4.11227566851066,4.11227566851066,1,23.2367049033076,5.96930528795185,2.86239931446527,0.0,6.85189211729568,0.0,39.4774866823562,5.42879039190054,17.6181213273989,0.0,24.1459915044871,22.9217933070617,1.43119965723263,74.6,57.5969411375661,23.3635553665911,7.50146069538927,-3.66296296296296,-2.83393518518518,-3.24441090325019,0.0,-3.13731481481482,0.668556887760481,60,3,1289,3347,7.01,533.1,1034.3,2132.3,184.9,2.39,1.88,1.14,0.995,71.1,2499,122.4,403,298,0.2,7.76
6234,C9H9O2Br,3Bromo2hydroxy5methylacetophenoneCH3COC6H2OHBrCH3,Nd+++,diox/w,0,3.87428833631398,590.596952093272,16.7485586655139,14.694461053937,7.28045759305166,9.33543975093187,7.25547881743234,3.64022879652583,1.97223052696848,2.76522879652583,1.13822213728274,1.69659136600522,0.649152042355597,1.04565117713427,48.4482814129608,4.79453718407182,21.0387520890566,12.3972681065944,227.978591628,1.75,2.58333333333333,3.16666666666667,0.222222222222222,-0.83,12,220.001,2.83977075620734,3.27069151627593,1.66559428869824,92.0809376802055,11.8978949357521,0.506005085640728,11.8978949357521,0.293190971503324,0.368310185185185,0.293190971503324,-3.14079837490552,-0.506005085640728,2.66572,50.5483,229.073,1,2,2,1,3,4,64,5.10880819110721,5.74951183328391,5.78324494636494,0.0,0.0,4.79453718407182,0.0,47.2820170395643,8.22455133702132,12.7776881198698,1,20.8694138245408,21.7131888443143,1.43119965723263,0.0,13.7037842345914,0.0,27.684459914553,0.0,12.3232527947048,0.0,33.7394007341233,16.557556931159,0.0,37.3,65.0893660241874,11.8978949357521,4.1303623393802,-1.65113425925926,-2.194375,-1.61489181783825,0.0,-6.04256897203326,0.75132177585392,60,3,1289,3347,7.01,533.1,1034.3,2132.3,184.9,2.39,1.88,1.14,0.995,71.1,1033,88.1,285,300,0.1,4.38
6277,Cl,Chloride,Nd+++,NaCl  ,-1,0.0,0.0,0.0,0.377964473009227,1.13389341902768,0.0,0.0,0.0,0.0,0.0,0.0,0.0,0.0,0.0,0.0,0.0,0.0,0.0,34.96940125991,1.0,1.0,1.0,0.0,0.29,1,35.453,1.29,1.73827586206897,10.0831034482759,13.5215710124531,0.0,1.0,0.0,-1.0,0.0,1.0,0.0,-1.0,-2.996,0.0,35.453,0,0,0,0,1,0,8,12.40703316118,0.0,0.0,0.0,0.0,0.0,0.0,0.0,0.0,0.0,0,12.40703316118,0.0,0.0,0.0,0.0,0.0,0.0,12.40703316118,0.0,0.0,0.0,0.0,0.0,0.0,0.0,0.0,0.0,0.0,0.0,0.0,0.0,0.0,0.268226902773631,60,3,1289,3347,7.01,533.1,1034.3,2132.3,184.9,2.39,1.88,1.14,0.995,71.1,2165,58.4,1074,373,1.7,1.43
6315,CO3,Carbonate,Nd+++,NaClO4,-2,2.80303948767405,26.2646625064904,3.57735026918963,1.72474487139159,1.72474487139159,1.73205080756888,0.612372435695795,0.612372435695795,0.25,0.25,0.0,0.0,0.0,0.0,6.15536562953876,0.0,0.0,15.0075919737532,59.98584101982,1.5,1.5,1.5,0.0,-0.73,4,60.008,3.27,0.710528634361234,0.173734284105836,22.4892406322653,8.33333333333333,0.652303853935014,8.33333333333333,-0.043088438194959,2.33333333333333,0.043088438194959,-2.33333333333333,-0.652303853935014,-2.447,5.396,60.008,0,3,3,0,3,0,24,15.0075919737532,0.0,0.0,0.0,0.0,0.0,0.0,6.15536562953876,0.0,0.0,0,15.0075919737532,6.15536562953876,0.0,0.0,0.0,0.0,0.0,10.2130547896814,6.15536562953876,0.0,0.0,0.0,0.0,63.19,0.0,8.33333333333333,16.6666666666667,0.0,0.0,0.0,-2.33333333333333,0.0,0.311555186573939,60,3,1289,3347,7.01,533.1,1034.3,2132.3,184.9,2.39,1.88,1.14,0.995,71.1,2499,122.4,403,298,0.7,5.76
6383,F,Fluoride,Nd+++,KNO3  ,-1,0.0,0.0,0.0,0.377964473009227,0.377964473009227,0.0,0.0,0.0,0.0,0.0,0.0,0.0,0.0,0.0,0.0,0.0,0.0,0.0,18.99895179991,1.0,1.0,1.0,0.0,-0.07,1,18.998,0.930000000000001,-16.3557142857143,-61.2128571428572,6.09714072430475,0.0,1.0,0.0,-1.0,0.0,1.0,0.0,-1.0,-2.996,0.0,18.998,0,0,0,0,1,0,8,4.70439638173391,0.0,0.0,0.0,0.0,0.0,0.0,0.0,0.0,0.0,0,4.70439638173391,0.0,0.0,0.0,0.0,0.0,0.0,4.70439638173391,0.0,0.0,0.0,0.0,0.0,0.0,0.0,0.0,0.0,0.0,0.0,0.0,0.0,0.0,0.262388282934387,60,3,1289,3347,7.01,533.1,1034.3,2132.3,184.9,2.39,1.88,1.14,0.995,71.1,2109,101.1,607,298,0.02,3.27
6435,N2H4,HydrazineH2NNH2,Nd+++,KCl   ,0,2.99349724347847,26.5293250129808,5.15470053837925,4.89442719099992,0.894427190999916,2.64273441009184,1.98885438199983,0.2,0.0,0.0,0.0,0.0,0.0,0.0,0.0,0.0,0.0,5.6473683133128,32.037448128,2.0,2.5,2.5,0.0,-0.08,2,28.014,0.067134642078128,0.920000000000002,-14.58,18.876334857318,6.08333333333333,0.274138828108576,6.08333333333333,0.137069414054288,0.166666666666667,0.137069414054288,-0.166666666666667,-0.274138828108576,-1.1812,8.3748,32.046,4,2,2,2,2,1,14,0.0,5.6473683133128,0.0,0.0,0.0,11.6574395376607,0.0,0.0,0.0,0.0,0,5.6473683133128,0.0,0.0,0.0,0.0,0.0,0.0,11.6574395376607,0.0,0.0,0.0,0.0,0.0,52.04,24.3333333333333,0.0,0.0,0.0,-0.333333333333333,0.0,0.0,0.0,0.260658948563448,60,3,1289,3347,7.01,533.1,1034.3,2132.3,184.9,2.39,1.88,1.14,0.995,71.1,1984,74.6,1043,298,1.0,4.37
6439,N3,Azide,Nd+++,NaClO4,-1,3.2659863237109,21.0195500086539,2.70710678118655,1.34164078649987,1.34164078649987,1.4142135623731,0.4,0.4,0.089442719099992,0.089442719099992,0.0,0.0,0.0,0.0,0.0,0.0,0.0,11.0622579975705,42.00977057991,1.33333333333333,1.33333333333333,1.33333333333333,0.0,-0.69,3,42.021,2.31,1.31,1.31,17.2980594456124,6.75,0.372636230082985,6.75,-0.254727539834029,1.5,0.254727539834029,1.5,-0.372636230082985,0.8661,10.077,42.021,0,3,0,0,3,0,16,11.0622579975705,0.0,0.0,0.0,0.0,4.91171164725246,0.0,0.0,0.0,0.0,0,0.0,0.0,0.0,0.0,0.0,0.0,15.973969644823,0.0,0.0,0.0,0.0,0.0,15.973969644823,58.7,0.0,1.5,0.0,13.5,0.0,0.0,0.0,0.0,0.219164597449062,60,3,1289,3347,7.01,533.1,1034.3,2132.3,184.9,2.39,1.88,1.14,0.995,71.1,2499,122.4,403,298,2.0,3.7
6445,NH3O,HydroxylamineNH2OH,Nd+++,KCl   ,0,2.53953886135939,20.8547529722733,4.28445705037617,3.85546188596382,0.855461885963821,2.27005561002966,1.48524966729883,0.182574185835055,0.0,0.0,0.0,0.0,0.0,0.0,0.0,0.0,5.2095338210438,4.25488381388904,33.021463716,3.5,4.0,4.0,0.0,-0.08,2,30.006,0.105755935027072,0.920000000000002,-14.58,16.880166885227,5.91666666666667,0.319641791550107,5.91666666666667,0.23719094648911,0.208333333333333,0.23719094648911,-0.208333333333333,-0.319641791550107,-0.6657,5.9739,33.03,3,2,2,2,2,1,14,5.2095338210438,0.0,2.8236841566564,1.43119965723263,0.0,0.0,0.0,0.0,0.0,0.0,0,9.46441763493283,0.0,0.0,0.0,0.0,0.0,0.0,5.88302496984115,5.2095338210438,0.0,0.0,0.0,0.0,46.25,17.5416666666667,0.0,3.16666666666667,0.0,-0.208333333333333,0.0,0.0,0.0,0.348404448850722,60,3,1289,3347,7.01,533.1,1034.3,2132.3,184.9,2.39,1.88,1.14,0.995,71.1,1984,74.6,1043,298,1.0,3.87
6483,NO3,Nitrate,Nd+++,NaClO4,-1,2.80303948767405,26.2646625064904,3.57735026918963,1.67195846689155,1.67195846689155,1.73205080756888,0.547722557505166,0.547722557505166,0.223606797749979,0.223606797749979,0.0,0.0,0.0,0.0,5.08661904293254,0.0,0.0,15.3215712935429,61.98836643991,1.5,1.5,1.5,0.0,-0.8,4,62.004,3.2,0.654545454545455,0.075,21.7755568876067,8.25,0.356293863035067,8.25,0.068881589105201,1.75,0.068881589105201,-1.75,-0.356293863035067,-0.2391,10.3614,62.004,0,4,3,0,4,0,24,15.3215712935429,0.0,0.0,0.0,0.0,0.0,0.0,0.0,0.0,5.08661904293254,0,5.08661904293254,0.0,0.0,0.0,0.0,0.0,15.3215712935429,0.0,5.08661904293254,0.0,0.0,0.0,0.0,66.2,0.0,8.25,14.75,0.0,0.0,0.0,0.0,0.0,0.287045862564787,60,3,1289,3347,7.01,533.1,1034.3,2132.3,184.9,2.39,1.88,1.14,0.995,71.1,2499,122.4,403,298,1.0,0.02
6515,P2O7,DiphosphatefromHO2POOPOOH2,Nd+++,NaClO4,-4,4.07447930992104,147.355172315286,7.70710678118655,3.90802644439134,5.69688082639117,3.70710678118655,1.53029674334022,4.59089023002067,1.06280355953492,3.6783086271614,0.212726015334711,1.9145341380124,0.138556482223008,1.24700834000707,15.6453942462643,9.13009656986266,4.31063136962359,19.5736464110099,177.943225728,0.888888888888889,1.11111111111111,1.11111111111111,0.0,0.26,9,173.941,9.26,2.47608894166786,8.26,49.764010500674,9.626875,0.47800763398499,9.626875,0.47800763398499,2.95833333333333,0.302318244727676,-5.05034722222222,-0.302318244727676,-0.8116,25.1732,177.973,4,7,3,4,9,2,56,19.5736464110099,0.0,0.0,0.0,15.6453942462643,0.0,0.0,0.0,0.0,0.0,0,33.0143743504961,15.6453942462643,0.0,0.0,0.0,0.0,0.0,0.0,19.5736464110099,13.4407279394862,0.0,0.0,0.0,124.29,22.2120833333333,30.9997222222222,0.0,0.0,0.0,0.0,0.0,0.0,0.407077681055005,60,3,1289,3347,7.01,533.1,1034.3,2132.3,184.9,2.39,1.88,1.14,0.995,71.1,2499,122.4,403,298,0.1,15.0
6519,P3O10,TripolyphosphatefromHO2POOPOOHOPOOH2,Nd+++,NaClO4,-5,4.53646525197342,272.131547884797,10.9142135623731,5.42412369113851,8.10740526413825,5.4142135623731,2.19089023002066,6.57267069006199,1.50494010268542,5.49461620516953,0.4,3.6,0.259856094128316,2.60703300445482,23.4680913693965,38.1622028685564,8.62126273924717,0.0,252.87317398955,0.692307692307692,0.923076923076923,1.07692307692308,0.0,0.41,13,252.912,13.41,3.87843985413189,8.73232070910556,71.221400156852,10.1006944444444,0.789509388205893,10.1006944444444,0.275181084400436,2.65118055555556,0.275181084400436,-5.97280092592593,-0.789509388205893,-3.8546,24.9895,252.912,0,10,10,0,13,4,80,33.597154583625,0.0,0.0,0.0,0.0,13.1863110241785,0.0,0.0,0.0,15.6453942462643,0,46.7834656078035,23.4680913693965,0.0,0.0,0.0,0.0,0.0,24.4670580137624,0.0,22.3164075940412,0.0,0.0,0.0,184.97,34.6764969135803,48.6475771604938,0.0,0.0,0.0,0.0,0.0,0.0,0.448303409505579,60,3,1289,3347,7.01,533.1,1034.3,2132.3,184.9,2.39,1.88,1.14,0.995,71.1,2499,122.4,403,303,0.3,7.15
6539,SCN,Thiocyanate,Nd+++,NaClO4,-1,2.47553420552756,26.2646625064904,2.70710678118655,1.35546188596382,2.17195846689155,1.4142135623731,0.42773094298191,0.835979233445773,0.091287092917528,0.273861278752583,0.0,0.0,0.0,0.0,0.0,0.0,12.628789148013,5.26189155473849,57.97569357991,2.0,2.0,2.0,0.0,-0.29,3,58.085,2.71,1.71,1.71,24.2868973727,7.13425925925926,0.69579776312614,7.13425925925926,-0.079746475234956,1.33333333333333,0.079746475234956,1.33333333333333,-0.69579776312614,0.01438,12.978,58.085,0,1,2,0,2,0,16,12.628789148013,0.0,0.0,0.0,0.0,0.0,5.40125329661305,0.0,0.0,0.0,0,0.0,12.628789148013,5.26189155473849,0.0,0.0,0.0,0.0,0.0,0.0,12.628789148013,0.0,0.0,0.0,23.79,0.0,0.0,8.46759259259259,0.0,0.0,0.0,0.0,0.0,0.289280343049177,60,3,1289,3347,7.01,533.1,1034.3,2132.3,184.9,2.39,1.88,1.14,0.995,71.1,2499,122.4,403,293,0.6,-0.2
6571,SO4,Sulfate,Nd+++,NaClO4,-2,4.0629422989714,86.8163583426924,4.5,2.04124145231932,2.85773803324704,2.0,0.666666666666667,2.0,0.408248290463863,1.22474487139159,0.0,0.0,0.0,0.0,10.3990005816496,0.0,0.0,17.5232967317097,95.95282663982,1.2,1.2,1.2,0.0,-0.13,5,96.063,4.87,0.925121035264345,800.769408284024,29.0061825517276,8.52083333333333,0.758768616672658,8.52083333333333,0.031050814727582,5.16666666666667,0.031050814727582,-5.16666666666667,-0.758768616672658,-1.338,10.4746,96.063,0,4,4,0,5,0,32,9.10549974738073,0.0,0.0,0.0,0.0,8.41779698432894,0.0,0.0,10.3990005816496,0.0,0,17.5232967317097,10.3990005816496,0.0,0.0,0.0,0.0,0.0,0.0,17.5232967317097,10.3990005816496,0.0,0.0,0.0,80.26,34.0833333333333,0.0,0.0,0.0,0.0,0.0,0.0,0.0,0.275921715846057,60,3,1289,3347,7.01,533.1,1034.3,2132.3,184.9,2.39,1.88,1.14,0.995,71.1,2499,122.4,403,298,2.0,1.26
