split,model,display_name,observed,predicted,residual,absolute_residual
train,random_forest,Random forest regressor,4.45,4.828799999999995,-0.3787999999999947,0.3787999999999947
train,random_forest,Random forest regressor,8.64,8.438699999999988,0.20130000000001225,0.20130000000001225
train,random_forest,Random forest regressor,4.29,4.8036000000000065,-0.5136000000000065,0.5136000000000065
train,random_forest,Random forest regressor,4.09,4.441399999999997,-0.35139999999999727,0.35139999999999727
train,random_forest,Random forest regressor,10.56,11.289199999999985,-0.7291999999999845,0.7291999999999845
train,random_forest,Random forest regressor,16.06,15.684499999999973,0.3755000000000255,0.3755000000000255
train,random_forest,Random forest regressor,16.77,16.125499999999995,0.6445000000000043,0.6445000000000043
train,random_forest,Random forest regressor,15.63,14.572500000000018,1.0574999999999832,1.0574999999999832
train,random_forest,Random forest regressor,12.62,12.478974999999993,0.14102500000000617,0.14102500000000617
train,random_forest,Random forest regressor,13.41,14.271700000000012,-0.8617000000000115,0.8617000000000115
train,random_forest,Random forest regressor,6.47,7.578600000000011,-1.1086000000000116,1.1086000000000116
train,random_forest,Random forest regressor,14.64,15.180100000000008,-0.5401000000000078,0.5401000000000078
train,random_forest,Random forest regressor,7.0,8.8932,-1.8932000000000002,1.8932000000000002
train,random_forest,Random forest regressor,14.47,13.559600000000014,0.9103999999999868,0.9103999999999868
train,random_forest,Random forest regressor,6.9,6.086899999999991,0.8131000000000093,0.8131000000000093
train,random_forest,Random forest regressor,1.75,4.335599999999999,-2.5855999999999986,2.5855999999999986
train,random_forest,Random forest regressor,17.2,15.100550000000005,2.099449999999994,2.099449999999994
train,random_forest,Random forest regressor,4.73,6.1934000000000085,-1.463400000000008,1.463400000000008
train,random_forest,Random forest regressor,4.44,4.597,-0.15700000000000003,0.15700000000000003
train,random_forest,Random forest regressor,2.57,2.5973999999999973,-0.027399999999997426,0.027399999999997426
train,random_forest,Random forest regressor,2.55,2.6915000000000027,-0.14150000000000285,0.14150000000000285
train,random_forest,Random forest regressor,4.49,4.477600000000007,0.012399999999993305,0.012399999999993305
train,random_forest,Random forest regressor,4.47,4.469800000000007,0.00019999999999242846,0.00019999999999242846
train,random_forest,Random forest regressor,3.47,4.182000000000002,-0.712000000000002,0.712000000000002
train,random_forest,Random forest regressor,5.46,5.004899999999995,0.45510000000000517,0.45510000000000517
train,random_forest,Random forest regressor,3.83,4.238799999999997,-0.4087999999999967,0.4087999999999967
train,random_forest,Random forest regressor,5.01,4.801299999999994,0.20870000000000566,0.20870000000000566
train,random_forest,Random forest regressor,3.76,4.259299999999995,-0.4992999999999954,0.4992999999999954
train,random_forest,Random forest regressor,3.88,4.336399999999996,-0.4563999999999959,0.4563999999999959
train,random_forest,Random forest regressor,0.9,3.3009999999999997,-2.401,2.401
train,random_forest,Random forest regressor,9.26,8.037699999999996,1.2223000000000042,1.2223000000000042
train,random_forest,Random forest regressor,8.18,8.263699999999991,-0.08369999999999145,0.08369999999999145
train,random_forest,Random forest regressor,8.53,7.329099999999991,1.2009000000000087,1.2009000000000087
train,random_forest,Random forest regressor,4.95,5.695399999999999,-0.7453999999999992,0.7453999999999992
train,random_forest,Random forest regressor,5.18,4.868800000000002,0.3111999999999977,0.3111999999999977
train,random_forest,Random forest regressor,8.67,8.094899999999994,0.5751000000000062,0.5751000000000062
train,random_forest,Random forest regressor,18.2,14.849100000000021,3.350899999999978,3.350899999999978
train,random_forest,Random forest regressor,12.46,11.545900000000012,0.9140999999999888,0.9140999999999888
train,random_forest,Random forest regressor,6.28,8.394799999999986,-2.1147999999999856,2.1147999999999856
train,random_forest,Random forest regressor,17.32,16.545399999999997,0.7746000000000031,0.7746000000000031
train,random_forest,Random forest regressor,12.34,13.338699999999985,-0.9986999999999853,0.9986999999999853
train,random_forest,Random forest regressor,9.37,11.074200000000001,-1.704200000000002,1.704200000000002
train,random_forest,Random forest regressor,12.08,12.300775000000002,-0.2207750000000015,0.2207750000000015
train,random_forest,Random forest regressor,10.21,10.375400000000006,-0.16540000000000532,0.16540000000000532
train,random_forest,Random forest regressor,7.44,6.952800000000011,0.487199999999989,0.487199999999989
train,random_forest,Random forest regressor,6.82,6.721300000000008,0.09869999999999202,0.09869999999999202
train,random_forest,Random forest regressor,7.85,7.185000000000007,0.6649999999999929,0.6649999999999929
train,random_forest,Random forest regressor,10.02,8.472299999999992,1.5477000000000078,1.5477000000000078
train,random_forest,Random forest regressor,6.31,5.6583,0.6517,0.6517
train,random_forest,Random forest regressor,2.15,2.3115000000000028,-0.16150000000000286,0.16150000000000286
train,random_forest,Random forest regressor,2.25,2.348800000000001,-0.09880000000000111,0.09880000000000111
train,random_forest,Random forest regressor,2.39,2.7076999999999964,-0.3176999999999963,0.3176999999999963
train,random_forest,Random forest regressor,5.7,5.8511,-0.15109999999999957,0.15109999999999957
train,random_forest,Random forest regressor,15.04,12.957799999999997,2.082200000000002,2.082200000000002
train,random_forest,Random forest regressor,5.93,7.8110999999999935,-1.8810999999999938,1.8810999999999938
train,random_forest,Random forest regressor,17.77,17.573199999999993,0.19680000000000675,0.19680000000000675
train,random_forest,Random forest regressor,7.7,9.238400000000007,-1.5384000000000073,1.5384000000000073
train,random_forest,Random forest regressor,16.0,16.145000000000003,-0.14500000000000313,0.14500000000000313
train,random_forest,Random forest regressor,17.7,17.251600000000018,0.4483999999999817,0.4483999999999817
train,random_forest,Random forest regressor,16.47,16.692000000000018,-0.22200000000001907,0.22200000000001907
train,random_forest,Random forest regressor,15.08,13.630349999999996,1.4496500000000037,1.4496500000000037
train,random_forest,Random forest regressor,14.22,13.901900000000012,0.3180999999999887,0.3180999999999887
train,random_forest,Random forest regressor,17.67,16.37590000000001,1.2940999999999931,1.2940999999999931
train,random_forest,Random forest regressor,16.6,16.66489999999999,-0.0648999999999873,0.0648999999999873
train,random_forest,Random forest regressor,13.15,12.710000000000006,0.4399999999999942,0.4399999999999942
train,random_forest,Random forest regressor,10.68,11.20719999999999,-0.5271999999999899,0.5271999999999899
train,random_forest,Random forest regressor,12.56,10.946699999999987,1.613300000000013,1.613300000000013
train,random_forest,Random forest regressor,0.94,1.7862999999999993,-0.8462999999999994,0.8462999999999994
train,random_forest,Random forest regressor,14.36,13.723699999999987,0.6363000000000127,0.6363000000000127
train,random_forest,Random forest regressor,10.2,7.881100000000006,2.318899999999993,2.318899999999993
train,random_forest,Random forest regressor,2.83,3.1968000000000005,-0.36680000000000046,0.36680000000000046
train,random_forest,Random forest regressor,7.88,7.232299999999998,0.6477000000000022,0.6477000000000022
train,random_forest,Random forest regressor,4.82,5.303599999999999,-0.48359999999999914,0.48359999999999914
train,random_forest,Random forest regressor,10.35,9.10710000000001,1.24289999999999,1.24289999999999
train,random_forest,Random forest regressor,11.98,10.506350000000007,1.473649999999994,1.473649999999994
train,random_forest,Random forest regressor,17.76,17.032199999999996,0.7278000000000056,0.7278000000000056
train,random_forest,Random forest regressor,11.3,13.661099999999985,-2.3610999999999844,2.3610999999999844
train,random_forest,Random forest regressor,17.57,17.09489999999999,0.47510000000001185,0.47510000000001185
train,random_forest,Random forest regressor,9.77,11.159499999999996,-1.3894999999999964,1.3894999999999964
train,random_forest,Random forest regressor,14.8,14.245999999999988,0.5540000000000127,0.5540000000000127
train,random_forest,Random forest regressor,5.16,5.373800000000004,-0.21380000000000354,0.21380000000000354
train,random_forest,Random forest regressor,5.33,5.992800000000001,-0.6628000000000007,0.6628000000000007
train,random_forest,Random forest regressor,5.22,5.406800000000008,-0.18680000000000785,0.18680000000000785
train,random_forest,Random forest regressor,2.09,2.569100000000002,-0.4791000000000021,0.4791000000000021
train,random_forest,Random forest regressor,12.63,11.400233333333333,1.2297666666666682,1.2297666666666682
train,random_forest,Random forest regressor,2.98,3.4319000000000006,-0.45190000000000063,0.45190000000000063
train,random_forest,Random forest regressor,2.27,2.6532000000000022,-0.3832000000000022,0.3832000000000022
train,random_forest,Random forest regressor,1.81,2.0783999999999985,-0.2683999999999984,0.2683999999999984
train,random_forest,Random forest regressor,17.68,15.511210000000005,2.1687899999999942,2.1687899999999942
train,random_forest,Random forest regressor,7.08,7.374676666666672,-0.294676666666672,0.294676666666672
train,random_forest,Random forest regressor,7.51,7.813275,-0.3032750000000002,0.3032750000000002
train,random_forest,Random forest regressor,7.55,7.374676666666672,0.17532333333332772,0.17532333333332772
train,random_forest,Random forest regressor,7.96,7.813275,0.146725,0.146725
train,random_forest,Random forest regressor,4.41,5.403835000000007,-0.9938350000000069,0.9938350000000069
train,random_forest,Random forest regressor,8.08,8.440200000000008,-0.36020000000000785,0.36020000000000785
train,random_forest,Random forest regressor,21.6,20.334499999999977,1.2655000000000243,1.2655000000000243
train,random_forest,Random forest regressor,16.08,14.842599999999996,1.2374000000000027,1.2374000000000027
train,random_forest,Random forest regressor,13.89,14.029200000000012,-0.13920000000001131,0.13920000000001131
train,random_forest,Random forest regressor,15.35,15.476499999999989,-0.1264999999999894,0.1264999999999894
train,random_forest,Random forest regressor,17.67,16.82740000000001,0.8425999999999902,0.8425999999999902
train,random_forest,Random forest regressor,17.65,17.572300000000023,0.07769999999997523,0.07769999999997523
train,random_forest,Random forest regressor,10.35,10.959300000000002,-0.6093000000000028,0.6093000000000028
train,random_forest,Random forest regressor,11.66,12.830000000000007,-1.170000000000007,1.170000000000007
train,random_forest,Random forest regressor,17.44,16.751900000000028,0.6880999999999737,0.6880999999999737
train,random_forest,Random forest regressor,11.6,10.83960000000001,0.76039999999999,0.76039999999999
train,random_forest,Random forest regressor,7.24,6.551900000000005,0.688099999999995,0.688099999999995
train,random_forest,Random forest regressor,13.07,12.8771,0.19289999999999985,0.19289999999999985
train,random_forest,Random forest regressor,9.37,11.067599999999997,-1.6975999999999978,1.6975999999999978
train,random_forest,Random forest regressor,17.8,18.081874999999982,-0.28187499999998167,0.28187499999998167
train,random_forest,Random forest regressor,10.13,9.389999999999997,0.7400000000000038,0.7400000000000038
train,random_forest,Random forest regressor,7.7,7.263600000000005,0.43639999999999546,0.43639999999999546
train,random_forest,Random forest regressor,11.82,9.973900000000015,1.8460999999999856,1.8460999999999856
train,random_forest,Random forest regressor,18.94,18.652200000000025,0.28779999999997585,0.28779999999997585
train,random_forest,Random forest regressor,19.1,18.618999999999982,0.4810000000000194,0.4810000000000194
train,random_forest,Random forest regressor,17.9,18.187,-0.2870000000000026,0.2870000000000026
train,random_forest,Random forest regressor,7.1,6.930900000000009,0.16909999999999048,0.16909999999999048
train,random_forest,Random forest regressor,16.56,16.29315999999998,0.26684000000001973,0.26684000000001973
train,random_forest,Random forest regressor,3.27,3.3781999999999983,-0.1081999999999983,0.1081999999999983
train,random_forest,Random forest regressor,2.7,3.043299999999996,-0.3432999999999957,0.3432999999999957
train,random_forest,Random forest regressor,1.66,1.7235999999999976,-0.06359999999999766,0.06359999999999766
train,random_forest,Random forest regressor,9.18,9.318099999999992,-0.13809999999999256,0.13809999999999256
train,random_forest,Random forest regressor,11.1,12.948899999999997,-1.8488999999999969,1.8488999999999969
train,random_forest,Random forest regressor,15.0,14.547899999999993,0.45210000000000683,0.45210000000000683
train,random_forest,Random forest regressor,12.09,13.597499999999991,-1.5074999999999914,1.5074999999999914
train,random_forest,Random forest regressor,15.38,15.28370000000002,0.09629999999998162,0.09629999999998162
train,random_forest,Random forest regressor,17.65,17.15690000000002,0.493099999999977,0.493099999999977
train,random_forest,Random forest regressor,22.5,19.614175000000003,2.885824999999997,2.885824999999997
train,random_forest,Random forest regressor,12.21,10.933100000000007,1.2768999999999942,1.2768999999999942
train,random_forest,Random forest regressor,10.38,13.085000000000006,-2.7050000000000054,2.7050000000000054
train,random_forest,Random forest regressor,5.95,5.591199999999999,0.35880000000000134,0.35880000000000134
train,random_forest,Random forest regressor,8.33,7.830900000000009,0.49909999999999144,0.49909999999999144
train,random_forest,Random forest regressor,20.15,17.02407500000001,3.125924999999988,3.125924999999988
train,random_forest,Random forest regressor,8.43,10.341899999999985,-1.911899999999985,1.911899999999985
train,random_forest,Random forest regressor,2.54,4.730200000000001,-2.190200000000001,2.190200000000001
train,random_forest,Random forest regressor,17.95,15.574300000000017,2.3756999999999824,2.3756999999999824
train,random_forest,Random forest regressor,11.99,12.167500000000008,-0.17750000000000732,0.17750000000000732
train,random_forest,Random forest regressor,16.7,15.861900000000016,0.838099999999983,0.838099999999983
train,random_forest,Random forest regressor,15.1,14.623199999999995,0.47680000000000433,0.47680000000000433
train,random_forest,Random forest regressor,9.04,9.59709999999999,-0.5570999999999913,0.5570999999999913
train,random_forest,Random forest regressor,19.5,18.932100000000005,0.5678999999999945,0.5678999999999945
train,random_forest,Random forest regressor,14.51,16.185575,-1.6755750000000003,1.6755750000000003
train,random_forest,Random forest regressor,7.4,8.710499999999993,-1.3104999999999922,1.3104999999999922
train,random_forest,Random forest regressor,18.3,17.325699999999987,0.9743000000000137,0.9743000000000137
train,random_forest,Random forest regressor,7.74,8.917100000000007,-1.1771000000000065,1.1771000000000065
train,random_forest,Random forest regressor,8.9,8.504399999999993,0.39560000000000706,0.39560000000000706
train,random_forest,Random forest regressor,11.1,11.175000000000006,-0.0750000000000064,0.0750000000000064
train,random_forest,Random forest regressor,5.73,8.367100000000011,-2.637100000000011,2.637100000000011
train,random_forest,Random forest regressor,12.47,10.312200000000013,2.1577999999999875,2.1577999999999875
train,random_forest,Random forest regressor,17.69,15.19270000000002,2.4972999999999814,2.4972999999999814
train,random_forest,Random forest regressor,18.32,15.615799999999995,2.7042000000000055,2.7042000000000055
train,random_forest,Random forest regressor,1.88,2.1669999999999963,-0.28699999999999637,0.28699999999999637
train,random_forest,Random forest regressor,17.0,15.9866,1.0134000000000007,1.0134000000000007
train,random_forest,Random forest regressor,14.85,15.661799999999985,-0.8117999999999856,0.8117999999999856
train,random_forest,Random forest regressor,15.66,16.31060000000002,-0.6506000000000185,0.6506000000000185
train,random_forest,Random forest regressor,9.28,9.900099999999991,-0.6200999999999919,0.6200999999999919
train,random_forest,Random forest regressor,6.87,6.718600000000004,0.1513999999999962,0.1513999999999962
train,random_forest,Random forest regressor,10.88,10.836800000000004,0.04319999999999702,0.04319999999999702
train,random_forest,Random forest regressor,11.01,11.100200000000003,-0.09020000000000294,0.09020000000000294
train,random_forest,Random forest regressor,2.14,2.3621999999999956,-0.2221999999999955,0.2221999999999955
train,random_forest,Random forest regressor,8.08,7.55390000000001,0.5260999999999898,0.5260999999999898
train,random_forest,Random forest regressor,20.16,19.221000000000025,0.9389999999999752,0.9389999999999752
train,random_forest,Random forest regressor,18.21,17.844500000000014,0.3654999999999866,0.3654999999999866
train,random_forest,Random forest regressor,17.38,16.97060000000003,0.40939999999996957,0.40939999999996957
train,random_forest,Random forest regressor,13.59,12.516400000000003,1.0735999999999972,1.0735999999999972
train,random_forest,Random forest regressor,11.43,12.5753,-1.1453000000000007,1.1453000000000007
train,random_forest,Random forest regressor,2.2,2.4341999999999957,-0.23419999999999552,0.23419999999999552
train,random_forest,Random forest regressor,14.55,16.06139999999998,-1.5113999999999805,1.5113999999999805
train,random_forest,Random forest regressor,20.36,19.06479999999997,1.2952000000000297,1.2952000000000297
train,random_forest,Random forest regressor,17.49,17.23650000000001,0.2534999999999883,0.2534999999999883
train,random_forest,Random forest regressor,5.11,6.901500000000006,-1.7915000000000054,1.7915000000000054
train,random_forest,Random forest regressor,12.69,11.896600000000024,0.7933999999999752,0.7933999999999752
train,random_forest,Random forest regressor,11.19,11.403000000000018,-0.21300000000001873,0.21300000000001873
train,random_forest,Random forest regressor,6.41,8.5507,-2.1407000000000007,2.1407000000000007
train,random_forest,Random forest regressor,9.79,9.523799999999996,0.2662000000000031,0.2662000000000031
train,random_forest,Random forest regressor,8.64,8.632799999999992,0.007200000000008089,0.007200000000008089
train,random_forest,Random forest regressor,2.48,2.7687999999999993,-0.2887999999999993,0.2887999999999993
train,random_forest,Random forest regressor,6.45,5.440266666666663,1.0097333333333376,1.0097333333333376
train,random_forest,Random forest regressor,6.42,6.148099999999997,0.27190000000000314,0.27190000000000314
train,random_forest,Random forest regressor,2.07,2.8973999999999966,-0.8273999999999968,0.8273999999999968
train,random_forest,Random forest regressor,5.55,5.065100000000006,0.48489999999999345,0.48489999999999345
train,random_forest,Random forest regressor,2.51,2.565299999999999,-0.05529999999999902,0.05529999999999902
train,random_forest,Random forest regressor,4.0,4.0817,-0.08169999999999966,0.08169999999999966
train,random_forest,Random forest regressor,0.44,2.167999999999999,-1.7279999999999989,1.7279999999999989
train,random_forest,Random forest regressor,5.8,5.4498,0.35020000000000007,0.35020000000000007
train,random_forest,Random forest regressor,1.92,5.04565,-3.1256500000000003,3.1256500000000003
train,random_forest,Random forest regressor,8.2,8.877100000000006,-0.6771000000000065,0.6771000000000065
train,random_forest,Random forest regressor,2.8,4.342200000000004,-1.5422000000000038,1.5422000000000038
train,random_forest,Random forest regressor,16.0,13.926000000000004,2.0739999999999963,2.0739999999999963
train,random_forest,Random forest regressor,13.18,12.565199999999997,0.6148000000000025,0.6148000000000025
train,random_forest,Random forest regressor,1.92,2.333399999999998,-0.413399999999998,0.413399999999998
train,random_forest,Random forest regressor,1.46,1.7510000000000003,-0.29100000000000037,0.29100000000000037
train,random_forest,Random forest regressor,4.55,4.3517000000000055,0.19829999999999437,0.19829999999999437
train,random_forest,Random forest regressor,3.94,4.935999999999998,-0.9959999999999982,0.9959999999999982
train,random_forest,Random forest regressor,2.0,2.397399999999999,-0.39739999999999887,0.39739999999999887
train,random_forest,Random forest regressor,6.36,5.4906000000000095,0.8693999999999908,0.8693999999999908
train,random_forest,Random forest regressor,2.87,2.928400000000002,-0.058400000000002006,0.058400000000002006
train,random_forest,Random forest regressor,2.8,3.0722000000000036,-0.2722000000000038,0.2722000000000038
train,random_forest,Random forest regressor,2.11,2.4582000000000033,-0.3482000000000034,0.3482000000000034
train,random_forest,Random forest regressor,6.52,6.3201999999999945,0.19980000000000508,0.19980000000000508
train,random_forest,Random forest regressor,6.24,6.2169000000000025,0.023099999999997678,0.023099999999997678
train,random_forest,Random forest regressor,13.45,10.825000000000014,2.624999999999986,2.624999999999986
train,random_forest,Random forest regressor,5.07,5.193099999999995,-0.12309999999999466,0.12309999999999466
train,random_forest,Random forest regressor,2.73,3.289866666666667,-0.5598666666666672,0.5598666666666672
train,random_forest,Random forest regressor,3.66,3.1867333333333345,0.4732666666666656,0.4732666666666656
train,random_forest,Random forest regressor,2.74,3.1867333333333345,-0.4467333333333343,0.4467333333333343
train,random_forest,Random forest regressor,3.62,4.049666666666669,-0.42966666666666864,0.42966666666666864
train,random_forest,Random forest regressor,10.42,8.717099999999993,1.7029000000000067,1.7029000000000067
train,random_forest,Random forest regressor,2.42,3.0886999999999984,-0.6686999999999985,0.6686999999999985
train,random_forest,Random forest regressor,3.85,3.7340000000000035,0.11599999999999655,0.11599999999999655
train,random_forest,Random forest regressor,2.35,2.290599999999998,0.059400000000001896,0.059400000000001896
train,random_forest,Random forest regressor,3.68,3.776813333333337,-0.09681333333333697,0.09681333333333697
train,random_forest,Random forest regressor,4.37,4.202080000000002,0.16791999999999785,0.16791999999999785
train,random_forest,Random forest regressor,6.51,5.951299999999996,0.5587000000000035,0.5587000000000035
train,random_forest,Random forest regressor,4.6,4.739100000000006,-0.13910000000000622,0.13910000000000622
train,random_forest,Random forest regressor,5.45,4.749299999999995,0.7007000000000048,0.7007000000000048
train,random_forest,Random forest regressor,4.16,4.388100000000007,-0.22810000000000663,0.22810000000000663
train,random_forest,Random forest regressor,1.86,2.745500000000005,-0.8855000000000051,0.8855000000000051
train,random_forest,Random forest regressor,6.4,6.312499999999991,0.08750000000000924,0.08750000000000924
train,random_forest,Random forest regressor,5.66,5.405500000000006,0.25449999999999395,0.25449999999999395
train,random_forest,Random forest regressor,3.77,3.8407999999999993,-0.07079999999999931,0.07079999999999931
train,random_forest,Random forest regressor,2.35,2.4673999999999983,-0.11739999999999817,0.11739999999999817
train,random_forest,Random forest regressor,6.29,5.609400000000003,0.6805999999999974,0.6805999999999974
train,random_forest,Random forest regressor,2.92,3.0001999999999986,-0.08019999999999872,0.08019999999999872
train,random_forest,Random forest regressor,1.91,2.2451999999999974,-0.3351999999999975,0.3351999999999975
train,random_forest,Random forest regressor,1.72,2.020399999999999,-0.3003999999999991,0.3003999999999991
train,random_forest,Random forest regressor,2.88,2.902499999999998,-0.022499999999998188,0.022499999999998188
train,random_forest,Random forest regressor,2.96,3.4458999999999964,-0.48589999999999645,0.48589999999999645
train,random_forest,Random forest regressor,2.81,3.8374999999999995,-1.0274999999999994,1.0274999999999994
train,random_forest,Random forest regressor,5.01,5.027499999999996,-0.01749999999999652,0.01749999999999652
train,random_forest,Random forest regressor,5.03,5.249399999999991,-0.2193999999999905,0.2193999999999905
train,random_forest,Random forest regressor,4.53,4.9056999999999915,-0.37569999999999126,0.37569999999999126
train,random_forest,Random forest regressor,2.3,2.3684000000000025,-0.06840000000000268,0.06840000000000268
train,random_forest,Random forest regressor,2.3,2.3684000000000025,-0.06840000000000268,0.06840000000000268
train,random_forest,Random forest regressor,2.25,2.4718000000000004,-0.22180000000000044,0.22180000000000044
train,random_forest,Random forest regressor,6.07,5.891300000000002,0.1786999999999983,0.1786999999999983
train,random_forest,Random forest regressor,2.65,2.884400000000001,-0.23440000000000127,0.23440000000000127
train,random_forest,Random forest regressor,2.31,2.341800000000001,-0.03180000000000094,0.03180000000000094
train,random_forest,Random forest regressor,3.03,3.3549999999999964,-0.3249999999999966,0.3249999999999966
train,random_forest,Random forest regressor,2.37,3.0902000000000016,-0.7202000000000015,0.7202000000000015
train,random_forest,Random forest regressor,6.52,6.353099999999992,0.16690000000000715,0.16690000000000715
train,random_forest,Random forest regressor,5.77,5.392899999999995,0.3771000000000049,0.3771000000000049
train,random_forest,Random forest regressor,5.13,5.205699999999996,-0.07569999999999588,0.07569999999999588
train,random_forest,Random forest regressor,6.58,5.9063,0.6737000000000002,0.6737000000000002
train,random_forest,Random forest regressor,4.26,4.451699999999997,-0.19169999999999732,0.19169999999999732
train,random_forest,Random forest regressor,0.97,2.7459000000000002,-1.7759000000000003,1.7759000000000003
train,random_forest,Random forest regressor,3.23,5.460700000000005,-2.2307000000000055,2.2307000000000055
train,random_forest,Random forest regressor,2.77,3.2939999999999987,-0.5239999999999987,0.5239999999999987
train,random_forest,Random forest regressor,2.01,2.357599999999998,-0.34759999999999813,0.34759999999999813
train,random_forest,Random forest regressor,1.85,2.125499999999997,-0.27549999999999697,0.27549999999999697
train,random_forest,Random forest regressor,1.61,1.8955000000000024,-0.2855000000000023,0.2855000000000023
train,random_forest,Random forest regressor,5.21,4.6348799999999954,0.5751200000000045,0.5751200000000045
train,random_forest,Random forest regressor,2.0,2.7691000000000003,-0.7691000000000003,0.7691000000000003
train,random_forest,Random forest regressor,2.71,3.2841599999999986,-0.5741599999999987,0.5741599999999987
train,random_forest,Random forest regressor,2.61,2.950500000000005,-0.3405000000000049,0.3405000000000049
train,random_forest,Random forest regressor,5.38,5.195499999999998,0.18450000000000166,0.18450000000000166
train,random_forest,Random forest regressor,3.01,3.2471999999999963,-0.23719999999999652,0.23719999999999652
train,random_forest,Random forest regressor,3.26,3.359799999999997,-0.099799999999997,0.099799999999997
train,random_forest,Random forest regressor,4.05,4.079500000000002,-0.029500000000002302,0.029500000000002302
train,random_forest,Random forest regressor,4.95,4.437879999999995,0.5121200000000048,0.5121200000000048
train,random_forest,Random forest regressor,3.71,4.3532999999999955,-0.6432999999999955,0.6432999999999955
train,random_forest,Random forest regressor,3.19,5.4978,-2.3078,2.3078
train,random_forest,Random forest regressor,5.32,4.216599999999998,1.1034000000000024,1.1034000000000024
train,random_forest,Random forest regressor,3.73,4.057700000000002,-0.3277000000000023,0.3277000000000023
train,random_forest,Random forest regressor,3.94,4.526999999999999,-0.5869999999999993,0.5869999999999993
train,random_forest,Random forest regressor,6.68,6.519599999999996,0.16040000000000365,0.16040000000000365
train,random_forest,Random forest regressor,2.67,2.7849999999999984,-0.11499999999999844,0.11499999999999844
train,random_forest,Random forest regressor,2.9,3.2612999999999976,-0.36129999999999773,0.36129999999999773
train,random_forest,Random forest regressor,5.1,5.039200000000003,0.06079999999999686,0.06079999999999686
train,random_forest,Random forest regressor,4.53,4.563299999999992,-0.03329999999999167,0.03329999999999167
train,random_forest,Random forest regressor,2.15,3.8349999999999977,-1.6849999999999978,1.6849999999999978
train,random_forest,Random forest regressor,8.65,9.028199999999993,-0.37819999999999254,0.37819999999999254
train,random_forest,Random forest regressor,7.98,6.7590000000000074,1.220999999999993,1.220999999999993
train,random_forest,Random forest regressor,2.5,2.793499999999999,-0.293499999999999,0.293499999999999
train,random_forest,Random forest regressor,2.39,2.3841999999999963,0.005800000000003802,0.005800000000003802
train,random_forest,Random forest regressor,2.28,2.3644,-0.08440000000000003,0.08440000000000003
train,random_forest,Random forest regressor,2.57,2.693599999999996,-0.12359999999999616,0.12359999999999616
train,random_forest,Random forest regressor,3.37,3.7289000000000017,-0.35890000000000155,0.35890000000000155
train,random_forest,Random forest regressor,3.4,4.0658999999999965,-0.6658999999999966,0.6658999999999966
train,random_forest,Random forest regressor,3.02,3.7116999999999996,-0.6916999999999995,0.6916999999999995
train,random_forest,Random forest regressor,3.56,4.012100000000001,-0.45210000000000106,0.45210000000000106
train,random_forest,Random forest regressor,6.03,5.755599999999991,0.27440000000000886,0.27440000000000886
train,random_forest,Random forest regressor,5.24,5.324300000000001,-0.08430000000000071,0.08430000000000071
train,random_forest,Random forest regressor,7.6,7.078700000000008,0.5212999999999912,0.5212999999999912
train,random_forest,Random forest regressor,7.12,6.0007,1.1193,1.1193
train,random_forest,Random forest regressor,21.47,18.248400000000014,3.2215999999999845,3.2215999999999845
train,random_forest,Random forest regressor,3.79,3.2813,0.5087000000000002,0.5087000000000002
train,random_forest,Random forest regressor,2.03,3.3206999999999964,-1.2906999999999966,1.2906999999999966
train,random_forest,Random forest regressor,2.91,3.2150000000000016,-0.3050000000000015,0.3050000000000015
train,random_forest,Random forest regressor,6.08,6.207100000000002,-0.1271000000000022,0.1271000000000022
train,random_forest,Random forest regressor,8.71,7.941500000000007,0.7684999999999942,0.7684999999999942
train,random_forest,Random forest regressor,5.08,5.163399999999999,-0.08339999999999925,0.08339999999999925
train,random_forest,Random forest regressor,5.1,5.152400000000005,-0.052400000000005775,0.052400000000005775
train,random_forest,Random forest regressor,10.0,7.996899999999999,2.0031000000000008,2.0031000000000008
train,random_forest,Random forest regressor,5.35,5.508360000000006,-0.15836000000000627,0.15836000000000627
train,random_forest,Random forest regressor,10.42,7.116262857142852,3.3037371428571483,3.3037371428571483
train,random_forest,Random forest regressor,4.06,7.116262857142852,-3.056262857142852,3.056262857142852
train,random_forest,Random forest regressor,6.22,5.969020000000012,0.25097999999998777,0.25097999999998777
train,random_forest,Random forest regressor,5.74,5.639100000000004,0.10089999999999577,0.10089999999999577
train,random_forest,Random forest regressor,4.4,4.930399999999996,-0.5303999999999958,0.5303999999999958
train,random_forest,Random forest regressor,11.88,9.707399999999994,2.1726000000000063,2.1726000000000063
train,random_forest,Random forest regressor,8.85,8.335300000000009,0.5146999999999906,0.5146999999999906
train,random_forest,Random forest regressor,3.42,3.6849000000000007,-0.2649000000000008,0.2649000000000008
train,random_forest,Random forest regressor,3.57,3.5101999999999958,0.05980000000000407,0.05980000000000407
train,random_forest,Random forest regressor,4.1,5.631900000000006,-1.5319000000000065,1.5319000000000065
train,random_forest,Random forest regressor,7.66,7.3896999999999995,0.27030000000000065,0.27030000000000065
train,random_forest,Random forest regressor,5.93,6.142099999999998,-0.21209999999999862,0.21209999999999862
train,random_forest,Random forest regressor,4.4,4.119499999999999,0.28050000000000175,0.28050000000000175
train,random_forest,Random forest regressor,11.11,10.564,0.5459999999999994,0.5459999999999994
train,random_forest,Random forest regressor,5.92,6.784399999999997,-0.8643999999999972,0.8643999999999972
train,random_forest,Random forest regressor,11.93,11.39059999999999,0.5394000000000094,0.5394000000000094
train,random_forest,Random forest regressor,8.51,8.354299999999993,0.1557000000000066,0.1557000000000066
train,random_forest,Random forest regressor,2.75,3.3738000000000006,-0.6238000000000006,0.6238000000000006
train,random_forest,Random forest regressor,3.65,3.7810999999999955,-0.13109999999999555,0.13109999999999555
train,random_forest,Random forest regressor,2.16,2.3002999999999987,-0.14029999999999854,0.14029999999999854
train,random_forest,Random forest regressor,4.01,4.125699999999996,-0.11569999999999592,0.11569999999999592
train,random_forest,Random forest regressor,2.75,3.7650999999999994,-1.0150999999999994,1.0150999999999994
train,random_forest,Random forest regressor,5.98,5.763000000000004,0.21699999999999608,0.21699999999999608
train,random_forest,Random forest regressor,8.45,9.007900000000008,-0.5579000000000089,0.5579000000000089
train,random_forest,Random forest regressor,3.76,3.3987999999999965,0.3612000000000033,0.3612000000000033
train,random_forest,Random forest regressor,2.4,2.7423000000000015,-0.3423000000000016,0.3423000000000016
train,random_forest,Random forest regressor,2.53,2.5863000000000005,-0.05630000000000068,0.05630000000000068
train,random_forest,Random forest regressor,5.28,5.704299999999992,-0.4242999999999917,0.4242999999999917
train,random_forest,Random forest regressor,5.44,7.814900000000007,-2.3749000000000065,2.3749000000000065
train,random_forest,Random forest regressor,1.75,2.1324,-0.3824000000000001,0.3824000000000001
train,random_forest,Random forest regressor,1.81,2.149700000000001,-0.339700000000001,0.339700000000001
train,random_forest,Random forest regressor,1.9,1.9968000000000024,-0.09680000000000244,0.09680000000000244
train,random_forest,Random forest regressor,2.06,2.051200000000002,0.008799999999998143,0.008799999999998143
train,random_forest,Random forest regressor,2.15,2.2239000000000027,-0.07390000000000274,0.07390000000000274
train,random_forest,Random forest regressor,6.77,6.037599999999995,0.7324000000000046,0.7324000000000046
train,random_forest,Random forest regressor,8.07,6.0512000000000015,2.018799999999999,2.018799999999999
train,random_forest,Random forest regressor,1.83,2.7856000000000036,-0.9556000000000036,0.9556000000000036
train,random_forest,Random forest regressor,6.48,6.680200000000002,-0.2002000000000015,0.2002000000000015
train,random_forest,Random forest regressor,8.53,7.52069999999999,1.0093000000000094,1.0093000000000094
train,random_forest,Random forest regressor,12.17,9.50169999999999,2.668300000000009,2.668300000000009
train,random_forest,Random forest regressor,2.4,3.794999999999996,-1.394999999999996,1.394999999999996
train,random_forest,Random forest regressor,7.71,6.689700000000003,1.020299999999997,1.020299999999997
train,random_forest,Random forest regressor,7.77,7.397899999999994,0.37210000000000587,0.37210000000000587
train,random_forest,Random forest regressor,3.23,3.459200000000001,-0.22920000000000096,0.22920000000000096
train,random_forest,Random forest regressor,2.43,3.2989000000000015,-0.8689000000000013,0.8689000000000013
train,random_forest,Random forest regressor,10.95,8.680700000000012,2.269299999999987,2.269299999999987
train,random_forest,Random forest regressor,3.68,4.690500000000001,-1.0105000000000008,1.0105000000000008
train,random_forest,Random forest regressor,8.07,7.237000000000005,0.8329999999999949,0.8329999999999949
train,random_forest,Random forest regressor,5.93,5.678100000000003,0.25189999999999646,0.25189999999999646
train,random_forest,Random forest regressor,6.01,5.540399999999997,0.46960000000000246,0.46960000000000246
train,random_forest,Random forest regressor,5.75,5.2913,0.45870000000000033,0.45870000000000033
train,random_forest,Random forest regressor,5.92,5.553100000000003,0.3668999999999967,0.3668999999999967
train,random_forest,Random forest regressor,4.21,5.216599999999992,-1.0065999999999917,1.0065999999999917
train,random_forest,Random forest regressor,12.38,11.324800000000003,1.0551999999999975,1.0551999999999975
train,random_forest,Random forest regressor,12.56,12.382899999999983,0.17710000000001713,0.17710000000001713
train,random_forest,Random forest regressor,12.41,11.179300000000001,1.2306999999999988,1.2306999999999988
train,random_forest,Random forest regressor,10.46,10.753066666666678,-0.293066666666677,0.293066666666677
train,random_forest,Random forest regressor,4.37,4.358300000000003,0.011699999999996713,0.011699999999996713
train,random_forest,Random forest regressor,9.27,10.117499999999996,-0.8474999999999966,0.8474999999999966
train,random_forest,Random forest regressor,10.82,10.764400000000009,0.05559999999999121,0.05559999999999121
train,random_forest,Random forest regressor,8.25,9.405800000000001,-1.155800000000001,1.155800000000001
train,random_forest,Random forest regressor,4.55,4.5229000000000035,0.02709999999999635,0.02709999999999635
train,random_forest,Random forest regressor,2.4,2.4414000000000025,-0.041400000000002546,0.041400000000002546
train,random_forest,Random forest regressor,1.85,2.2481999999999984,-0.39819999999999833,0.39819999999999833
train,random_forest,Random forest regressor,2.61,2.7143000000000046,-0.10430000000000472,0.10430000000000472
train,random_forest,Random forest regressor,4.54,4.980600000000006,-0.4406000000000061,0.4406000000000061
train,random_forest,Random forest regressor,11.6,10.48190000000001,1.1180999999999894,1.1180999999999894
train,random_forest,Random forest regressor,3.79,3.7006000000000023,0.0893999999999977,0.0893999999999977
train,random_forest,Random forest regressor,4.55,4.222100000000005,0.3278999999999952,0.3278999999999952
train,random_forest,Random forest regressor,2.65,3.1596,-0.5096000000000003,0.5096000000000003
train,random_forest,Random forest regressor,9.73,8.957700000000006,0.7722999999999942,0.7722999999999942
train,random_forest,Random forest regressor,2.09,2.247400000000002,-0.1574000000000022,0.1574000000000022
train,random_forest,Random forest regressor,2.43,2.398500000000002,0.031499999999998085,0.031499999999998085
train,random_forest,Random forest regressor,1.24,1.8279000000000007,-0.5879000000000008,0.5879000000000008
train,random_forest,Random forest regressor,2.12,2.151000000000003,-0.031000000000002803,0.031000000000002803
train,random_forest,Random forest regressor,2.18,2.1778000000000035,0.002199999999996649,0.002199999999996649
train,random_forest,Random forest regressor,4.55,4.701800000000006,-0.15180000000000593,0.15180000000000593
train,random_forest,Random forest regressor,9.47,8.678100000000011,0.7918999999999894,0.7918999999999894
train,random_forest,Random forest regressor,12.9,11.2585,1.6415000000000006,1.6415000000000006
train,random_forest,Random forest regressor,5.69,6.325800000000006,-0.6358000000000059,0.6358000000000059
train,random_forest,Random forest regressor,5.1,5.237800000000006,-0.13780000000000658,0.13780000000000658
train,random_forest,Random forest regressor,3.5,4.285299999999999,-0.7852999999999994,0.7852999999999994
train,random_forest,Random forest regressor,2.16,2.4578999999999986,-0.2978999999999985,0.2978999999999985
train,random_forest,Random forest regressor,2.55,2.669600000000003,-0.11960000000000326,0.11960000000000326
train,random_forest,Random forest regressor,2.16,2.225299999999999,-0.0652999999999988,0.0652999999999988
train,random_forest,Random forest regressor,2.23,2.628799999999998,-0.3987999999999978,0.3987999999999978
train,random_forest,Random forest regressor,4.04,4.281000000000002,-0.24100000000000232,0.24100000000000232
train,random_forest,Random forest regressor,4.41,4.431900000000007,-0.021900000000006692,0.021900000000006692
train,random_forest,Random forest regressor,5.08,5.112499999999995,-0.03249999999999531,0.03249999999999531
train,random_forest,Random forest regressor,5.08,5.0388999999999955,0.04110000000000458,0.04110000000000458
train,random_forest,Random forest regressor,10.1,9.493900000000007,0.6060999999999925,0.6060999999999925
train,random_forest,Random forest regressor,4.89,4.830999999999995,0.059000000000004604,0.059000000000004604
train,random_forest,Random forest regressor,11.85,12.440199999999997,-0.5901999999999976,0.5901999999999976
train,random_forest,Random forest regressor,4.57,5.8546000000000005,-1.2846000000000002,1.2846000000000002
train,random_forest,Random forest regressor,2.43,2.9960000000000035,-0.5660000000000034,0.5660000000000034
train,random_forest,Random forest regressor,10.18,9.66839999999999,0.5116000000000103,0.5116000000000103
train,random_forest,Random forest regressor,12.0,11.241600000000004,0.7583999999999964,0.7583999999999964
train,random_forest,Random forest regressor,10.58,10.865000000000014,-0.28500000000001435,0.28500000000001435
train,random_forest,Random forest regressor,12.14,11.8916,0.24840000000000018,0.24840000000000018
train,random_forest,Random forest regressor,4.06,4.1928,-0.13280000000000047,0.13280000000000047
train,random_forest,Random forest regressor,4.7,4.574899999999997,0.12510000000000332,0.12510000000000332
train,random_forest,Random forest regressor,2.01,3.7428999999999952,-1.7328999999999954,1.7328999999999954
train,random_forest,Random forest regressor,6.6,5.190700000000006,1.4092999999999938,1.4092999999999938
train,random_forest,Random forest regressor,5.09,5.193099999999991,-0.10309999999999153,0.10309999999999153
train,random_forest,Random forest regressor,5.13,5.176999999999993,-0.04699999999999349,0.04699999999999349
train,random_forest,Random forest regressor,5.01,5.3360999999999965,-0.3260999999999967,0.3260999999999967
train,random_forest,Random forest regressor,3.49,4.710200000000004,-1.2202000000000037,1.2202000000000037
train,random_forest,Random forest regressor,7.79,6.750499999999999,1.0395000000000012,1.0395000000000012
train,random_forest,Random forest regressor,7.52,5.805099999999994,1.7149000000000054,1.7149000000000054
train,random_forest,Random forest regressor,3.2,2.9617999999999967,0.23820000000000352,0.23820000000000352
train,random_forest,Random forest regressor,4.26,4.333999999999998,-0.07399999999999807,0.07399999999999807
train,random_forest,Random forest regressor,7.76,6.423699999999994,1.3363000000000058,1.3363000000000058
train,random_forest,Random forest regressor,4.38,4.5382,-0.1581999999999999,0.1581999999999999
train,random_forest,Random forest regressor,1.43,2.0356000000000027,-0.6056000000000028,0.6056000000000028
train,random_forest,Random forest regressor,5.76,4.8257599999999945,0.9342400000000053,0.9342400000000053
train,random_forest,Random forest regressor,3.27,4.133899999999998,-0.8638999999999979,0.8638999999999979
train,random_forest,Random forest regressor,4.37,5.035400000000001,-0.6654000000000009,0.6654000000000009
train,random_forest,Random forest regressor,3.7,2.9643999999999973,0.7356000000000029,0.7356000000000029
train,random_forest,Random forest regressor,3.87,3.8078000000000025,0.06219999999999759,0.06219999999999759
train,random_forest,Random forest regressor,0.02,1.9614600000000004,-1.9414600000000004,1.9414600000000004
train,random_forest,Random forest regressor,15.0,11.103299999999999,3.896700000000001,3.896700000000001
train,random_forest,Random forest regressor,7.15,8.361999999999991,-1.2119999999999909,1.2119999999999909
train,random_forest,Random forest regressor,-0.2,1.194599999999999,-1.394599999999999,1.394599999999999
train,random_forest,Random forest regressor,1.26,1.987059999999999,-0.7270599999999989,0.7270599999999989
calibration_global,random_forest,Random forest regressor,15.75,11.366033333333323,4.383966666666677,4.383966666666677
calibration_global,random_forest,Random forest regressor,16.75,15.684499999999975,1.065500000000025,1.065500000000025
calibration_global,random_forest,Random forest regressor,16.05,11.8817,4.1683,4.1683
calibration_global,random_forest,Random forest regressor,13.03,12.380699999999996,0.6493000000000038,0.6493000000000038
calibration_global,random_forest,Random forest regressor,6.23,7.591100000000007,-1.3611000000000066,1.3611000000000066
calibration_global,random_forest,Random forest regressor,14.96,12.583825000000006,2.3761749999999946,2.3761749999999946
calibration_global,random_forest,Random forest regressor,4.5,4.7619000000000025,-0.26190000000000246,0.26190000000000246
calibration_global,random_forest,Random forest regressor,12.58,16.545399999999997,-3.965399999999997,3.965399999999997
calibration_global,random_forest,Random forest regressor,7.79,9.39150000000001,-1.6015000000000095,1.6015000000000095
calibration_global,random_forest,Random forest regressor,17.16,9.451168333333326,7.708831666666674,7.708831666666674
calibration_global,random_forest,Random forest regressor,21.6,19.638399999999976,1.9616000000000255,1.9616000000000255
calibration_global,random_forest,Random forest regressor,16.08,14.842599999999994,1.2374000000000045,1.2374000000000045
calibration_global,random_forest,Random forest regressor,23.68,18.233200000000004,5.446799999999996,5.446799999999996
calibration_global,random_forest,Random forest regressor,22.9,18.641300000000005,4.258699999999994,4.258699999999994
calibration_global,random_forest,Random forest regressor,1.9,2.843099999999999,-0.9430999999999989,0.9430999999999989
calibration_global,random_forest,Random forest regressor,1.9,2.843099999999999,-0.9430999999999989,0.9430999999999989
calibration_global,random_forest,Random forest regressor,1.9,2.843099999999999,-0.9430999999999989,0.9430999999999989
calibration_global,random_forest,Random forest regressor,2.05,3.237299999999999,-1.1872999999999991,1.1872999999999991
calibration_global,random_forest,Random forest regressor,3.67,5.065100000000006,-1.3951000000000064,1.3951000000000064
calibration_global,random_forest,Random forest regressor,2.54,3.0885,-0.5484999999999998,0.5484999999999998
calibration_global,random_forest,Random forest regressor,2.46,2.7466999999999997,-0.28669999999999973,0.28669999999999973
calibration_global,random_forest,Random forest regressor,3.07,3.104900000000001,-0.03490000000000126,0.03490000000000126
calibration_global,random_forest,Random forest regressor,3.26,4.971800000000003,-1.7118000000000029,1.7118000000000029
calibration_global,random_forest,Random forest regressor,4.5,5.500600000000003,-1.000600000000003,1.000600000000003
calibration_global,random_forest,Random forest regressor,4.5,5.500600000000003,-1.000600000000003,1.000600000000003
calibration_global,random_forest,Random forest regressor,5.68,5.500600000000003,0.17939999999999667,0.17939999999999667
calibration_global,random_forest,Random forest regressor,4.5,4.351700000000005,0.14829999999999544,0.14829999999999544
calibration_global,random_forest,Random forest regressor,4.21,3.886380000000002,0.3236199999999978,0.3236199999999978
calibration_global,random_forest,Random forest regressor,4.6,4.0805000000000025,0.5194999999999972,0.5194999999999972
calibration_global,random_forest,Random forest regressor,2.2,2.5554999999999994,-0.35549999999999926,0.35549999999999926
calibration_global,random_forest,Random forest regressor,2.45,2.7426000000000013,-0.2926000000000011,0.2926000000000011
calibration_global,random_forest,Random forest regressor,4.03,4.937700000000002,-0.907700000000002,0.907700000000002
calibration_global,random_forest,Random forest regressor,2.65,4.937700000000002,-2.2877000000000023,2.2877000000000023
calibration_global,random_forest,Random forest regressor,4.8,6.3201999999999945,-1.5201999999999947,1.5201999999999947
calibration_global,random_forest,Random forest regressor,6.52,6.3201999999999945,0.19980000000000508,0.19980000000000508
calibration_global,random_forest,Random forest regressor,4.8,4.834999999999997,-0.03499999999999748,0.03499999999999748
calibration_global,random_forest,Random forest regressor,6.48,5.434299999999997,1.0457000000000036,1.0457000000000036
calibration_global,random_forest,Random forest regressor,6.24,6.216900000000002,0.023099999999998566,0.023099999999998566
calibration_global,random_forest,Random forest regressor,5.1,4.251080000000003,0.848919999999997,0.848919999999997
calibration_global,random_forest,Random forest regressor,3.38,3.4622599999999992,-0.08225999999999933,0.08225999999999933
calibration_global,random_forest,Random forest regressor,4.56,5.951299999999995,-1.3912999999999958,1.3912999999999958
calibration_global,random_forest,Random forest regressor,5.66,5.129100000000003,0.5308999999999973,0.5308999999999973
calibration_global,random_forest,Random forest regressor,4.45,5.129100000000003,-0.6791000000000027,0.6791000000000027
calibration_global,random_forest,Random forest regressor,4.59,4.949900000000003,-0.3599000000000032,0.3599000000000032
calibration_global,random_forest,Random forest regressor,6.5,7.173299999999996,-0.6732999999999958,0.6732999999999958
calibration_global,random_forest,Random forest regressor,5.52,5.187800000000006,0.33219999999999317,0.33219999999999317
calibration_global,random_forest,Random forest regressor,5.62,5.187800000000006,0.4321999999999937,0.4321999999999937
calibration_global,random_forest,Random forest regressor,5.36,5.1135000000000055,0.24649999999999483,0.24649999999999483
calibration_global,random_forest,Random forest regressor,5.5,5.1135000000000055,0.3864999999999945,0.3864999999999945
calibration_global,random_forest,Random forest regressor,2.62,2.5237,0.09630000000000027,0.09630000000000027
calibration_global,random_forest,Random forest regressor,6.52,6.353099999999992,0.16690000000000715,0.16690000000000715
calibration_global,random_forest,Random forest regressor,3.88,5.520999999999998,-1.6409999999999982,1.6409999999999982
calibration_global,random_forest,Random forest regressor,3.88,3.2841599999999995,0.5958400000000004,0.5958400000000004
calibration_global,random_forest,Random forest regressor,4.34,4.263979999999998,0.07602000000000153,0.07602000000000153
calibration_global,random_forest,Random forest regressor,4.05,4.079500000000003,-0.02950000000000319,0.02950000000000319
calibration_global,random_forest,Random forest regressor,3.96,4.571200000000001,-0.6112000000000011,0.6112000000000011
calibration_global,random_forest,Random forest regressor,7.89,7.876899999999993,0.013100000000006773,0.013100000000006773
calibration_global,random_forest,Random forest regressor,6.32,6.194900000000003,0.1250999999999971,0.1250999999999971
calibration_global,random_forest,Random forest regressor,8.06,5.616700000000001,2.4433,2.4433
calibration_global,random_forest,Random forest regressor,3.43,4.0658999999999965,-0.6358999999999964,0.6358999999999964
calibration_global,random_forest,Random forest regressor,5.7,5.401599999999995,0.2984000000000053,0.2984000000000053
calibration_global,random_forest,Random forest regressor,5.66,6.244599999999998,-0.5845999999999982,0.5845999999999982
calibration_global,random_forest,Random forest regressor,3.51,3.0824999999999987,0.4275000000000011,0.4275000000000011
calibration_global,random_forest,Random forest regressor,10.27,6.051000000000005,4.218999999999995,4.218999999999995
calibration_global,random_forest,Random forest regressor,9.84,5.740760000000003,4.099239999999996,4.099239999999996
calibration_global,random_forest,Random forest regressor,10.5,5.5867,4.9133,4.9133
calibration_global,random_forest,Random forest regressor,5.35,5.740760000000003,-0.39076000000000377,0.39076000000000377
calibration_global,random_forest,Random forest regressor,4.1,7.116262857142852,-3.016262857142852,3.016262857142852
calibration_global,random_forest,Random forest regressor,13.69,9.172199999999995,4.517800000000005,4.517800000000005
calibration_global,random_forest,Random forest regressor,4.1,5.647200000000007,-1.5472000000000072,1.5472000000000072
calibration_global,random_forest,Random forest regressor,11.26,9.580399999999997,1.6796000000000024,1.6796000000000024
calibration_global,random_forest,Random forest regressor,10.05,8.661399999999997,1.3886000000000038,1.3886000000000038
calibration_global,random_forest,Random forest regressor,8.26,3.167100000000001,5.092899999999998,5.092899999999998
calibration_global,random_forest,Random forest regressor,6.55,6.680200000000002,-0.1302000000000021,0.1302000000000021
calibration_global,random_forest,Random forest regressor,8.45,7.52069999999999,0.9293000000000093,0.9293000000000093
calibration_global,random_forest,Random forest regressor,7.39,6.375200000000002,1.0147999999999975,1.0147999999999975
calibration_global,random_forest,Random forest regressor,2.44,3.815066666666668,-1.375066666666668,1.375066666666668
calibration_global,random_forest,Random forest regressor,4.22,3.903700000000003,0.3162999999999969,0.3162999999999969
calibration_global,random_forest,Random forest regressor,4.3,2.8101999999999974,1.4898000000000025,1.4898000000000025
calibration_global,random_forest,Random forest regressor,6.5,2.6537,3.8463,3.8463
calibration_global,random_forest,Random forest regressor,3.22,4.743299999999998,-1.5232999999999977,1.5232999999999977
calibration_global,random_forest,Random forest regressor,3.03,2.9960000000000035,0.033999999999996255,0.033999999999996255
calibration_global,random_forest,Random forest regressor,0.21,2.1882000000000015,-1.9782000000000015,1.9782000000000015
calibration_global,random_forest,Random forest regressor,2.69,2.178300000000003,0.5116999999999972,0.5116999999999972
calibration_global,random_forest,Random forest regressor,0.58,2.9326999999999983,-2.3526999999999982,2.3526999999999982
calibration_global,random_forest,Random forest regressor,0.03,1.923260000000002,-1.893260000000002,1.893260000000002
calibration_global,random_forest,Random forest regressor,-0.19,1.8476600000000014,-2.0376600000000016,2.0376600000000016
calibration_local,random_forest,Random forest regressor,16.47,15.684499999999975,0.7855000000000238,0.7855000000000238
calibration_local,random_forest,Random forest regressor,16.0,12.065733333333329,3.9342666666666712,3.9342666666666712
calibration_local,random_forest,Random forest regressor,8.09,12.565199999999995,-4.475199999999996,4.475199999999996
calibration_local,random_forest,Random forest regressor,7.16,8.019200000000005,-0.8592000000000048,0.8592000000000048
calibration_local,random_forest,Random forest regressor,15.02,14.247000000000012,0.7729999999999873,0.7729999999999873
calibration_local,random_forest,Random forest regressor,15.49,12.894999999999998,2.5950000000000024,2.5950000000000024
calibration_local,random_forest,Random forest regressor,17.73,5.403835000000006,12.326164999999994,12.326164999999994
calibration_local,random_forest,Random forest regressor,17.73,5.403835000000006,12.326164999999994,12.326164999999994
calibration_local,random_forest,Random forest regressor,18.38,5.403835000000006,12.976164999999993,12.976164999999993
calibration_local,random_forest,Random forest regressor,16.28,15.126299999999999,1.1537000000000024,1.1537000000000024
calibration_local,random_forest,Random forest regressor,16.08,14.842599999999997,1.237400000000001,1.237400000000001
calibration_local,random_forest,Random forest regressor,16.08,14.842599999999997,1.237400000000001,1.237400000000001
calibration_local,random_forest,Random forest regressor,16.6,18.641300000000005,-2.0413000000000032,2.0413000000000032
calibration_local,random_forest,Random forest regressor,2.22,2.8496999999999986,-0.6296999999999984,0.6296999999999984
calibration_local,random_forest,Random forest regressor,1.93,2.9226999999999985,-0.9926999999999986,0.9926999999999986
calibration_local,random_forest,Random forest regressor,1.83,3.2001999999999993,-1.3701999999999992,1.3701999999999992
calibration_local,random_forest,Random forest regressor,2.1,2.897399999999997,-0.797399999999997,0.797399999999997
calibration_local,random_forest,Random forest regressor,2.89,2.8354000000000004,0.05459999999999976,0.05459999999999976
calibration_local,random_forest,Random forest regressor,2.15,2.6300999999999988,-0.48009999999999886,0.48009999999999886
calibration_local,random_forest,Random forest regressor,5.35,4.4742000000000015,0.8757999999999981,0.8757999999999981
calibration_local,random_forest,Random forest regressor,3.83,4.4742000000000015,-0.6442000000000014,0.6442000000000014
calibration_local,random_forest,Random forest regressor,3.87,4.4742000000000015,-0.6042000000000014,0.6042000000000014
calibration_local,random_forest,Random forest regressor,4.5,5.500600000000003,-1.000600000000003,1.000600000000003
calibration_local,random_forest,Random forest regressor,5.68,5.500600000000003,0.17939999999999667,0.17939999999999667
calibration_local,random_forest,Random forest regressor,4.62,5.9901,-1.3700999999999999,1.3700999999999999
calibration_local,random_forest,Random forest regressor,3.71,4.555300000000001,-0.8453000000000008,0.8453000000000008
calibration_local,random_forest,Random forest regressor,4.33,3.7290466666666684,0.6009533333333317,0.6009533333333317
calibration_local,random_forest,Random forest regressor,4.5,4.351700000000005,0.14829999999999544,0.14829999999999544
calibration_local,random_forest,Random forest regressor,3.38,3.2612666666666694,0.11873333333333047,0.11873333333333047
calibration_local,random_forest,Random forest regressor,2.47,2.6933000000000002,-0.22330000000000005,0.22330000000000005
calibration_local,random_forest,Random forest regressor,6.75,4.937700000000002,1.8122999999999978,1.8122999999999978
calibration_local,random_forest,Random forest regressor,3.99,4.937700000000002,-0.947700000000002,0.947700000000002
calibration_local,random_forest,Random forest regressor,4.8,6.3201999999999945,-1.5201999999999947,1.5201999999999947
calibration_local,random_forest,Random forest regressor,6.52,6.3201999999999945,0.19980000000000508,0.19980000000000508
calibration_local,random_forest,Random forest regressor,5.11,5.177599999999997,-0.067599999999997,0.067599999999997
calibration_local,random_forest,Random forest regressor,3.9,5.258399999999999,-1.3583999999999992,1.3583999999999992
calibration_local,random_forest,Random forest regressor,5.05,4.2510800000000035,0.7989199999999963,0.7989199999999963
calibration_local,random_forest,Random forest regressor,2.87,3.096766666666669,-0.226766666666669,0.226766666666669
calibration_local,random_forest,Random forest regressor,4.37,4.202080000000001,0.16791999999999874,0.16791999999999874
calibration_local,random_forest,Random forest regressor,4.49,5.129100000000003,-0.6391000000000027,0.6391000000000027
calibration_local,random_forest,Random forest regressor,4.66,4.739100000000006,-0.07910000000000572,0.07910000000000572
calibration_local,random_forest,Random forest regressor,4.45,4.602500000000003,-0.15250000000000252,0.15250000000000252
calibration_local,random_forest,Random forest regressor,5.12,4.903500000000006,0.2164999999999937,0.2164999999999937
calibration_local,random_forest,Random forest regressor,6.7,6.921499999999997,-0.22149999999999714,0.22149999999999714
calibration_local,random_forest,Random forest regressor,6.58,7.173299999999996,-0.5932999999999957,0.5932999999999957
calibration_local,random_forest,Random forest regressor,5.62,5.187800000000005,0.4321999999999955,0.4321999999999955
calibration_local,random_forest,Random forest regressor,5.02,5.405500000000006,-0.3855000000000066,0.3855000000000066
calibration_local,random_forest,Random forest regressor,5.4,5.252300000000006,0.14769999999999417,0.14769999999999417
calibration_local,random_forest,Random forest regressor,2.74,4.816099999999997,-2.0760999999999967,2.0760999999999967
calibration_local,random_forest,Random forest regressor,2.54,2.9385999999999974,-0.3985999999999974,0.3985999999999974
calibration_local,random_forest,Random forest regressor,6.37,5.501499999999994,0.8685000000000063,0.8685000000000063
calibration_local,random_forest,Random forest regressor,4.38,4.263979999999998,0.11602000000000157,0.11602000000000157
calibration_local,random_forest,Random forest regressor,3.77,3.476239999999998,0.293760000000002,0.293760000000002
calibration_local,random_forest,Random forest regressor,2.95,3.7548800000000004,-0.8048800000000003,0.8048800000000003
calibration_local,random_forest,Random forest regressor,8.12,8.177699999999994,-0.0576999999999952,0.0576999999999952
calibration_local,random_forest,Random forest regressor,8.12,9.027499999999995,-0.9074999999999953,0.9074999999999953
calibration_local,random_forest,Random forest regressor,7.89,5.747400000000002,2.142599999999998,2.142599999999998
calibration_local,random_forest,Random forest regressor,8.06,5.2889,2.7711000000000006,2.7711000000000006
calibration_local,random_forest,Random forest regressor,6.03,5.755599999999991,0.27440000000000886,0.27440000000000886
calibration_local,random_forest,Random forest regressor,5.97,5.142499999999995,0.827500000000005,0.827500000000005
calibration_local,random_forest,Random forest regressor,4.83,2.660299999999999,2.169700000000001,2.169700000000001
calibration_local,random_forest,Random forest regressor,3.88,2.8009999999999993,1.0790000000000006,1.0790000000000006
calibration_local,random_forest,Random forest regressor,4.36,3.608899999999997,0.7511000000000032,0.7511000000000032
calibration_local,random_forest,Random forest regressor,9.1,5.7407600000000025,3.359239999999997,3.359239999999997
calibration_local,random_forest,Random forest regressor,9.1,5.508360000000006,3.5916399999999937,3.5916399999999937
calibration_local,random_forest,Random forest regressor,8.88,5.677560000000005,3.2024399999999957,3.2024399999999957
calibration_local,random_forest,Random forest regressor,11.05,9.5944,1.4556000000000004,1.4556000000000004
calibration_local,random_forest,Random forest regressor,10.71,9.400799999999998,1.3092000000000024,1.3092000000000024
calibration_local,random_forest,Random forest regressor,11.11,9.6549,1.4550999999999998,1.4550999999999998
calibration_local,random_forest,Random forest regressor,11.1,8.221099999999996,2.8789000000000033,2.8789000000000033
calibration_local,random_forest,Random forest regressor,11.23,9.580399999999997,1.649600000000003,1.649600000000003
calibration_local,random_forest,Random forest regressor,10.91,6.0354000000000045,4.874599999999996,4.874599999999996
calibration_local,random_forest,Random forest regressor,11.41,7.52069999999999,3.88930000000001,3.88930000000001
calibration_local,random_forest,Random forest regressor,7.39,6.3938999999999995,0.9961000000000002,0.9961000000000002
calibration_local,random_forest,Random forest regressor,3.05,3.7252000000000023,-0.6752000000000025,0.6752000000000025
calibration_local,random_forest,Random forest regressor,4.77,4.622200000000004,0.1477999999999957,0.1477999999999957
calibration_local,random_forest,Random forest regressor,2.83,2.650600000000003,0.17939999999999712,0.17939999999999712
calibration_local,random_forest,Random forest regressor,2.12,2.4636000000000013,-0.34360000000000124,0.34360000000000124
calibration_local,random_forest,Random forest regressor,-0.06,2.1061000000000023,-2.1661000000000024,2.1661000000000024
calibration_local,random_forest,Random forest regressor,3.09,2.159100000000002,0.9308999999999981,0.9308999999999981
calibration_local,random_forest,Random forest regressor,7.01,3.6811000000000003,3.3288999999999995,3.3288999999999995
calibration_local,random_forest,Random forest regressor,2.79,2.2311000000000027,0.5588999999999973,0.5588999999999973
calibration_local,random_forest,Random forest regressor,2.7,2.1783000000000023,0.5216999999999978,0.5216999999999978
calibration_local,random_forest,Random forest regressor,-0.11,1.8672600000000008,-1.977260000000001,1.977260000000001
calibration_local,random_forest,Random forest regressor,-0.19,1.8476600000000005,-2.0376600000000007,2.0376600000000007
calibration_local,random_forest,Random forest regressor,-0.12,1.9401000000000004,-2.0601000000000003,2.0601000000000003
calibration_local,random_forest,Random forest regressor,1.79,2.3999000000000024,-0.6099000000000023,0.6099000000000023
test,random_forest,Random forest regressor,4.22,4.403799999999998,-0.18379999999999797,0.18379999999999797
test,random_forest,Random forest regressor,12.53,11.376999999999988,1.1530000000000111,1.1530000000000111
test,random_forest,Random forest regressor,11.15,12.47897499999999,-1.3289749999999891,1.3289749999999891
test,random_forest,Random forest regressor,6.58,7.350600000000006,-0.7706000000000062,0.7706000000000062
test,random_forest,Random forest regressor,14.7,13.044300000000007,1.6556999999999924,1.6556999999999924
test,random_forest,Random forest regressor,3.27,7.1589,-3.8889,3.8889
test,random_forest,Random forest regressor,4.52,4.469800000000007,0.05019999999999225,0.05019999999999225
test,random_forest,Random forest regressor,9.03,8.257599999999998,0.7724000000000011,0.7724000000000011
test,random_forest,Random forest regressor,4.45,4.761900000000002,-0.3119000000000014,0.3119000000000014
test,random_forest,Random forest regressor,13.27,11.40100000000001,1.8689999999999891,1.8689999999999891
test,random_forest,Random forest regressor,17.54,16.545399999999997,0.9946000000000019,0.9946000000000019
test,random_forest,Random forest regressor,12.36,13.338699999999987,-0.9786999999999875,0.9786999999999875
test,random_forest,Random forest regressor,12.88,12.957499999999996,-0.07749999999999524,0.07749999999999524
test,random_forest,Random forest regressor,9.8,8.168699999999992,1.6313000000000084,1.6313000000000084
test,random_forest,Random forest regressor,13.33,12.957799999999995,0.37220000000000475,0.37220000000000475
test,random_forest,Random forest regressor,7.94,12.432299999999993,-4.492299999999992,4.492299999999992
test,random_forest,Random forest regressor,17.6,16.692000000000018,0.9079999999999835,0.9079999999999835
test,random_forest,Random forest regressor,12.34,13.318149999999994,-0.9781499999999941,0.9781499999999941
test,random_forest,Random forest regressor,8.03,7.853200000000005,0.17679999999999474,0.17679999999999474
test,random_forest,Random forest regressor,17.69,9.58792666666666,8.102073333333342,8.102073333333342
test,random_forest,Random forest regressor,7.96,7.813274999999999,0.14672500000000088,0.14672500000000088
test,random_forest,Random forest regressor,20.09,19.86489999999998,0.22510000000001895,0.22510000000001895
test,random_forest,Random forest regressor,16.08,14.842599999999996,1.2374000000000027,1.2374000000000027
test,random_forest,Random forest regressor,10.2,9.389999999999997,0.8100000000000023,0.8100000000000023
test,random_forest,Random forest regressor,23.0,18.7046,4.295400000000001,4.295400000000001
test,random_forest,Random forest regressor,22.82,18.641300000000005,4.178699999999996,4.178699999999996
test,random_forest,Random forest regressor,13.76,15.868599999999997,-2.1085999999999974,2.1085999999999974
test,random_forest,Random forest regressor,20.18,18.89630000000001,1.283699999999989,1.283699999999989
test,random_forest,Random forest regressor,5.39,4.818966666666663,0.5710333333333368,0.5710333333333368
test,random_forest,Random forest regressor,1.93,2.9226999999999985,-0.9926999999999986,0.9926999999999986
test,random_forest,Random forest regressor,5.87,5.065100000000006,0.8048999999999937,0.8048999999999937
test,random_forest,Random forest regressor,2.41,2.626999999999999,-0.21699999999999875,0.21699999999999875
test,random_forest,Random forest regressor,6.31,5.031400000000002,1.2785999999999973,1.2785999999999973
test,random_forest,Random forest regressor,3.95,4.037066666666668,-0.08706666666666774,0.08706666666666774
test,random_forest,Random forest regressor,1.93,2.3986999999999985,-0.46869999999999856,0.46869999999999856
test,random_forest,Random forest regressor,5.08,5.490600000000009,-0.4106000000000085,0.4106000000000085
test,random_forest,Random forest regressor,2.6,3.206900000000001,-0.6069000000000009,0.6069000000000009
test,random_forest,Random forest regressor,1.66,2.4904000000000006,-0.8304000000000007,0.8304000000000007
test,random_forest,Random forest regressor,4.8,6.3201999999999945,-1.5201999999999947,1.5201999999999947
test,random_forest,Random forest regressor,3.04,5.111900000000002,-2.071900000000002,2.071900000000002
test,random_forest,Random forest regressor,4.71,5.753299999999999,-1.0432999999999995,1.0432999999999995
test,random_forest,Random forest regressor,2.74,3.289866666666667,-0.549866666666667,0.549866666666667
test,random_forest,Random forest regressor,3.66,3.1867333333333345,0.4732666666666656,0.4732666666666656
test,random_forest,Random forest regressor,2.56,3.1867333333333345,-0.6267333333333345,0.6267333333333345
test,random_forest,Random forest regressor,3.81,3.7340000000000035,0.07599999999999651,0.07599999999999651
test,random_forest,Random forest regressor,5.33,3.7548933333333316,1.5751066666666684,1.5751066666666684
test,random_forest,Random forest regressor,4.41,4.202080000000002,0.20791999999999788,0.20791999999999788
test,random_forest,Random forest regressor,6.01,5.951299999999996,0.05870000000000353,0.05870000000000353
test,random_forest,Random forest regressor,4.77,4.875900000000004,-0.10590000000000455,0.10590000000000455
test,random_forest,Random forest regressor,2.67,4.4653,-1.7953000000000001,1.7953000000000001
test,random_forest,Random forest regressor,3.45,4.142599999999999,-0.6925999999999988,0.6925999999999988
test,random_forest,Random forest regressor,6.7,6.921499999999997,-0.22149999999999714,0.22149999999999714
test,random_forest,Random forest regressor,6.04,5.1878000000000055,0.8521999999999945,0.8521999999999945
test,random_forest,Random forest regressor,4.26,4.653299999999998,-0.3932999999999982,0.3932999999999982
test,random_forest,Random forest regressor,3.69,5.364900000000006,-1.6749000000000058,1.6749000000000058
test,random_forest,Random forest regressor,1.98,2.4456999999999978,-0.4656999999999978,0.4656999999999978
test,random_forest,Random forest regressor,2.62,2.609199999999999,0.010800000000001031,0.010800000000001031
test,random_forest,Random forest regressor,3.01,4.2654999999999985,-1.2554999999999987,1.2554999999999987
test,random_forest,Random forest regressor,5.47,6.353099999999994,-0.8830999999999944,0.8830999999999944
test,random_forest,Random forest regressor,5.12,5.079099999999998,0.04090000000000238,0.04090000000000238
test,random_forest,Random forest regressor,5.85,5.733,0.11699999999999999,0.11699999999999999
test,random_forest,Random forest regressor,5.26,4.634879999999996,0.6251200000000035,0.6251200000000035
test,random_forest,Random forest regressor,3.43,3.335659999999999,0.0943400000000012,0.0943400000000012
test,random_forest,Random forest regressor,4.05,4.079500000000003,-0.02950000000000319,0.02950000000000319
test,random_forest,Random forest regressor,5.3,4.024500000000001,1.2754999999999992,1.2754999999999992
test,random_forest,Random forest regressor,4.92,5.352800000000001,-0.4328000000000012,0.4328000000000012
test,random_forest,Random forest regressor,8.8,9.233399999999996,-0.43339999999999534,0.43339999999999534
test,random_forest,Random forest regressor,8.3,5.616700000000001,2.6833,2.6833
test,random_forest,Random forest regressor,2.38,2.3841999999999963,-0.004199999999996429,0.004199999999996429
test,random_forest,Random forest regressor,2.71,3.9719999999999978,-1.2619999999999978,1.2619999999999978
test,random_forest,Random forest regressor,5.61,5.198999999999997,0.41100000000000314,0.41100000000000314
test,random_forest,Random forest regressor,4.93,5.755599999999991,-0.8255999999999917,0.8255999999999917
test,random_forest,Random forest regressor,5.72,4.9308000000000005,0.7891999999999992,0.7891999999999992
test,random_forest,Random forest regressor,5.7,6.808000000000005,-1.108000000000005,1.108000000000005
test,random_forest,Random forest regressor,3.88,2.8009999999999993,1.0790000000000006,1.0790000000000006
test,random_forest,Random forest regressor,9.19,5.740760000000003,3.449239999999996,3.449239999999996
test,random_forest,Random forest regressor,5.4,5.740760000000003,-0.34076000000000306,0.34076000000000306
test,random_forest,Random forest regressor,10.12,7.119519999999999,3.0004800000000005,3.0004800000000005
test,random_forest,Random forest regressor,4.0,7.042319999999998,-3.0423199999999984,3.0423199999999984
test,random_forest,Random forest regressor,5.79,5.969020000000011,-0.17902000000001106,0.17902000000001106
test,random_forest,Random forest regressor,5.23,6.142600000000007,-0.9126000000000065,0.9126000000000065
test,random_forest,Random forest regressor,14.28,8.170999999999998,6.109000000000002,6.109000000000002
test,random_forest,Random forest regressor,4.82,5.980800000000006,-1.1608000000000054,1.1608000000000054
test,random_forest,Random forest regressor,3.95,4.257799999999997,-0.30779999999999674,0.30779999999999674
test,random_forest,Random forest regressor,11.09,10.564000000000004,0.5259999999999962,0.5259999999999962
test,random_forest,Random forest regressor,4.44,8.444200000000006,-4.004200000000005,4.004200000000005
test,random_forest,Random forest regressor,2.7,3.3379000000000008,-0.6379000000000006,0.6379000000000006
test,random_forest,Random forest regressor,6.48,6.680200000000001,-0.2002000000000006,0.2002000000000006
test,random_forest,Random forest regressor,8.45,7.52069999999999,0.9293000000000093,0.9293000000000093
test,random_forest,Random forest regressor,6.35,5.815,0.5349999999999993,0.5349999999999993
test,random_forest,Random forest regressor,3.75,3.8616000000000015,-0.11160000000000148,0.11160000000000148
test,random_forest,Random forest regressor,2.17,3.8141666666666674,-1.6441666666666674,1.6441666666666674
test,random_forest,Random forest regressor,12.27,11.971200000000005,0.2987999999999946,0.2987999999999946
test,random_forest,Random forest regressor,4.22,3.9037000000000024,0.31629999999999736,0.31629999999999736
test,random_forest,Random forest regressor,2.09,2.247400000000002,-0.1574000000000022,0.1574000000000022
test,random_forest,Random forest regressor,2.59,2.4578000000000015,0.13219999999999832,0.13219999999999832
test,random_forest,Random forest regressor,2.08,2.0334000000000025,0.04659999999999753,0.04659999999999753
test,random_forest,Random forest regressor,5.75,6.154200000000002,-0.4042000000000021,0.4042000000000021
test,random_forest,Random forest regressor,2.16,2.4578999999999986,-0.2978999999999985,0.2978999999999985
test,random_forest,Random forest regressor,4.2,4.733799999999999,-0.5337999999999985,0.5337999999999985
test,random_forest,Random forest regressor,11.85,11.575300000000004,0.2746999999999957,0.2746999999999957
test,random_forest,Random forest regressor,4.21,5.854600000000001,-1.6446000000000014,1.6446000000000014
test,random_forest,Random forest regressor,3.03,2.9960000000000035,0.033999999999996255,0.033999999999996255
test,random_forest,Random forest regressor,7.08,3.483899999999999,3.596100000000001,3.596100000000001
test,random_forest,Random forest regressor,5.55,4.8257599999999945,0.7242400000000053,0.7242400000000053
test,random_forest,Random forest regressor,6.98,3.6811000000000003,3.2989,3.2989
test,random_forest,Random forest regressor,-0.3,2.9643999999999973,-3.264399999999997,3.264399999999997
test,random_forest,Random forest regressor,0.24,1.9614600000000004,-1.7214600000000004,1.7214600000000004
test,random_forest,Random forest regressor,0.81,1.812100000000001,-1.0021000000000009,1.0021000000000009
train,gradient_boosting,Gradient boosting regressor,4.45,5.322881577516429,-0.8728815775164289,0.8728815775164289
train,gradient_boosting,Gradient boosting regressor,8.64,8.095535912593531,0.5444640874064692,0.5444640874064692
train,gradient_boosting,Gradient boosting regressor,4.29,6.228421250428923,-1.9384212504289229,1.9384212504289229
train,gradient_boosting,Gradient boosting regressor,4.09,5.851727717067757,-1.7617277170677568,1.7617277170677568
train,gradient_boosting,Gradient boosting regressor,10.56,12.03344521778278,-1.4734452177827801,1.4734452177827801
train,gradient_boosting,Gradient boosting regressor,16.06,13.525580507230474,2.5344194927695245,2.5344194927695245
train,gradient_boosting,Gradient boosting regressor,16.77,14.021986977544229,2.748013022455771,2.748013022455771
train,gradient_boosting,Gradient boosting regressor,15.63,13.662360457867432,1.9676395421325683,1.9676395421325683
train,gradient_boosting,Gradient boosting regressor,12.62,12.399109405390188,0.22089059460981098,0.22089059460981098
train,gradient_boosting,Gradient boosting regressor,13.41,14.856496418460319,-1.4464964184603186,1.4464964184603186
train,gradient_boosting,Gradient boosting regressor,6.47,6.4482078101284195,0.02179218987158027,0.02179218987158027
train,gradient_boosting,Gradient boosting regressor,14.64,14.578982173299883,0.061017826700117794,0.061017826700117794
train,gradient_boosting,Gradient boosting regressor,7.0,11.324573857213226,-4.324573857213226,4.324573857213226
train,gradient_boosting,Gradient boosting regressor,14.47,13.11586928973275,1.3541307102672508,1.3541307102672508
train,gradient_boosting,Gradient boosting regressor,6.9,5.296543067649485,1.6034569323505155,1.6034569323505155
train,gradient_boosting,Gradient boosting regressor,1.75,6.450246106480086,-4.700246106480086,4.700246106480086
train,gradient_boosting,Gradient boosting regressor,17.2,13.271322990909391,3.928677009090608,3.928677009090608
train,gradient_boosting,Gradient boosting regressor,4.73,6.900137910966329,-2.1701379109663286,2.1701379109663286
train,gradient_boosting,Gradient boosting regressor,4.44,4.274269915594399,0.16573008440560155,0.16573008440560155
train,gradient_boosting,Gradient boosting regressor,2.57,3.266324165210963,-0.6963241652109633,0.6963241652109633
train,gradient_boosting,Gradient boosting regressor,2.55,3.266324165210963,-0.7163241652109633,0.7163241652109633
train,gradient_boosting,Gradient boosting regressor,4.49,4.883048178844216,-0.39304817884421617,0.39304817884421617
train,gradient_boosting,Gradient boosting regressor,4.47,4.883048178844216,-0.41304817884421663,0.41304817884421663
train,gradient_boosting,Gradient boosting regressor,3.47,4.883048178844216,-1.4130481788442162,1.4130481788442162
train,gradient_boosting,Gradient boosting regressor,5.46,4.883048178844216,0.5769518211557836,0.5769518211557836
train,gradient_boosting,Gradient boosting regressor,3.83,4.883048178844216,-1.0530481788442163,1.0530481788442163
train,gradient_boosting,Gradient boosting regressor,5.01,5.592979395322518,-0.5829793953225186,0.5829793953225186
train,gradient_boosting,Gradient boosting regressor,3.76,6.437944916331809,-2.6779449163318096,2.6779449163318096
train,gradient_boosting,Gradient boosting regressor,3.88,6.437944916331809,-2.5579449163318095,2.5579449163318095
train,gradient_boosting,Gradient boosting regressor,0.9,3.610435553391356,-2.7104355533913562,2.7104355533913562
train,gradient_boosting,Gradient boosting regressor,9.26,7.884016447603298,1.3759835523967014,1.3759835523967014
train,gradient_boosting,Gradient boosting regressor,8.18,7.310005617619653,0.8699943823803471,0.8699943823803471
train,gradient_boosting,Gradient boosting regressor,8.53,6.244323012239436,2.2856769877605636,2.2856769877605636
train,gradient_boosting,Gradient boosting regressor,4.95,6.115604620195056,-1.1656046201950554,1.1656046201950554
train,gradient_boosting,Gradient boosting regressor,5.18,5.049098109024494,0.13090189097550553,0.13090189097550553
train,gradient_boosting,Gradient boosting regressor,8.67,7.238426110276267,1.4315738897237331,1.4315738897237331
train,gradient_boosting,Gradient boosting regressor,18.2,11.507660282854488,6.6923397171455115,6.6923397171455115
train,gradient_boosting,Gradient boosting regressor,12.46,9.820915920600234,2.639084079399767,2.639084079399767
train,gradient_boosting,Gradient boosting regressor,6.28,9.83838530700544,-3.55838530700544,3.55838530700544
train,gradient_boosting,Gradient boosting regressor,17.32,15.534578121872324,1.7854218781276767,1.7854218781276767
train,gradient_boosting,Gradient boosting regressor,12.34,13.884730114190088,-1.544730114190088,1.544730114190088
train,gradient_boosting,Gradient boosting regressor,9.37,13.223430418714091,-3.853430418714092,3.853430418714092
train,gradient_boosting,Gradient boosting regressor,12.08,12.262399370202221,-0.18239937020222108,0.18239937020222108
train,gradient_boosting,Gradient boosting regressor,10.21,11.807025261596062,-1.5970252615960607,1.5970252615960607
train,gradient_boosting,Gradient boosting regressor,7.44,5.567608878501439,1.8723911214985618,1.8723911214985618
train,gradient_boosting,Gradient boosting regressor,6.82,5.567608878501439,1.2523911214985617,1.2523911214985617
train,gradient_boosting,Gradient boosting regressor,7.85,6.256170964184028,1.593829035815972,1.593829035815972
train,gradient_boosting,Gradient boosting regressor,10.02,6.188478821787275,3.831521178212725,3.831521178212725
train,gradient_boosting,Gradient boosting regressor,6.31,4.993588448085517,1.3164115519144826,1.3164115519144826
train,gradient_boosting,Gradient boosting regressor,2.15,3.6584253681934458,-1.5084253681934459,1.5084253681934459
train,gradient_boosting,Gradient boosting regressor,2.25,3.6104755930749803,-1.3604755930749803,1.3604755930749803
train,gradient_boosting,Gradient boosting regressor,2.39,3.86472839064994,-1.4747283906499398,1.4747283906499398
train,gradient_boosting,Gradient boosting regressor,5.7,5.575157664728767,0.12484233527123312,0.12484233527123312
train,gradient_boosting,Gradient boosting regressor,15.04,11.305310009340827,3.734689990659172,3.734689990659172
train,gradient_boosting,Gradient boosting regressor,5.93,8.605625927568779,-2.6756259275687793,2.6756259275687793
train,gradient_boosting,Gradient boosting regressor,17.77,15.686102726967457,2.0838972730325427,2.0838972730325427
train,gradient_boosting,Gradient boosting regressor,7.7,11.807025261596062,-4.107025261596061,4.107025261596061
train,gradient_boosting,Gradient boosting regressor,16.0,15.582866060324438,0.417133939675562,0.417133939675562
train,gradient_boosting,Gradient boosting regressor,17.7,15.582866060324438,2.1171339396755613,2.1171339396755613
train,gradient_boosting,Gradient boosting regressor,16.47,15.582866060324438,0.8871339396755609,0.8871339396755609
train,gradient_boosting,Gradient boosting regressor,15.08,12.95584889723699,2.12415110276301,2.12415110276301
train,gradient_boosting,Gradient boosting regressor,14.22,13.60575522989063,0.6142447701093712,0.6142447701093712
train,gradient_boosting,Gradient boosting regressor,17.67,15.79959676731349,1.8704032326865114,1.8704032326865114
train,gradient_boosting,Gradient boosting regressor,16.6,15.582866060324438,1.0171339396755634,1.0171339396755634
train,gradient_boosting,Gradient boosting regressor,13.15,12.979875906667989,0.17012409333201184,0.17012409333201184
train,gradient_boosting,Gradient boosting regressor,10.68,11.390548284791286,-0.7105482847912867,0.7105482847912867
train,gradient_boosting,Gradient boosting regressor,12.56,10.910300537540866,1.6496994624591341,1.6496994624591341
train,gradient_boosting,Gradient boosting regressor,0.94,2.9608449190237893,-2.0208449190237894,2.0208449190237894
train,gradient_boosting,Gradient boosting regressor,14.36,12.833749473730622,1.5262505262693775,1.5262505262693775
train,gradient_boosting,Gradient boosting regressor,10.2,8.087937443574821,2.112062556425178,2.112062556425178
train,gradient_boosting,Gradient boosting regressor,2.83,3.5047868185419486,-0.6747868185419486,0.6747868185419486
train,gradient_boosting,Gradient boosting regressor,7.88,5.949013180212894,1.9309868197871056,1.9309868197871056
train,gradient_boosting,Gradient boosting regressor,4.82,6.163554395313521,-1.3435543953135207,1.3435543953135207
train,gradient_boosting,Gradient boosting regressor,10.35,7.6769467307745884,2.673053269225411,2.673053269225411
train,gradient_boosting,Gradient boosting regressor,11.98,9.945308418202949,2.034691581797052,2.034691581797052
train,gradient_boosting,Gradient boosting regressor,17.76,15.64298403799395,2.117015962006052,2.117015962006052
train,gradient_boosting,Gradient boosting regressor,11.3,15.53974737135093,-4.23974737135093,4.23974737135093
train,gradient_boosting,Gradient boosting regressor,17.57,15.64298403799395,1.9270159620060507,1.9270159620060507
train,gradient_boosting,Gradient boosting regressor,9.77,13.273752786403488,-3.5037527864034885,3.5037527864034885
train,gradient_boosting,Gradient boosting regressor,14.8,14.139769439508171,0.6602305604918293,0.6602305604918293
train,gradient_boosting,Gradient boosting regressor,5.16,5.499068613816078,-0.3390686138160781,0.3390686138160781
train,gradient_boosting,Gradient boosting regressor,5.33,5.9400441421342585,-0.6100441421342584,0.6100441421342584
train,gradient_boosting,Gradient boosting regressor,5.22,6.163554395313521,-0.9435543953135213,0.9435543953135213
train,gradient_boosting,Gradient boosting regressor,2.09,3.441956792541168,-1.3519567925411682,1.3519567925411682
train,gradient_boosting,Gradient boosting regressor,12.63,11.091520777942614,1.5384792220573864,1.5384792220573864
train,gradient_boosting,Gradient boosting regressor,2.98,4.146001692958538,-1.1660016929585377,1.1660016929585377
train,gradient_boosting,Gradient boosting regressor,2.27,3.732957748762127,-1.4629577487621268,1.4629577487621268
train,gradient_boosting,Gradient boosting regressor,1.81,3.182401375648676,-1.3724013756486761,1.3724013756486761
train,gradient_boosting,Gradient boosting regressor,17.68,14.04492583676002,3.6350741632399792,3.6350741632399792
train,gradient_boosting,Gradient boosting regressor,7.08,9.234908193654125,-2.1549081936541246,2.1549081936541246
train,gradient_boosting,Gradient boosting regressor,7.51,9.234908193654125,-1.7249081936541248,1.7249081936541248
train,gradient_boosting,Gradient boosting regressor,7.55,9.234908193654125,-1.6849081936541248,1.6849081936541248
train,gradient_boosting,Gradient boosting regressor,7.96,9.234908193654125,-1.2749081936541247,1.2749081936541247
train,gradient_boosting,Gradient boosting regressor,4.41,9.234908193654125,-4.8249081936541245,4.8249081936541245
train,gradient_boosting,Gradient boosting regressor,8.08,10.132536613930728,-2.0525366139307284,2.0525366139307284
train,gradient_boosting,Gradient boosting regressor,21.6,19.04119985806589,2.5588001419341104,2.5588001419341104
train,gradient_boosting,Gradient boosting regressor,16.08,14.297489367407126,1.7825106325928726,1.7825106325928726
train,gradient_boosting,Gradient boosting regressor,13.89,13.833352658072231,0.056647341927769546,0.056647341927769546
train,gradient_boosting,Gradient boosting regressor,15.35,15.81046348850604,-0.4604634885060399,0.4604634885060399
train,gradient_boosting,Gradient boosting regressor,17.67,15.81046348850604,1.8595365114939622,1.8595365114939622
train,gradient_boosting,Gradient boosting regressor,17.65,15.913700155149058,1.7362998448509401,1.7362998448509401
train,gradient_boosting,Gradient boosting regressor,10.35,12.654979054645274,-2.3049790546452744,2.3049790546452744
train,gradient_boosting,Gradient boosting regressor,11.66,13.833352658072231,-2.173352658072231,2.173352658072231
train,gradient_boosting,Gradient boosting regressor,17.44,14.692760189127348,2.747239810872653,2.747239810872653
train,gradient_boosting,Gradient boosting regressor,11.6,9.635330660230405,1.9646693397695945,1.9646693397695945
train,gradient_boosting,Gradient boosting regressor,7.24,6.601551625570391,0.6384483744296094,0.6384483744296094
train,gradient_boosting,Gradient boosting regressor,13.07,12.701520734601928,0.3684792653980722,0.3684792653980722
train,gradient_boosting,Gradient boosting regressor,9.37,11.179847794172657,-1.8098477941726578,1.8098477941726578
train,gradient_boosting,Gradient boosting regressor,17.8,18.04192020148057,-0.2419202014805677,0.2419202014805677
train,gradient_boosting,Gradient boosting regressor,10.13,8.256973005390156,1.8730269946098446,1.8730269946098446
train,gradient_boosting,Gradient boosting regressor,7.7,6.082956886905312,1.617043113094688,1.617043113094688
train,gradient_boosting,Gradient boosting regressor,11.82,8.830037524407144,2.989962475592856,2.989962475592856
train,gradient_boosting,Gradient boosting regressor,18.94,17.920727725656192,1.019272274343809,1.019272274343809
train,gradient_boosting,Gradient boosting regressor,19.1,17.877975387113203,1.2220246128867984,1.2220246128867984
train,gradient_boosting,Gradient boosting regressor,17.9,17.877975387113203,0.02202461288679558,0.02202461288679558
train,gradient_boosting,Gradient boosting regressor,7.1,6.557108780436474,0.5428912195635256,0.5428912195635256
train,gradient_boosting,Gradient boosting regressor,16.56,15.695862249580593,0.8641377504194061,0.8641377504194061
train,gradient_boosting,Gradient boosting regressor,3.27,3.883952006618776,-0.613952006618776,0.613952006618776
train,gradient_boosting,Gradient boosting regressor,2.7,3.7695753366230775,-1.0695753366230774,1.0695753366230774
train,gradient_boosting,Gradient boosting regressor,1.66,3.453117492803785,-1.7931174928037852,1.7931174928037852
train,gradient_boosting,Gradient boosting regressor,9.18,10.290256541829683,-1.110256541829683,1.110256541829683
train,gradient_boosting,Gradient boosting regressor,11.1,14.03388117530218,-2.933881175302181,2.933881175302181
train,gradient_boosting,Gradient boosting regressor,15.0,14.03388117530218,0.9661188246978192,0.9661188246978192
train,gradient_boosting,Gradient boosting regressor,12.09,15.489578881185428,-3.3995788811854286,3.3995788811854286
train,gradient_boosting,Gradient boosting regressor,15.38,15.81046348850604,-0.43046348850603877,0.43046348850603877
train,gradient_boosting,Gradient boosting regressor,17.65,15.913700155149058,1.7362998448509401,1.7362998448509401
train,gradient_boosting,Gradient boosting regressor,22.5,18.448422629566743,4.051577370433257,4.051577370433257
train,gradient_boosting,Gradient boosting regressor,12.21,9.74832684948656,2.461673150513441,2.461673150513441
train,gradient_boosting,Gradient boosting regressor,10.38,11.755697027319512,-1.3756970273195108,1.3756970273195108
train,gradient_boosting,Gradient boosting regressor,5.95,4.715068789263891,1.234931210736109,1.234931210736109
train,gradient_boosting,Gradient boosting regressor,8.33,7.051433856186144,1.2785661438138565,1.2785661438138565
train,gradient_boosting,Gradient boosting regressor,20.15,18.099063688106913,2.0509363118930857,2.0509363118930857
train,gradient_boosting,Gradient boosting regressor,8.43,12.664477889859052,-4.234477889859052,4.234477889859052
train,gradient_boosting,Gradient boosting regressor,2.54,4.320848256856334,-1.7808482568563342,1.7808482568563342
train,gradient_boosting,Gradient boosting regressor,17.95,13.864506779231395,4.085493220768605,4.085493220768605
train,gradient_boosting,Gradient boosting regressor,11.99,12.356248198513079,-0.36624819851307855,0.36624819851307855
train,gradient_boosting,Gradient boosting regressor,16.7,15.340763162437476,1.3592368375625234,1.3592368375625234
train,gradient_boosting,Gradient boosting regressor,15.1,13.833352658072231,1.2666473419277686,1.2666473419277686
train,gradient_boosting,Gradient boosting regressor,9.04,9.446532058260251,-0.40653205826025207,0.40653205826025207
train,gradient_boosting,Gradient boosting regressor,19.5,19.07564020500459,0.42435979499541077,0.42435979499541077
train,gradient_boosting,Gradient boosting regressor,14.51,15.186624517164185,-0.6766245171641856,0.6766245171641856
train,gradient_boosting,Gradient boosting regressor,7.4,8.120078186744141,-0.720078186744141,0.720078186744141
train,gradient_boosting,Gradient boosting regressor,18.3,17.28687242076738,1.01312757923262,1.01312757923262
train,gradient_boosting,Gradient boosting regressor,7.74,9.794571894740125,-2.054571894740125,2.054571894740125
train,gradient_boosting,Gradient boosting regressor,8.9,7.773405792314413,1.1265942076855877,1.1265942076855877
train,gradient_boosting,Gradient boosting regressor,11.1,10.989985210393824,0.11001478960617561,0.11001478960617561
train,gradient_boosting,Gradient boosting regressor,5.73,9.031669685262163,-3.301669685262162,3.301669685262162
train,gradient_boosting,Gradient boosting regressor,12.47,7.820236444455501,4.649763555544499,4.649763555544499
train,gradient_boosting,Gradient boosting regressor,17.69,12.984300325646116,4.705699674353886,4.705699674353886
train,gradient_boosting,Gradient boosting regressor,18.32,13.976267805110158,4.343732194889842,4.343732194889842
train,gradient_boosting,Gradient boosting regressor,1.88,2.618137304507782,-0.7381373045077821,0.7381373045077821
train,gradient_boosting,Gradient boosting regressor,17.0,15.408822350444652,1.5911776495553482,1.5911776495553482
train,gradient_boosting,Gradient boosting regressor,14.85,15.89967141987513,-1.0496714198751302,1.0496714198751302
train,gradient_boosting,Gradient boosting regressor,15.66,16.94779209734118,-1.2877920973411783,1.2877920973411783
train,gradient_boosting,Gradient boosting regressor,9.28,9.88924108333533,-0.6092410833353306,0.6092410833353306
train,gradient_boosting,Gradient boosting regressor,6.87,6.316133620849771,0.5538663791502287,0.5538663791502287
train,gradient_boosting,Gradient boosting regressor,10.88,11.65543054054756,-0.7754305405475588,0.7754305405475588
train,gradient_boosting,Gradient boosting regressor,11.01,10.790984895792512,0.2190151042074877,0.2190151042074877
train,gradient_boosting,Gradient boosting regressor,2.14,2.5472362991144286,-0.4072362991144285,0.4072362991144285
train,gradient_boosting,Gradient boosting regressor,8.08,7.529534977848689,0.550465022151311,0.550465022151311
train,gradient_boosting,Gradient boosting regressor,20.16,19.07564020500459,1.084359794995411,1.084359794995411
train,gradient_boosting,Gradient boosting regressor,18.21,17.166155072366315,1.0438449276336854,1.0438449276336854
train,gradient_boosting,Gradient boosting regressor,17.38,16.94779209734118,0.4322079026588206,0.4322079026588206
train,gradient_boosting,Gradient boosting regressor,13.59,10.792510434313762,2.797489565686238,2.797489565686238
train,gradient_boosting,Gradient boosting regressor,11.43,13.00765306044301,-1.5776530604430103,1.5776530604430103
train,gradient_boosting,Gradient boosting regressor,2.2,2.4406725888682352,-0.24067258886823506,0.24067258886823506
train,gradient_boosting,Gradient boosting regressor,14.55,15.715008197176141,-1.1650081971761406,1.1650081971761406
train,gradient_boosting,Gradient boosting regressor,20.36,18.882911070620256,1.4770889293797431,1.4770889293797431
train,gradient_boosting,Gradient boosting regressor,17.49,16.95219017168674,0.5378098283132573,0.5378098283132573
train,gradient_boosting,Gradient boosting regressor,5.11,6.938483737304357,-1.8284837373043565,1.8284837373043565
train,gradient_boosting,Gradient boosting regressor,12.69,11.07075107295365,1.6192489270463497,1.6192489270463497
train,gradient_boosting,Gradient boosting regressor,11.19,10.792510434313762,0.3974895656862376,0.3974895656862376
train,gradient_boosting,Gradient boosting regressor,6.41,8.721263471812373,-2.3112634718123726,2.3112634718123726
train,gradient_boosting,Gradient boosting regressor,9.79,10.679667603160102,-0.8896676031601025,0.8896676031601025
train,gradient_boosting,Gradient boosting regressor,8.64,7.786360661587767,0.8536393384122336,0.8536393384122336
train,gradient_boosting,Gradient boosting regressor,2.48,2.9254452513946125,-0.44544525139461255,0.44544525139461255
train,gradient_boosting,Gradient boosting regressor,6.45,4.457537435403811,1.992462564596189,1.992462564596189
train,gradient_boosting,Gradient boosting regressor,6.42,4.992457975108082,1.4275420248919177,1.4275420248919177
train,gradient_boosting,Gradient boosting regressor,2.07,3.9329945400261814,-1.8629945400261816,1.8629945400261816
train,gradient_boosting,Gradient boosting regressor,5.55,3.6906769455054014,1.8593230544945984,1.8593230544945984
train,gradient_boosting,Gradient boosting regressor,2.51,2.6031317946093484,-0.09313179460934862,0.09313179460934862
train,gradient_boosting,Gradient boosting regressor,4.0,3.4180319634387892,0.5819680365612108,0.5819680365612108
train,gradient_boosting,Gradient boosting regressor,0.44,3.405479781662397,-2.9654797816623972,2.9654797816623972
train,gradient_boosting,Gradient boosting regressor,5.8,4.5305474364102905,1.2694525635897094,1.2694525635897094
train,gradient_boosting,Gradient boosting regressor,1.92,3.4009268915717055,-1.4809268915717055,1.4809268915717055
train,gradient_boosting,Gradient boosting regressor,8.2,9.960829079806906,-1.760829079806907,1.760829079806907
train,gradient_boosting,Gradient boosting regressor,2.8,3.980356457026385,-1.1803564570263854,1.1803564570263854
train,gradient_boosting,Gradient boosting regressor,16.0,13.32424289776278,2.6757571022372204,2.6757571022372204
train,gradient_boosting,Gradient boosting regressor,13.18,11.979489757976335,1.2005102420236646,1.2005102420236646
train,gradient_boosting,Gradient boosting regressor,1.92,2.9254452513946125,-1.0054452513946126,1.0054452513946126
train,gradient_boosting,Gradient boosting regressor,1.46,2.3231477049375857,-0.8631477049375857,0.8631477049375857
train,gradient_boosting,Gradient boosting regressor,4.55,4.505384752256898,0.04461524774310188,0.04461524774310188
train,gradient_boosting,Gradient boosting regressor,3.94,5.002466332978922,-1.062466332978922,1.062466332978922
train,gradient_boosting,Gradient boosting regressor,2.0,2.6816483908085735,-0.6816483908085735,0.6816483908085735
train,gradient_boosting,Gradient boosting regressor,6.36,3.8655262363745524,2.494473763625448,2.494473763625448
train,gradient_boosting,Gradient boosting regressor,2.87,3.5063977450219914,-0.6363977450219913,0.6363977450219913
train,gradient_boosting,Gradient boosting regressor,2.8,3.1922941176750848,-0.39229411767508493,0.39229411767508493
train,gradient_boosting,Gradient boosting regressor,2.11,3.4947020922545784,-1.3847020922545785,1.3847020922545785
train,gradient_boosting,Gradient boosting regressor,6.52,5.1921901556861725,1.327809844313827,1.327809844313827
train,gradient_boosting,Gradient boosting regressor,6.24,5.1921901556861725,1.0478098443138277,1.0478098443138277
train,gradient_boosting,Gradient boosting regressor,13.45,10.292017490285671,3.157982509714328,3.157982509714328
train,gradient_boosting,Gradient boosting regressor,5.07,4.879490417032473,0.19050958296752718,0.19050958296752718
train,gradient_boosting,Gradient boosting regressor,2.73,3.887488048048543,-1.1574880480485432,1.1574880480485432
train,gradient_boosting,Gradient boosting regressor,3.66,4.064083790383572,-0.4040837903835719,0.4040837903835719
train,gradient_boosting,Gradient boosting regressor,2.74,4.064083790383572,-1.3240837903835718,1.3240837903835718
train,gradient_boosting,Gradient boosting regressor,3.62,3.8269127231593227,-0.20691272315932263,0.20691272315932263
train,gradient_boosting,Gradient boosting regressor,10.42,6.569416797307628,3.8505832026923716,3.8505832026923716
train,gradient_boosting,Gradient boosting regressor,2.42,4.424295227461623,-2.004295227461623,2.004295227461623
train,gradient_boosting,Gradient boosting regressor,3.85,3.6906769455054014,0.15932305449459871,0.15932305449459871
train,gradient_boosting,Gradient boosting regressor,2.35,2.939384025100734,-0.5893840251007338,0.5893840251007338
train,gradient_boosting,Gradient boosting regressor,3.68,3.901459817721891,-0.22145981772189094,0.22145981772189094
train,gradient_boosting,Gradient boosting regressor,4.37,4.662612271071413,-0.2926122710714125,0.2926122710714125
train,gradient_boosting,Gradient boosting regressor,6.51,4.948563190846656,1.561436809153344,1.561436809153344
train,gradient_boosting,Gradient boosting regressor,4.6,4.197281492559317,0.4027185074406825,0.4027185074406825
train,gradient_boosting,Gradient boosting regressor,5.45,3.9018128850563474,1.5481871149436528,1.5481871149436528
train,gradient_boosting,Gradient boosting regressor,4.16,4.507297994924137,-0.34729799492413704,0.34729799492413704
train,gradient_boosting,Gradient boosting regressor,1.86,4.539008112268801,-2.679008112268801,2.679008112268801
train,gradient_boosting,Gradient boosting regressor,6.4,5.59321987779113,0.8067801222088704,0.8067801222088704
train,gradient_boosting,Gradient boosting regressor,5.66,4.736259068502207,0.9237409314977931,0.9237409314977931
train,gradient_boosting,Gradient boosting regressor,3.77,4.497810502537297,-0.7278105025372974,0.7278105025372974
train,gradient_boosting,Gradient boosting regressor,2.35,3.824760581695756,-1.4747605816957559,1.4747605816957559
train,gradient_boosting,Gradient boosting regressor,6.29,4.457820070917633,1.8321799290823666,1.8321799290823666
train,gradient_boosting,Gradient boosting regressor,2.92,2.56776761366088,0.35223238633912013,0.35223238633912013
train,gradient_boosting,Gradient boosting regressor,1.91,2.949264595870343,-1.0392645958703433,1.0392645958703433
train,gradient_boosting,Gradient boosting regressor,1.72,2.8863782634334214,-1.1663782634334214,1.1663782634334214
train,gradient_boosting,Gradient boosting regressor,2.88,3.2406639733436213,-0.36066397334362144,0.36066397334362144
train,gradient_boosting,Gradient boosting regressor,2.96,4.8176707947242114,-1.8576707947242115,1.8576707947242115
train,gradient_boosting,Gradient boosting regressor,2.81,3.9767568169608514,-1.1667568169608513,1.1667568169608513
train,gradient_boosting,Gradient boosting regressor,5.01,4.979886033341724,0.030113966658276148,0.030113966658276148
train,gradient_boosting,Gradient boosting regressor,5.03,5.02997491706866,2.5082931339959202e-05,2.5082931339959202e-05
train,gradient_boosting,Gradient boosting regressor,4.53,4.710114624881746,-0.180114624881746,0.180114624881746
train,gradient_boosting,Gradient boosting regressor,2.3,3.824760581695756,-1.5247605816957561,1.5247605816957561
train,gradient_boosting,Gradient boosting regressor,2.3,3.824760581695756,-1.5247605816957561,1.5247605816957561
train,gradient_boosting,Gradient boosting regressor,2.25,3.8582047639147152,-1.6082047639147152,1.6082047639147152
train,gradient_boosting,Gradient boosting regressor,6.07,6.116407747756004,-0.04640774775600409,0.04640774775600409
train,gradient_boosting,Gradient boosting regressor,2.65,3.59916465921461,-0.9491646592146101,0.9491646592146101
train,gradient_boosting,Gradient boosting regressor,2.31,2.8863782634334214,-0.5763782634334214,0.5763782634334214
train,gradient_boosting,Gradient boosting regressor,3.03,4.8176707947242114,-1.7876707947242116,1.7876707947242116
train,gradient_boosting,Gradient boosting regressor,2.37,4.7072821084769565,-2.3372821084769564,2.3372821084769564
train,gradient_boosting,Gradient boosting regressor,6.52,5.1921901556861725,1.327809844313827,1.327809844313827
train,gradient_boosting,Gradient boosting regressor,5.77,4.916999700904802,0.8530002990951973,0.8530002990951973
train,gradient_boosting,Gradient boosting regressor,5.13,5.117608170481838,0.012391829518161757,0.012391829518161757
train,gradient_boosting,Gradient boosting regressor,6.58,4.481962795025157,2.098037204974843,2.098037204974843
train,gradient_boosting,Gradient boosting regressor,4.26,5.504440499019348,-1.2444404990193485,1.2444404990193485
train,gradient_boosting,Gradient boosting regressor,0.97,3.5850732485849677,-2.6150732485849675,2.6150732485849675
train,gradient_boosting,Gradient boosting regressor,3.23,5.551937669814942,-2.321937669814942,2.321937669814942
train,gradient_boosting,Gradient boosting regressor,2.77,3.7423529095828694,-0.9723529095828694,0.9723529095828694
train,gradient_boosting,Gradient boosting regressor,2.01,3.1653377839839782,-1.1553377839839785,1.1553377839839785
train,gradient_boosting,Gradient boosting regressor,1.85,2.8068370981129904,-0.9568370981129903,0.9568370981129903
train,gradient_boosting,Gradient boosting regressor,1.61,2.1569370347687236,-0.5469370347687235,0.5469370347687235
train,gradient_boosting,Gradient boosting regressor,5.21,4.662612271071413,0.5473877289285873,0.5473877289285873
train,gradient_boosting,Gradient boosting regressor,2.0,3.6535837163745852,-1.6535837163745852,1.6535837163745852
train,gradient_boosting,Gradient boosting regressor,2.71,4.450308148726964,-1.7403081487269638,1.7403081487269638
train,gradient_boosting,Gradient boosting regressor,2.61,3.6603257537265583,-1.0503257537265585,1.0503257537265585
train,gradient_boosting,Gradient boosting regressor,5.38,4.4800090792530565,0.8999909207469434,0.8999909207469434
train,gradient_boosting,Gradient boosting regressor,3.01,3.8385734852849693,-0.8285734852849695,0.8285734852849695
train,gradient_boosting,Gradient boosting regressor,3.26,4.497810502537297,-1.2378105025372976,1.2378105025372976
train,gradient_boosting,Gradient boosting regressor,4.05,4.710114624881746,-0.6601146248817464,0.6601146248817464
train,gradient_boosting,Gradient boosting regressor,4.95,4.560696834974219,0.38930316502578144,0.38930316502578144
train,gradient_boosting,Gradient boosting regressor,3.71,4.562415311775265,-0.8524153117752649,0.8524153117752649
train,gradient_boosting,Gradient boosting regressor,3.19,6.471761249193429,-3.2817612491934294,3.2817612491934294
train,gradient_boosting,Gradient boosting regressor,5.32,3.376712851458219,1.9432871485417813,1.9432871485417813
train,gradient_boosting,Gradient boosting regressor,3.73,4.652314548894524,-0.9223145488945241,0.9223145488945241
train,gradient_boosting,Gradient boosting regressor,3.94,4.568058926830005,-0.6280589268300054,0.6280589268300054
train,gradient_boosting,Gradient boosting regressor,6.68,5.7565434414365875,0.9234565585634122,0.9234565585634122
train,gradient_boosting,Gradient boosting regressor,2.67,3.424315368345459,-0.7543153683454591,0.7543153683454591
train,gradient_boosting,Gradient boosting regressor,2.9,4.497810502537297,-1.5978105025372975,1.5978105025372975
train,gradient_boosting,Gradient boosting regressor,5.1,4.343912443827061,0.7560875561729388,0.7560875561729388
train,gradient_boosting,Gradient boosting regressor,4.53,5.263866578833177,-0.7338665788331769,0.7338665788331769
train,gradient_boosting,Gradient boosting regressor,2.15,5.882540543010878,-3.732540543010878,3.732540543010878
train,gradient_boosting,Gradient boosting regressor,8.65,9.062650951340931,-0.41265095134093066,0.41265095134093066
train,gradient_boosting,Gradient boosting regressor,7.98,5.139172139897266,2.840827860102735,2.840827860102735
train,gradient_boosting,Gradient boosting regressor,2.5,3.4110036024839534,-0.9110036024839534,0.9110036024839534
train,gradient_boosting,Gradient boosting regressor,2.39,2.8388759096230873,-0.4488759096230872,0.4488759096230872
train,gradient_boosting,Gradient boosting regressor,2.28,2.8388759096230873,-0.5588759096230875,0.5588759096230875
train,gradient_boosting,Gradient boosting regressor,2.57,2.949264595870343,-0.37926459587034334,0.37926459587034334
train,gradient_boosting,Gradient boosting regressor,3.37,4.54665167300933,-1.1766516730093297,1.1766516730093297
train,gradient_boosting,Gradient boosting regressor,3.4,5.103433550395104,-1.7034335503951037,1.7034335503951037
train,gradient_boosting,Gradient boosting regressor,3.02,4.489849087278377,-1.469849087278377,1.469849087278377
train,gradient_boosting,Gradient boosting regressor,3.56,4.24782721933572,-0.6878272193357202,0.6878272193357202
train,gradient_boosting,Gradient boosting regressor,6.03,5.129303823249251,0.9006961767507491,0.9006961767507491
train,gradient_boosting,Gradient boosting regressor,5.24,5.129303823249251,0.11069617675074905,0.11069617675074905
train,gradient_boosting,Gradient boosting regressor,7.6,6.611198776749452,0.9888012232505474,0.9888012232505474
train,gradient_boosting,Gradient boosting regressor,7.12,5.483777023478297,1.6362229765217027,1.6362229765217027
train,gradient_boosting,Gradient boosting regressor,21.47,18.414234746466384,3.0557652535336146,3.0557652535336146
train,gradient_boosting,Gradient boosting regressor,3.79,2.7268127881139517,1.0631872118860484,1.0631872118860484
train,gradient_boosting,Gradient boosting regressor,2.03,3.7358413428107795,-1.7058413428107797,1.7058413428107797
train,gradient_boosting,Gradient boosting regressor,2.91,3.71605283863125,-0.80605283863125,0.80605283863125
train,gradient_boosting,Gradient boosting regressor,6.08,5.067046336951829,1.0129536630481715,1.0129536630481715
train,gradient_boosting,Gradient boosting regressor,8.71,5.735678375620479,2.974321624379522,2.974321624379522
train,gradient_boosting,Gradient boosting regressor,5.08,4.784878277051655,0.2951217229483447,0.2951217229483447
train,gradient_boosting,Gradient boosting regressor,5.1,4.784878277051655,0.3151217229483443,0.3151217229483443
train,gradient_boosting,Gradient boosting regressor,10.0,6.086246159860926,3.9137538401390737,3.9137538401390737
train,gradient_boosting,Gradient boosting regressor,5.35,4.974716224663714,0.37528377533628543,0.37528377533628543
train,gradient_boosting,Gradient boosting regressor,10.42,5.712836309505457,4.707163690494543,4.707163690494543
train,gradient_boosting,Gradient boosting regressor,4.06,5.712836309505457,-1.6528363095054575,1.6528363095054575
train,gradient_boosting,Gradient boosting regressor,6.22,4.6895379007270455,1.5304620992729543,1.5304620992729543
train,gradient_boosting,Gradient boosting regressor,5.74,4.847764609488577,0.8922353905114235,0.8922353905114235
train,gradient_boosting,Gradient boosting regressor,4.4,6.268532936803631,-1.8685329368036303,1.8685329368036303
train,gradient_boosting,Gradient boosting regressor,11.88,8.626818636121515,3.253181363878486,3.253181363878486
train,gradient_boosting,Gradient boosting regressor,8.85,8.192711614539025,0.6572883854609746,0.6572883854609746
train,gradient_boosting,Gradient boosting regressor,3.42,3.3292544000717794,0.09074559992822051,0.09074559992822051
train,gradient_boosting,Gradient boosting regressor,3.57,3.8385734852849693,-0.2685734852849695,0.2685734852849695
train,gradient_boosting,Gradient boosting regressor,4.1,6.435761696068016,-2.3357616960680163,2.3357616960680163
train,gradient_boosting,Gradient boosting regressor,7.66,7.202598499490408,0.45740150050959194,0.45740150050959194
train,gradient_boosting,Gradient boosting regressor,5.93,6.476867403438903,-0.5468674034389034,0.5468674034389034
train,gradient_boosting,Gradient boosting regressor,4.4,3.948644222103334,0.45135577789666614,0.45135577789666614
train,gradient_boosting,Gradient boosting regressor,11.11,9.580629033075601,1.5293709669243984,1.5293709669243984
train,gradient_boosting,Gradient boosting regressor,5.92,6.070823495606134,-0.15082349560613384,0.15082349560613384
train,gradient_boosting,Gradient boosting regressor,11.93,11.244896607933825,0.6851033920661749,0.6851033920661749
train,gradient_boosting,Gradient boosting regressor,8.51,8.552189605381567,-0.042189605381567574,0.042189605381567574
train,gradient_boosting,Gradient boosting regressor,2.75,4.135433864683005,-1.3854338646830051,1.3854338646830051
train,gradient_boosting,Gradient boosting regressor,3.65,4.34382539682189,-0.6938253968218899,0.6938253968218899
train,gradient_boosting,Gradient boosting regressor,2.16,2.7115289725642704,-0.5515289725642702,0.5515289725642702
train,gradient_boosting,Gradient boosting regressor,4.01,4.497810502537297,-0.48781050253729763,0.48781050253729763
train,gradient_boosting,Gradient boosting regressor,2.75,4.6411899019646965,-1.8911899019646965,1.8911899019646965
train,gradient_boosting,Gradient boosting regressor,5.98,5.648526735145599,0.33147326485440143,0.33147326485440143
train,gradient_boosting,Gradient boosting regressor,8.45,9.873501450159397,-1.4235014501593977,1.4235014501593977
train,gradient_boosting,Gradient boosting regressor,3.76,4.1804398457248135,-0.42043984572481374,0.42043984572481374
train,gradient_boosting,Gradient boosting regressor,2.4,3.6948192128176363,-1.2948192128176363,1.2948192128176363
train,gradient_boosting,Gradient boosting regressor,2.53,2.725047646167968,-0.1950476461679682,0.1950476461679682
train,gradient_boosting,Gradient boosting regressor,5.28,6.121767738771859,-0.8417677387718587,0.8417677387718587
train,gradient_boosting,Gradient boosting regressor,5.44,8.328235509469243,-2.8882355094692427,2.8882355094692427
train,gradient_boosting,Gradient boosting regressor,1.75,4.668484611057527,-2.9184846110575267,2.9184846110575267
train,gradient_boosting,Gradient boosting regressor,1.81,4.668484611057527,-2.8584846110575266,2.8584846110575266
train,gradient_boosting,Gradient boosting regressor,1.9,3.376712851458219,-1.476712851458219,1.476712851458219
train,gradient_boosting,Gradient boosting regressor,2.06,3.376712851458219,-1.316712851458219,1.316712851458219
train,gradient_boosting,Gradient boosting regressor,2.15,3.376712851458219,-1.226712851458219,1.226712851458219
train,gradient_boosting,Gradient boosting regressor,6.77,4.641935383839805,2.128064616160194,2.128064616160194
train,gradient_boosting,Gradient boosting regressor,8.07,3.78344385969802,4.286556140301981,4.286556140301981
train,gradient_boosting,Gradient boosting regressor,1.83,3.424315368345459,-1.594315368345459,1.594315368345459
train,gradient_boosting,Gradient boosting regressor,6.48,5.103490192144335,1.3765098078556655,1.3765098078556655
train,gradient_boosting,Gradient boosting regressor,8.53,5.103490192144335,3.4265098078556644,3.4265098078556644
train,gradient_boosting,Gradient boosting regressor,12.17,5.533371499907659,6.636628500092341,6.636628500092341
train,gradient_boosting,Gradient boosting regressor,2.4,4.05251321515008,-1.6525132151500803,1.6525132151500803
train,gradient_boosting,Gradient boosting regressor,7.71,4.895314843275271,2.814685156724729,2.814685156724729
train,gradient_boosting,Gradient boosting regressor,7.77,6.169943462623068,1.6000565373769318,1.6000565373769318
train,gradient_boosting,Gradient boosting regressor,3.23,4.386612317613754,-1.1566123176137544,1.1566123176137544
train,gradient_boosting,Gradient boosting regressor,2.43,4.203696084942669,-1.7736960849426686,1.7736960849426686
train,gradient_boosting,Gradient boosting regressor,10.95,6.18780062717162,4.76219937282838,4.76219937282838
train,gradient_boosting,Gradient boosting regressor,3.68,4.822091348726171,-1.1420913487261708,1.1420913487261708
train,gradient_boosting,Gradient boosting regressor,8.07,6.559116491248836,1.5108835087511645,1.5108835087511645
train,gradient_boosting,Gradient boosting regressor,5.93,4.4800090792530565,1.4499909207469432,1.4499909207469432
train,gradient_boosting,Gradient boosting regressor,6.01,4.847764609488577,1.162235390511423,1.162235390511423
train,gradient_boosting,Gradient boosting regressor,5.75,4.677639658571906,1.0723603414280944,1.0723603414280944
train,gradient_boosting,Gradient boosting regressor,5.92,4.356250089383251,1.5637499106167487,1.5637499106167487
train,gradient_boosting,Gradient boosting regressor,4.21,4.606798577437924,-0.3967985774379237,0.3967985774379237
train,gradient_boosting,Gradient boosting regressor,12.38,11.318983824716867,1.0610161752831342,1.0610161752831342
train,gradient_boosting,Gradient boosting regressor,12.56,12.092345977161445,0.4676540228385555,0.4676540228385555
train,gradient_boosting,Gradient boosting regressor,12.41,9.806196531158031,2.603803468841969,2.603803468841969
train,gradient_boosting,Gradient boosting regressor,10.46,11.211868952677923,-0.7518689526779223,0.7518689526779223
train,gradient_boosting,Gradient boosting regressor,4.37,4.3229612116681455,0.0470387883318546,0.0470387883318546
train,gradient_boosting,Gradient boosting regressor,9.27,11.244896607933825,-1.9748966079338253,1.9748966079338253
train,gradient_boosting,Gradient boosting regressor,10.82,11.244896607933825,-0.42489660793382455,0.42489660793382455
train,gradient_boosting,Gradient boosting regressor,8.25,10.116240079238436,-1.8662400792384357,1.8662400792384357
train,gradient_boosting,Gradient boosting regressor,4.55,4.903633718296596,-0.35363371829659584,0.35363371829659584
train,gradient_boosting,Gradient boosting regressor,2.4,3.5809051999589463,-1.1809051999589464,1.1809051999589464
train,gradient_boosting,Gradient boosting regressor,1.85,4.230583797455056,-2.380583797455056,2.380583797455056
train,gradient_boosting,Gradient boosting regressor,2.61,2.725047646167968,-0.11504764616796814,0.11504764616796814
train,gradient_boosting,Gradient boosting regressor,4.54,5.264142821104025,-0.7241428211040253,0.7241428211040253
train,gradient_boosting,Gradient boosting regressor,11.6,8.939758410471153,2.6602415895288463,2.6602415895288463
train,gradient_boosting,Gradient boosting regressor,3.79,3.0244297131589253,0.7655702868410748,0.7655702868410748
train,gradient_boosting,Gradient boosting regressor,4.55,4.3229612116681455,0.2270387883318543,0.2270387883318543
train,gradient_boosting,Gradient boosting regressor,2.65,4.3229612116681455,-1.6729612116681456,1.6729612116681456
train,gradient_boosting,Gradient boosting regressor,9.73,7.084644602761896,2.645355397238104,2.645355397238104
train,gradient_boosting,Gradient boosting regressor,2.09,3.313926682098203,-1.2239266820982033,1.2239266820982033
train,gradient_boosting,Gradient boosting regressor,2.43,2.8863782634334214,-0.45637826343342125,0.45637826343342125
train,gradient_boosting,Gradient boosting regressor,1.24,3.2338703521981937,-1.9938703521981938,1.9938703521981938
train,gradient_boosting,Gradient boosting regressor,2.12,3.5362783267776883,-1.4162783267776882,1.4162783267776882
train,gradient_boosting,Gradient boosting regressor,2.18,3.5362783267776883,-1.3562783267776881,1.3562783267776881
train,gradient_boosting,Gradient boosting regressor,4.55,4.801500859159276,-0.2515008591592762,0.2515008591592762
train,gradient_boosting,Gradient boosting regressor,9.47,7.9907278815652045,1.4792721184347961,1.4792721184347961
train,gradient_boosting,Gradient boosting regressor,12.9,10.454065715472563,2.4459342845274374,2.4459342845274374
train,gradient_boosting,Gradient boosting regressor,5.69,5.505199895346239,0.1848001046537613,0.1848001046537613
train,gradient_boosting,Gradient boosting regressor,5.1,4.979886033341724,0.120113966658276,0.120113966658276
train,gradient_boosting,Gradient boosting regressor,3.5,5.168980660982968,-1.6689806609829683,1.6689806609829683
train,gradient_boosting,Gradient boosting regressor,2.16,3.5362783267776883,-1.3762783267776881,1.3762783267776881
train,gradient_boosting,Gradient boosting regressor,2.55,2.8388759096230873,-0.2888759096230875,0.2888759096230875
train,gradient_boosting,Gradient boosting regressor,2.16,3.5362783267776883,-1.3762783267776881,1.3762783267776881
train,gradient_boosting,Gradient boosting regressor,2.23,3.4627630517020136,-1.2327630517020136,1.2327630517020136
train,gradient_boosting,Gradient boosting regressor,4.04,4.037314027262506,0.0026859727374937137,0.0026859727374937137
train,gradient_boosting,Gradient boosting regressor,4.41,4.385847544105067,0.02415245589493331,0.02415245589493331
train,gradient_boosting,Gradient boosting regressor,5.08,4.451600566794654,0.6283994332053462,0.6283994332053462
train,gradient_boosting,Gradient boosting regressor,5.08,4.451600566794654,0.6283994332053462,0.6283994332053462
train,gradient_boosting,Gradient boosting regressor,10.1,9.19495507154402,0.905044928455979,0.905044928455979
train,gradient_boosting,Gradient boosting regressor,4.89,4.916999700904802,-0.026999700904802637,0.026999700904802637
train,gradient_boosting,Gradient boosting regressor,11.85,12.755727349296142,-0.9057273492961428,0.9057273492961428
train,gradient_boosting,Gradient boosting regressor,4.57,6.780163274910992,-2.2101632749109914,2.2101632749109914
train,gradient_boosting,Gradient boosting regressor,2.43,5.16479422620365,-2.73479422620365,2.73479422620365
train,gradient_boosting,Gradient boosting regressor,10.18,8.516140922758874,1.663859077241126,1.663859077241126
train,gradient_boosting,Gradient boosting regressor,12.0,9.806196531158031,2.1938034688419688,2.1938034688419688
train,gradient_boosting,Gradient boosting regressor,10.58,11.378817317085428,-0.7988173170854278,0.7988173170854278
train,gradient_boosting,Gradient boosting regressor,12.14,11.137677033785048,1.0023229662149529,1.0023229662149529
train,gradient_boosting,Gradient boosting regressor,4.06,4.903633718296596,-0.8436337182965961,0.8436337182965961
train,gradient_boosting,Gradient boosting regressor,4.7,4.903633718296596,-0.2036337182965955,0.2036337182965955
train,gradient_boosting,Gradient boosting regressor,2.01,4.196584297222783,-2.186584297222783,2.186584297222783
train,gradient_boosting,Gradient boosting regressor,6.6,3.9773836042900266,2.622616395709973,2.622616395709973
train,gradient_boosting,Gradient boosting regressor,5.09,6.115604620195056,-1.0256046201950557,1.0256046201950557
train,gradient_boosting,Gradient boosting regressor,5.13,6.115604620195056,-0.9856046201950557,0.9856046201950557
train,gradient_boosting,Gradient boosting regressor,5.01,5.728079070835091,-0.718079070835091,0.718079070835091
train,gradient_boosting,Gradient boosting regressor,3.49,4.815651387921193,-1.3256513879211926,1.3256513879211926
train,gradient_boosting,Gradient boosting regressor,7.79,5.000720669870634,2.789279330129366,2.789279330129366
train,gradient_boosting,Gradient boosting regressor,7.52,4.9660944565290155,2.553905543470984,2.553905543470984
train,gradient_boosting,Gradient boosting regressor,3.2,2.4095308038125554,0.7904691961874448,0.7904691961874448
train,gradient_boosting,Gradient boosting regressor,4.26,4.037314027262506,0.22268597273749346,0.22268597273749346
train,gradient_boosting,Gradient boosting regressor,7.76,4.710114624881746,3.0498853751182535,3.0498853751182535
train,gradient_boosting,Gradient boosting regressor,4.38,4.575828478776257,-0.19582847877625742,0.19582847877625742
train,gradient_boosting,Gradient boosting regressor,1.43,3.3940624068980076,-1.9640624068980077,1.9640624068980077
train,gradient_boosting,Gradient boosting regressor,5.76,3.791338967766472,1.9686610322335278,1.9686610322335278
train,gradient_boosting,Gradient boosting regressor,3.27,4.010829603801881,-0.7408296038018807,0.7408296038018807
train,gradient_boosting,Gradient boosting regressor,4.37,3.9406559740472833,0.4293440259527168,0.4293440259527168
train,gradient_boosting,Gradient boosting regressor,3.7,3.287225886427105,0.4127741135728953,0.4127741135728953
train,gradient_boosting,Gradient boosting regressor,3.87,3.0092927256876805,0.8607072743123196,0.8607072743123196
train,gradient_boosting,Gradient boosting regressor,0.02,3.0312975992470386,-3.0112975992470385,3.0112975992470385
train,gradient_boosting,Gradient boosting regressor,15.0,11.311097193064025,3.6889028069359746,3.6889028069359746
train,gradient_boosting,Gradient boosting regressor,7.15,7.401776995020924,-0.2517769950209239,0.2517769950209239
train,gradient_boosting,Gradient boosting regressor,-0.2,2.598383196625023,-2.798383196625023,2.798383196625023
train,gradient_boosting,Gradient boosting regressor,1.26,3.300652139089708,-2.0406521390897083,2.0406521390897083
calibration_global,gradient_boosting,Gradient boosting regressor,15.75,11.69470271120229,4.055297288797711,4.055297288797711
calibration_global,gradient_boosting,Gradient boosting regressor,16.75,13.525580507230474,3.2244194927695258,3.2244194927695258
calibration_global,gradient_boosting,Gradient boosting regressor,16.05,11.4167015427477,4.6332984572523,4.6332984572523
calibration_global,gradient_boosting,Gradient boosting regressor,13.03,13.076824743489482,-0.0468247434894824,0.0468247434894824
calibration_global,gradient_boosting,Gradient boosting regressor,6.23,7.0085851779267205,-0.7785851779267201,0.7785851779267201
calibration_global,gradient_boosting,Gradient boosting regressor,14.96,11.31048423060765,3.6495157693923517,3.6495157693923517
calibration_global,gradient_boosting,Gradient boosting regressor,4.5,4.329781940424927,0.17021805957507308,0.17021805957507308
calibration_global,gradient_boosting,Gradient boosting regressor,12.58,15.534578121872324,-2.9545781218723235,2.9545781218723235
calibration_global,gradient_boosting,Gradient boosting regressor,7.79,11.807025261596062,-4.0170252615960615,4.0170252615960615
calibration_global,gradient_boosting,Gradient boosting regressor,17.16,11.659558021985852,5.500441978014148,5.500441978014148
calibration_global,gradient_boosting,Gradient boosting regressor,21.6,18.15211479313355,3.4478852068664523,3.4478852068664523
calibration_global,gradient_boosting,Gradient boosting regressor,16.08,14.297489367407126,1.7825106325928726,1.7825106325928726
calibration_global,gradient_boosting,Gradient boosting regressor,23.68,18.717292279143027,4.962707720856972,4.962707720856972
calibration_global,gradient_boosting,Gradient boosting regressor,22.9,18.76257386589893,4.137426134101069,4.137426134101069
calibration_global,gradient_boosting,Gradient boosting regressor,1.9,2.5560574895124293,-0.6560574895124294,0.6560574895124294
calibration_global,gradient_boosting,Gradient boosting regressor,1.9,2.5560574895124293,-0.6560574895124294,0.6560574895124294
calibration_global,gradient_boosting,Gradient boosting regressor,1.9,2.5560574895124293,-0.6560574895124294,0.6560574895124294
calibration_global,gradient_boosting,Gradient boosting regressor,2.05,3.2521413948734472,-1.2021413948734474,1.2021413948734474
calibration_global,gradient_boosting,Gradient boosting regressor,3.67,3.6906769455054014,-0.020676945505401445,0.020676945505401445
calibration_global,gradient_boosting,Gradient boosting regressor,2.54,2.6358867532266634,-0.0958867532266634,0.0958867532266634
calibration_global,gradient_boosting,Gradient boosting regressor,2.46,2.6031317946093484,-0.14313179460934844,0.14313179460934844
calibration_global,gradient_boosting,Gradient boosting regressor,3.07,3.0082049776752435,0.06179502232475631,0.06179502232475631
calibration_global,gradient_boosting,Gradient boosting regressor,3.26,4.645448884848142,-1.3854488848481425,1.3854488848481425
calibration_global,gradient_boosting,Gradient boosting regressor,4.5,4.857753007192591,-0.3577530071925912,0.3577530071925912
calibration_global,gradient_boosting,Gradient boosting regressor,4.5,4.857753007192591,-0.3577530071925912,0.3577530071925912
calibration_global,gradient_boosting,Gradient boosting regressor,5.68,4.857753007192591,0.8222469928074085,0.8222469928074085
calibration_global,gradient_boosting,Gradient boosting regressor,4.5,4.505384752256898,-0.00538475225689794,0.00538475225689794
calibration_global,gradient_boosting,Gradient boosting regressor,4.21,4.293080629912449,-0.08308062991244913,0.08308062991244913
calibration_global,gradient_boosting,Gradient boosting regressor,4.6,3.9445471130698877,0.6554528869301119,0.6554528869301119
calibration_global,gradient_boosting,Gradient boosting regressor,2.2,3.3315484541528404,-1.1315484541528402,1.1315484541528402
calibration_global,gradient_boosting,Gradient boosting regressor,2.45,2.8564976816777246,-0.4064976816777244,0.4064976816777244
calibration_global,gradient_boosting,Gradient boosting regressor,4.03,3.8655262363745524,0.16447376362544786,0.16447376362544786
calibration_global,gradient_boosting,Gradient boosting regressor,2.65,3.8655262363745524,-1.2155262363745525,1.2155262363745525
calibration_global,gradient_boosting,Gradient boosting regressor,4.8,5.1921901556861725,-0.39219015568617266,0.39219015568617266
calibration_global,gradient_boosting,Gradient boosting regressor,6.52,5.1921901556861725,1.327809844313827,1.327809844313827
calibration_global,gradient_boosting,Gradient boosting regressor,4.8,4.979886033341724,-0.17988603334172382,0.17988603334172382
calibration_global,gradient_boosting,Gradient boosting regressor,6.48,5.1921901556861725,1.287809844313828,1.287809844313828
calibration_global,gradient_boosting,Gradient boosting regressor,6.24,5.1921901556861725,1.0478098443138277,1.0478098443138277
calibration_global,gradient_boosting,Gradient boosting regressor,5.1,4.276387912728021,0.8236120872719788,0.8236120872719788
calibration_global,gradient_boosting,Gradient boosting regressor,3.38,4.450308148726964,-1.070308148726964,1.070308148726964
calibration_global,gradient_boosting,Gradient boosting regressor,4.56,4.948563190846656,-0.38856319084665625,0.38856319084665625
calibration_global,gradient_boosting,Gradient boosting regressor,5.66,4.837617945204076,0.8223820547959244,0.8223820547959244
calibration_global,gradient_boosting,Gradient boosting regressor,4.45,4.837617945204076,-0.38761794520407555,0.38761794520407555
calibration_global,gradient_boosting,Gradient boosting regressor,4.59,4.698537317408727,-0.10853731740872696,0.10853731740872696
calibration_global,gradient_boosting,Gradient boosting regressor,6.5,6.302591599672387,0.1974084003276131,0.1974084003276131
calibration_global,gradient_boosting,Gradient boosting regressor,5.52,4.948563190846656,0.5714368091533437,0.5714368091533437
calibration_global,gradient_boosting,Gradient boosting regressor,5.62,4.948563190846656,0.6714368091533442,0.6714368091533442
calibration_global,gradient_boosting,Gradient boosting regressor,5.36,4.308226738201897,1.051773261798103,1.051773261798103
calibration_global,gradient_boosting,Gradient boosting regressor,5.5,4.308226738201897,1.1917732617981027,1.1917732617981027
calibration_global,gradient_boosting,Gradient boosting regressor,2.62,2.5907639099993554,0.029236090000644754,0.029236090000644754
calibration_global,gradient_boosting,Gradient boosting regressor,6.52,5.1921901556861725,1.327809844313827,1.327809844313827
calibration_global,gradient_boosting,Gradient boosting regressor,3.88,4.481962795025157,-0.6019627950251571,0.6019627950251571
calibration_global,gradient_boosting,Gradient boosting regressor,3.88,4.450308148726964,-0.5703081487269639,0.5703081487269639
calibration_global,gradient_boosting,Gradient boosting regressor,4.34,4.662612271071413,-0.32261227107141277,0.32261227107141277
calibration_global,gradient_boosting,Gradient boosting regressor,4.05,4.710114624881746,-0.6601146248817464,0.6601146248817464
calibration_global,gradient_boosting,Gradient boosting regressor,3.96,4.308226738201897,-0.3482267382018973,0.3482267382018973
calibration_global,gradient_boosting,Gradient boosting regressor,7.89,6.784860268048174,1.1051397319518257,1.1051397319518257
calibration_global,gradient_boosting,Gradient boosting regressor,6.32,4.926685170400304,1.3933148295996967,1.3933148295996967
calibration_global,gradient_boosting,Gradient boosting regressor,8.06,6.153725260142945,1.9062747398570554,1.9062747398570554
calibration_global,gradient_boosting,Gradient boosting regressor,3.43,5.103433550395104,-1.6734335503951034,1.6734335503951034
calibration_global,gradient_boosting,Gradient boosting regressor,5.7,4.916999700904802,0.7830002990951979,0.7830002990951979
calibration_global,gradient_boosting,Gradient boosting regressor,5.66,6.611198776749452,-0.9511987767494521,0.9511987767494521
calibration_global,gradient_boosting,Gradient boosting regressor,3.51,2.7595677467312667,0.7504322532687331,0.7504322532687331
calibration_global,gradient_boosting,Gradient boosting regressor,10.27,4.7624121023192645,5.507587897680735,5.507587897680735
calibration_global,gradient_boosting,Gradient boosting regressor,9.84,4.974716224663714,4.865283775336286,4.865283775336286
calibration_global,gradient_boosting,Gradient boosting regressor,10.5,4.6832051838168915,5.8167948161831085,5.8167948161831085
calibration_global,gradient_boosting,Gradient boosting regressor,5.35,4.974716224663714,0.37528377533628543,0.37528377533628543
calibration_global,gradient_boosting,Gradient boosting regressor,4.1,5.712836309505457,-1.6128363095054574,1.6128363095054574
calibration_global,gradient_boosting,Gradient boosting regressor,13.69,7.8810341894779,5.8089658105221,5.8089658105221
calibration_global,gradient_boosting,Gradient boosting regressor,4.1,6.435761696068016,-2.3357616960680163,2.3357616960680163
calibration_global,gradient_boosting,Gradient boosting regressor,11.26,8.273993750323195,2.986006249676805,2.986006249676805
calibration_global,gradient_boosting,Gradient boosting regressor,10.05,7.570791478668517,2.4792085213314836,2.4792085213314836
calibration_global,gradient_boosting,Gradient boosting regressor,8.26,3.424315368345459,4.835684631654541,4.835684631654541
calibration_global,gradient_boosting,Gradient boosting regressor,6.55,5.103490192144335,1.4465098078556649,1.4465098078556649
calibration_global,gradient_boosting,Gradient boosting regressor,8.45,5.103490192144335,3.3465098078556643,3.3465098078556643
calibration_global,gradient_boosting,Gradient boosting regressor,7.39,4.895314843275271,2.494685156724729,2.494685156724729
calibration_global,gradient_boosting,Gradient boosting regressor,2.44,4.805036742472572,-2.365036742472572,2.365036742472572
calibration_global,gradient_boosting,Gradient boosting regressor,4.22,4.3229612116681455,-0.10296121166814576,0.10296121166814576
calibration_global,gradient_boosting,Gradient boosting regressor,4.3,2.3620284500022213,1.9379715499977785,1.9379715499977785
calibration_global,gradient_boosting,Gradient boosting regressor,6.5,2.504881281223958,3.995118718776042,3.995118718776042
calibration_global,gradient_boosting,Gradient boosting regressor,3.22,4.75829396894468,-1.53829396894468,1.53829396894468
calibration_global,gradient_boosting,Gradient boosting regressor,3.03,5.16479422620365,-2.1347942262036503,2.1347942262036503
calibration_global,gradient_boosting,Gradient boosting regressor,0.21,3.419453829319766,-3.209453829319766,3.209453829319766
calibration_global,gradient_boosting,Gradient boosting regressor,2.69,2.806659437177992,-0.11665943717799188,0.11665943717799188
calibration_global,gradient_boosting,Gradient boosting regressor,0.58,3.287225886427105,-2.707225886427105,2.707225886427105
calibration_global,gradient_boosting,Gradient boosting regressor,0.03,3.0312975992470386,-3.0012975992470388,3.0012975992470388
calibration_global,gradient_boosting,Gradient boosting regressor,-0.19,3.0312975992470386,-3.2212975992470385,3.2212975992470385
calibration_local,gradient_boosting,Gradient boosting regressor,16.47,13.525580507230474,2.9444194927695246,2.9444194927695246
calibration_local,gradient_boosting,Gradient boosting regressor,16.0,11.69470271120229,4.305297288797711,4.305297288797711
calibration_local,gradient_boosting,Gradient boosting regressor,8.09,13.291340703462396,-5.201340703462396,5.201340703462396
calibration_local,gradient_boosting,Gradient boosting regressor,7.16,8.602988629047704,-1.4429886290477043,1.4429886290477043
calibration_local,gradient_boosting,Gradient boosting regressor,15.02,15.768489575099963,-0.7484895750999634,0.7484895750999634
calibration_local,gradient_boosting,Gradient boosting regressor,15.49,13.42569915738955,2.06430084261045,2.06430084261045
calibration_local,gradient_boosting,Gradient boosting regressor,17.73,9.234908193654125,8.495091806345876,8.495091806345876
calibration_local,gradient_boosting,Gradient boosting regressor,17.73,9.234908193654125,8.495091806345876,8.495091806345876
calibration_local,gradient_boosting,Gradient boosting regressor,18.38,9.234908193654125,9.145091806345874,9.145091806345874
calibration_local,gradient_boosting,Gradient boosting regressor,16.28,16.0703128844686,0.20968711553140196,0.20968711553140196
calibration_local,gradient_boosting,Gradient boosting regressor,16.08,14.297489367407126,1.7825106325928726,1.7825106325928726
calibration_local,gradient_boosting,Gradient boosting regressor,16.08,14.297489367407126,1.7825106325928726,1.7825106325928726
calibration_local,gradient_boosting,Gradient boosting regressor,16.6,18.76257386589893,-2.1625738658989277,2.1625738658989277
calibration_local,gradient_boosting,Gradient boosting regressor,2.22,3.4436340210638927,-1.2236340210638925,1.2236340210638925
calibration_local,gradient_boosting,Gradient boosting regressor,1.93,2.5560574895124293,-0.6260574895124293,0.6260574895124293
calibration_local,gradient_boosting,Gradient boosting regressor,1.83,3.1246249269770896,-1.2946249269770895,1.2946249269770895
calibration_local,gradient_boosting,Gradient boosting regressor,2.1,3.9329945400261814,-1.8329945400261813,1.8329945400261813
calibration_local,gradient_boosting,Gradient boosting regressor,2.89,3.2530318579536157,-0.3630318579536156,0.3630318579536156
calibration_local,gradient_boosting,Gradient boosting regressor,2.15,2.6031317946093484,-0.4531317946093485,0.4531317946093485
calibration_local,gradient_boosting,Gradient boosting regressor,5.35,3.6121603493061762,1.7378396506938234,1.7378396506938234
calibration_local,gradient_boosting,Gradient boosting regressor,3.83,3.6121603493061762,0.21783965069382383,0.21783965069382383
calibration_local,gradient_boosting,Gradient boosting regressor,3.87,3.6121603493061762,0.25783965069382386,0.25783965069382386
calibration_local,gradient_boosting,Gradient boosting regressor,4.5,4.857753007192591,-0.3577530071925912,0.3577530071925912
calibration_local,gradient_boosting,Gradient boosting regressor,5.68,4.857753007192591,0.8222469928074085,0.8222469928074085
calibration_local,gradient_boosting,Gradient boosting regressor,4.62,4.857753007192591,-0.23775300719259107,0.23775300719259107
calibration_local,gradient_boosting,Gradient boosting regressor,3.71,4.293845403421137,-0.5838454034211367,0.5838454034211367
calibration_local,gradient_boosting,Gradient boosting regressor,4.33,4.293080629912449,0.03691937008755097,0.03691937008755097
calibration_local,gradient_boosting,Gradient boosting regressor,4.5,4.505384752256898,-0.00538475225689794,0.00538475225689794
calibration_local,gradient_boosting,Gradient boosting regressor,3.38,3.496356197560071,-0.1163561975600711,0.1163561975600711
calibration_local,gradient_boosting,Gradient boosting regressor,2.47,2.8564976816777246,-0.38649768167772436,0.38649768167772436
calibration_local,gradient_boosting,Gradient boosting regressor,6.75,3.8655262363745524,2.8844737636254476,2.8844737636254476
calibration_local,gradient_boosting,Gradient boosting regressor,3.99,3.8655262363745524,0.12447376362544782,0.12447376362544782
calibration_local,gradient_boosting,Gradient boosting regressor,4.8,5.1921901556861725,-0.39219015568617266,0.39219015568617266
calibration_local,gradient_boosting,Gradient boosting regressor,6.52,5.1921901556861725,1.327809844313827,1.327809844313827
calibration_local,gradient_boosting,Gradient boosting regressor,5.11,4.979886033341724,0.13011396665827668,0.13011396665827668
calibration_local,gradient_boosting,Gradient boosting regressor,3.9,4.8211803013816015,-0.9211803013816016,0.9211803013816016
calibration_local,gradient_boosting,Gradient boosting regressor,5.05,4.276387912728021,0.7736120872719789,0.7736120872719789
calibration_local,gradient_boosting,Gradient boosting regressor,2.87,3.2673593580311935,-0.3973593580311934,0.3973593580311934
calibration_local,gradient_boosting,Gradient boosting regressor,4.37,4.662612271071413,-0.2926122710714125,0.2926122710714125
calibration_local,gradient_boosting,Gradient boosting regressor,4.49,4.837617945204076,-0.3476179452040755,0.3476179452040755
calibration_local,gradient_boosting,Gradient boosting regressor,4.66,4.197281492559317,0.462718507440683,0.462718507440683
calibration_local,gradient_boosting,Gradient boosting regressor,4.45,3.9660768056073,0.48392319439270004,0.48392319439270004
calibration_local,gradient_boosting,Gradient boosting regressor,5.12,4.197281492559317,0.922718507440683,0.922718507440683
calibration_local,gradient_boosting,Gradient boosting regressor,6.7,6.514895722016836,0.18510427798316442,0.18510427798316442
calibration_local,gradient_boosting,Gradient boosting regressor,6.58,6.302591599672387,0.27740840032761316,0.27740840032761316
calibration_local,gradient_boosting,Gradient boosting regressor,5.62,4.948563190846656,0.6714368091533442,0.6714368091533442
calibration_local,gradient_boosting,Gradient boosting regressor,5.02,4.736259068502207,0.28374093149779256,0.28374093149779256
calibration_local,gradient_boosting,Gradient boosting regressor,5.4,4.308226738201897,1.091773261798103,1.091773261798103
calibration_local,gradient_boosting,Gradient boosting regressor,2.74,3.5997924646961823,-0.8597924646961821,0.8597924646961821
calibration_local,gradient_boosting,Gradient boosting regressor,2.54,2.6235188686166704,-0.08351886861667035,0.08351886861667035
calibration_local,gradient_boosting,Gradient boosting regressor,6.37,5.1921901556861725,1.1778098443138276,1.1778098443138276
calibration_local,gradient_boosting,Gradient boosting regressor,4.38,4.662612271071413,-0.28261227107141274,0.28261227107141274
calibration_local,gradient_boosting,Gradient boosting regressor,3.77,4.450308148726964,-0.6803081487269638,0.6803081487269638
calibration_local,gradient_boosting,Gradient boosting regressor,2.95,3.7910711314746353,-0.8410711314746351,0.8410711314746351
calibration_local,gradient_boosting,Gradient boosting regressor,8.12,8.56139512649152,-0.44139512649152124,0.44139512649152124
calibration_local,gradient_boosting,Gradient boosting regressor,8.12,7.3402700602593836,0.7797299397406157,0.7797299397406157
calibration_local,gradient_boosting,Gradient boosting regressor,7.89,6.274062464864271,1.6159375351357284,1.6159375351357284
calibration_local,gradient_boosting,Gradient boosting regressor,8.06,5.795469912604975,2.264530087395025,2.264530087395025
calibration_local,gradient_boosting,Gradient boosting regressor,6.03,5.129303823249251,0.9006961767507491,0.9006961767507491
calibration_local,gradient_boosting,Gradient boosting regressor,5.97,5.129303823249251,0.8406961767507486,0.8406961767507486
calibration_local,gradient_boosting,Gradient boosting regressor,4.83,3.376712851458219,1.453287148541781,1.453287148541781
calibration_local,gradient_boosting,Gradient boosting regressor,3.88,3.376712851458219,0.5032871485417809,0.5032871485417809
calibration_local,gradient_boosting,Gradient boosting regressor,4.36,3.7358413428107795,0.6241586571892208,0.6241586571892208
calibration_local,gradient_boosting,Gradient boosting regressor,9.1,4.974716224663714,4.125283775336285,4.125283775336285
calibration_local,gradient_boosting,Gradient boosting regressor,9.1,4.974716224663714,4.125283775336285,4.125283775336285
calibration_local,gradient_boosting,Gradient boosting regressor,8.88,4.974716224663714,3.9052837753362866,3.9052837753362866
calibration_local,gradient_boosting,Gradient boosting regressor,11.05,8.273993750323195,2.776006249676806,2.776006249676806
calibration_local,gradient_boosting,Gradient boosting regressor,10.71,7.678762660833689,3.031237339166312,3.031237339166312
calibration_local,gradient_boosting,Gradient boosting regressor,11.11,8.617594572792813,2.4924054272071867,2.4924054272071867
calibration_local,gradient_boosting,Gradient boosting regressor,11.1,5.20078138460038,5.89921861539962,5.89921861539962
calibration_local,gradient_boosting,Gradient boosting regressor,11.23,8.273993750323195,2.956006249676806,2.956006249676806
calibration_local,gradient_boosting,Gradient boosting regressor,10.91,4.891186069799886,6.018813930200114,6.018813930200114
calibration_local,gradient_boosting,Gradient boosting regressor,11.41,5.103490192144335,6.306509807855665,6.306509807855665
calibration_local,gradient_boosting,Gradient boosting regressor,7.39,4.822091348726171,2.5679086512738287,2.5679086512738287
calibration_local,gradient_boosting,Gradient boosting regressor,3.05,4.545218854749994,-1.4952188547499938,1.4952188547499938
calibration_local,gradient_boosting,Gradient boosting regressor,4.77,4.535265334012594,0.23473466598740522,0.23473466598740522
calibration_local,gradient_boosting,Gradient boosting regressor,2.83,3.5362783267776883,-0.7062783267776882,0.7062783267776882
calibration_local,gradient_boosting,Gradient boosting regressor,2.12,2.8863782634334214,-0.7663782634334213,0.7663782634334213
calibration_local,gradient_boosting,Gradient boosting regressor,-0.06,3.3940624068980076,-3.4540624068980077,3.4540624068980077
calibration_local,gradient_boosting,Gradient boosting regressor,3.09,2.832050859599751,0.25794914040024874,0.25794914040024874
calibration_local,gradient_boosting,Gradient boosting regressor,7.01,3.7925015927434345,3.2174984072565653,3.2174984072565653
calibration_local,gradient_boosting,Gradient boosting regressor,2.79,2.586327008942791,0.20367299105720882,0.20367299105720882
calibration_local,gradient_boosting,Gradient boosting regressor,2.7,2.806659437177992,-0.10665943717799165,0.10665943717799165
calibration_local,gradient_boosting,Gradient boosting regressor,-0.11,3.0095335809992236,-3.1195335809992235,3.1195335809992235
calibration_local,gradient_boosting,Gradient boosting regressor,-0.19,3.0312975992470386,-3.2212975992470385,3.2212975992470385
calibration_local,gradient_boosting,Gradient boosting regressor,-0.12,3.0312975992470386,-3.1512975992470387,3.1512975992470387
calibration_local,gradient_boosting,Gradient boosting regressor,1.79,2.7035158495297242,-0.9135158495297242,0.9135158495297242
test,gradient_boosting,Gradient boosting regressor,4.22,4.493791857605905,-0.2737918576059055,0.2737918576059055
test,gradient_boosting,Gradient boosting regressor,12.53,12.03344521778278,0.4965547822172187,0.4965547822172187
test,gradient_boosting,Gradient boosting regressor,11.15,12.399109405390188,-1.2491094053901879,1.2491094053901879
test,gradient_boosting,Gradient boosting regressor,6.58,5.872042248747868,0.707957751252132,0.707957751252132
test,gradient_boosting,Gradient boosting regressor,14.7,13.223430418714091,1.4765695812859079,1.4765695812859079
test,gradient_boosting,Gradient boosting regressor,3.27,7.877025791091563,-4.607025791091562,4.607025791091562
test,gradient_boosting,Gradient boosting regressor,4.52,4.883048178844216,-0.3630481788442168,0.3630481788442168
test,gradient_boosting,Gradient boosting regressor,9.03,6.824983143467948,2.205016856532051,2.205016856532051
test,gradient_boosting,Gradient boosting regressor,4.45,4.329781940424927,0.12021805957507326,0.12021805957507326
test,gradient_boosting,Gradient boosting regressor,13.27,9.894139415149334,3.375860584850665,3.375860584850665
test,gradient_boosting,Gradient boosting regressor,17.54,15.534578121872324,2.0054218781276756,2.0054218781276756
test,gradient_boosting,Gradient boosting regressor,12.36,13.884730114190088,-1.5247301141900884,1.5247301141900884
test,gradient_boosting,Gradient boosting regressor,12.88,13.562636540917122,-0.6826365409171213,0.6826365409171213
test,gradient_boosting,Gradient boosting regressor,9.8,6.200145811205845,3.599854188794156,3.599854188794156
test,gradient_boosting,Gradient boosting regressor,13.33,11.305310009340827,2.024689990659173,2.024689990659173
test,gradient_boosting,Gradient boosting regressor,7.94,13.836730911156923,-5.896730911156923,5.896730911156923
test,gradient_boosting,Gradient boosting regressor,17.6,15.582866060324438,2.0171339396755634,2.0171339396755634
test,gradient_boosting,Gradient boosting regressor,12.34,13.316871475376995,-0.9768714753769956,0.9768714753769956
test,gradient_boosting,Gradient boosting regressor,8.03,7.914889771549618,0.11511022845038177,0.11511022845038177
test,gradient_boosting,Gradient boosting regressor,17.69,11.877963323845018,5.8120366761549835,5.8120366761549835
test,gradient_boosting,Gradient boosting regressor,7.96,9.234908193654125,-1.2749081936541247,1.2749081936541247
test,gradient_boosting,Gradient boosting regressor,20.09,19.020859063305622,1.069140936694378,1.069140936694378
test,gradient_boosting,Gradient boosting regressor,16.08,14.297489367407126,1.7825106325928726,1.7825106325928726
test,gradient_boosting,Gradient boosting regressor,10.2,8.256973005390156,1.943026994609843,1.943026994609843
test,gradient_boosting,Gradient boosting regressor,23.0,18.919138947973416,4.0808610520265844,4.0808610520265844
test,gradient_boosting,Gradient boosting regressor,22.82,18.76257386589893,4.057426134101071,4.057426134101071
test,gradient_boosting,Gradient boosting regressor,13.76,15.637090603976304,-1.8770906039763045,1.8770906039763045
test,gradient_boosting,Gradient boosting regressor,20.18,18.76257386589893,1.4174261341010705,1.4174261341010705
test,gradient_boosting,Gradient boosting regressor,5.39,4.396481520807877,0.9935184791921223,0.9935184791921223
test,gradient_boosting,Gradient boosting regressor,1.93,2.5560574895124293,-0.6260574895124293,0.6260574895124293
test,gradient_boosting,Gradient boosting regressor,5.87,3.6906769455054014,2.1793230544945987,2.1793230544945987
test,gradient_boosting,Gradient boosting regressor,2.41,2.6031317946093484,-0.19313179460934826,0.19313179460934826
test,gradient_boosting,Gradient boosting regressor,6.31,4.857753007192591,1.4522469928074084,1.4522469928074084
test,gradient_boosting,Gradient boosting regressor,3.95,4.293080629912449,-0.3430806299124489,0.3430806299124489
test,gradient_boosting,Gradient boosting regressor,1.93,2.6816483908085735,-0.7516483908085736,0.7516483908085736
test,gradient_boosting,Gradient boosting regressor,5.08,3.8655262363745524,1.2144737636254477,1.2144737636254477
test,gradient_boosting,Gradient boosting regressor,2.6,2.8892526402950396,-0.2892526402950395,0.2892526402950395
test,gradient_boosting,Gradient boosting regressor,1.66,2.8448020289103115,-1.1848020289103116,1.1848020289103116
test,gradient_boosting,Gradient boosting regressor,4.8,5.1921901556861725,-0.39219015568617266,0.39219015568617266
test,gradient_boosting,Gradient boosting regressor,3.04,4.481962795025157,-1.441962795025157,1.441962795025157
test,gradient_boosting,Gradient boosting regressor,4.71,5.091794539376922,-0.381794539376922,0.381794539376922
test,gradient_boosting,Gradient boosting regressor,2.74,3.887488048048543,-1.147488048048543,1.147488048048543
test,gradient_boosting,Gradient boosting regressor,3.66,4.064083790383572,-0.4040837903835719,0.4040837903835719
test,gradient_boosting,Gradient boosting regressor,2.56,4.064083790383572,-1.504083790383572,1.504083790383572
test,gradient_boosting,Gradient boosting regressor,3.81,3.6906769455054014,0.11932305449459868,0.11932305449459868
test,gradient_boosting,Gradient boosting regressor,5.33,4.560696834974219,0.7693031650257813,0.7693031650257813
test,gradient_boosting,Gradient boosting regressor,4.41,4.662612271071413,-0.2526122710714125,0.2526122710714125
test,gradient_boosting,Gradient boosting regressor,6.01,4.948563190846656,1.061436809153344,1.061436809153344
test,gradient_boosting,Gradient boosting regressor,4.77,4.625313822859627,0.14468617714037268,0.14468617714037268
test,gradient_boosting,Gradient boosting regressor,2.67,4.625313822859627,-1.955313822859627,1.955313822859627
test,gradient_boosting,Gradient boosting regressor,3.45,3.881491985338195,-0.4314919853381949,0.4314919853381949
test,gradient_boosting,Gradient boosting regressor,6.7,6.514895722016836,0.18510427798316442,0.18510427798316442
test,gradient_boosting,Gradient boosting regressor,6.04,4.948563190846656,1.0914368091533442,1.0914368091533442
test,gradient_boosting,Gradient boosting regressor,4.26,4.710114624881746,-0.4501146248817465,0.4501146248817465
test,gradient_boosting,Gradient boosting regressor,3.69,4.457820070917633,-0.7678200709176335,0.7678200709176335
test,gradient_boosting,Gradient boosting regressor,1.98,2.982019554487658,-1.0020195544876582,1.0020195544876582
test,gradient_boosting,Gradient boosting regressor,2.62,2.5907639099993554,0.029236090000644754,0.029236090000644754
test,gradient_boosting,Gradient boosting regressor,3.01,4.740726290695915,-1.730726290695915,1.730726290695915
test,gradient_boosting,Gradient boosting regressor,5.47,5.1921901556861725,0.27780984431382727,0.27780984431382727
test,gradient_boosting,Gradient boosting regressor,5.12,4.905304048137389,0.2146959518626108,0.2146959518626108
test,gradient_boosting,Gradient boosting regressor,5.85,4.979886033341724,0.870113966658276,0.870113966658276
test,gradient_boosting,Gradient boosting regressor,5.26,4.662612271071413,0.5973877289285872,0.5973877289285872
test,gradient_boosting,Gradient boosting regressor,3.43,4.450308148726964,-1.0203081487269636,1.0203081487269636
test,gradient_boosting,Gradient boosting regressor,4.05,4.710114624881746,-0.6601146248817464,0.6601146248817464
test,gradient_boosting,Gradient boosting regressor,5.3,3.3841248439386207,1.9158751560613791,1.9158751560613791
test,gradient_boosting,Gradient boosting regressor,4.92,3.7410399788431645,1.1789600211568354,1.1789600211568354
test,gradient_boosting,Gradient boosting regressor,8.8,8.98942745679183,-0.18942745679182948,0.18942745679182948
test,gradient_boosting,Gradient boosting regressor,8.3,6.153725260142945,2.1462747398570556,2.1462747398570556
test,gradient_boosting,Gradient boosting regressor,2.38,2.8388759096230873,-0.45887590962308744,0.45887590962308744
test,gradient_boosting,Gradient boosting regressor,2.71,3.9770160139613178,-1.2670160139613178,1.2670160139613178
test,gradient_boosting,Gradient boosting regressor,5.61,4.916999700904802,0.693000299095198,0.693000299095198
test,gradient_boosting,Gradient boosting regressor,4.93,5.129303823249251,-0.19930382324925144,0.19930382324925144
test,gradient_boosting,Gradient boosting regressor,5.72,4.916999700904802,0.8030002990951974,0.8030002990951974
test,gradient_boosting,Gradient boosting regressor,5.7,6.599531787330882,-0.8995317873308819,0.8995317873308819
test,gradient_boosting,Gradient boosting regressor,3.88,3.376712851458219,0.5032871485417809,0.5032871485417809
test,gradient_boosting,Gradient boosting regressor,9.19,4.974716224663714,4.215283775336285,4.215283775336285
test,gradient_boosting,Gradient boosting regressor,5.4,4.974716224663714,0.42528377533628614,0.42528377533628614
test,gradient_boosting,Gradient boosting regressor,10.12,5.712836309505457,4.407163690494542,4.407163690494542
test,gradient_boosting,Gradient boosting regressor,4.0,5.712836309505457,-1.712836309505457,1.712836309505457
test,gradient_boosting,Gradient boosting regressor,5.79,4.6895379007270455,1.1004620992729546,1.1004620992729546
test,gradient_boosting,Gradient boosting regressor,5.23,5.427657985568789,-0.19765798556878877,0.19765798556878877
test,gradient_boosting,Gradient boosting regressor,14.28,7.8810341894779,6.3989658105221,6.3989658105221
test,gradient_boosting,Gradient boosting regressor,4.82,6.7277484973884345,-1.9077484973884342,1.9077484973884342
test,gradient_boosting,Gradient boosting regressor,3.95,3.948644222103334,0.0013557778966659662,0.0013557778966659662
test,gradient_boosting,Gradient boosting regressor,11.09,9.580629033075601,1.5093709669243989,1.5093709669243989
test,gradient_boosting,Gradient boosting regressor,4.44,8.863237639451722,-4.423237639451721,4.423237639451721
test,gradient_boosting,Gradient boosting regressor,2.7,3.2014062072237137,-0.5014062072237135,0.5014062072237135
test,gradient_boosting,Gradient boosting regressor,6.48,5.103490192144335,1.3765098078556655,1.3765098078556655
test,gradient_boosting,Gradient boosting regressor,8.45,5.103490192144335,3.3465098078556643,3.3465098078556643
test,gradient_boosting,Gradient boosting regressor,6.35,4.351026506239987,1.9989734937600128,1.9989734937600128
test,gradient_boosting,Gradient boosting regressor,3.75,4.805036742472572,-1.0550367424725717,1.0550367424725717
test,gradient_boosting,Gradient boosting regressor,2.17,4.805036742472572,-2.635036742472572,2.635036742472572
test,gradient_boosting,Gradient boosting regressor,12.27,12.614668274533182,-0.3446682745331824,0.3446682745331824
test,gradient_boosting,Gradient boosting regressor,4.22,4.3229612116681455,-0.10296121166814576,0.10296121166814576
test,gradient_boosting,Gradient boosting regressor,2.09,3.313926682098203,-1.2239266820982033,1.2239266820982033
test,gradient_boosting,Gradient boosting regressor,2.59,2.8863782634334214,-0.29637826343342155,0.29637826343342155
test,gradient_boosting,Gradient boosting regressor,2.08,3.5362783267776883,-1.4562783267776882,1.4562783267776882
test,gradient_boosting,Gradient boosting regressor,5.75,5.237259426077677,0.512740573922323,0.512740573922323
test,gradient_boosting,Gradient boosting regressor,2.16,3.5362783267776883,-1.3762783267776881,1.3762783267776881
test,gradient_boosting,Gradient boosting regressor,4.2,4.419076462588236,-0.21907646258823554,0.21907646258823554
test,gradient_boosting,Gradient boosting regressor,11.85,11.173020505282583,0.6769794947174166,0.6769794947174166
test,gradient_boosting,Gradient boosting regressor,4.21,6.780163274910992,-2.5701632749109917,2.5701632749109917
test,gradient_boosting,Gradient boosting regressor,3.03,5.16479422620365,-2.1347942262036503,2.1347942262036503
test,gradient_boosting,Gradient boosting regressor,7.08,4.11209024375079,2.9679097562492105,2.9679097562492105
test,gradient_boosting,Gradient boosting regressor,5.55,3.791338967766472,1.7586610322335279,1.7586610322335279
test,gradient_boosting,Gradient boosting regressor,6.98,3.7925015927434345,3.187498407256566,3.187498407256566
test,gradient_boosting,Gradient boosting regressor,-0.3,3.287225886427105,-3.5872258864271047,3.5872258864271047
test,gradient_boosting,Gradient boosting regressor,0.24,3.0312975992470386,-2.791297599247039,2.791297599247039
test,gradient_boosting,Gradient boosting regressor,0.81,3.1669506340896834,-2.3569506340896833,2.3569506340896833
train,lasso,Lasso regression,4.45,4.398208839726479,0.051791160273521264,0.051791160273521264
train,lasso,Lasso regression,8.64,10.81028631049568,-2.1702863104956798,2.1702863104956798
train,lasso,Lasso regression,4.29,7.67634429216181,-3.3863442921618097,3.3863442921618097
train,lasso,Lasso regression,4.09,10.191253343356138,-6.101253343356138,6.101253343356138
train,lasso,Lasso regression,10.56,11.46508926468401,-0.9050892646840101,0.9050892646840101
train,lasso,Lasso regression,16.06,10.858086807391832,5.201913192608167,5.201913192608167
train,lasso,Lasso regression,16.77,11.934931393449816,4.835068606550184,4.835068606550184
train,lasso,Lasso regression,15.63,11.851102547988159,3.778897452011842,3.778897452011842
train,lasso,Lasso regression,12.62,13.065743708665105,-0.4457437086651055,0.4457437086651055
train,lasso,Lasso regression,13.41,14.282303037159183,-0.8723030371591829,0.8723030371591829
train,lasso,Lasso regression,6.47,12.115460371752633,-5.645460371752633,5.645460371752633
train,lasso,Lasso regression,14.64,14.342678944974132,0.2973210550258685,0.2973210550258685
train,lasso,Lasso regression,7.0,9.46515141156518,-2.4651514115651807,2.4651514115651807
train,lasso,Lasso regression,14.47,12.338550779314502,2.1314492206854982,2.1314492206854982
train,lasso,Lasso regression,6.9,2.8823240329594357,4.017675967040565,4.017675967040565
train,lasso,Lasso regression,1.75,8.94623655293083,-7.196236552930831,7.196236552930831
train,lasso,Lasso regression,17.2,11.324877016082734,5.875122983917265,5.875122983917265
train,lasso,Lasso regression,4.73,4.8559044540915,-0.12590445409149975,0.12590445409149975
train,lasso,Lasso regression,4.44,1.8183527637691501,2.6216472362308503,2.6216472362308503
train,lasso,Lasso regression,2.57,4.090499157428123,-1.5204991574281235,1.5204991574281235
train,lasso,Lasso regression,2.55,5.589447175477114,-3.0394471754771137,3.0394471754771137
train,lasso,Lasso regression,4.49,3.479304891391063,1.010695108608937,1.010695108608937
train,lasso,Lasso regression,4.47,3.4801880573134776,0.9898119426865222,0.9898119426865222
train,lasso,Lasso regression,3.47,3.484154434026557,-0.014154434026556917,0.014154434026556917
train,lasso,Lasso regression,5.46,3.4863801409298603,1.9736198590701397,1.9736198590701397
train,lasso,Lasso regression,3.83,3.487146961249369,0.342853038750631,0.342853038750631
train,lasso,Lasso regression,5.01,5.163132936140558,-0.15313293614055823,0.15313293614055823
train,lasso,Lasso regression,3.76,5.026787239238807,-1.2667872392388073,1.2667872392388073
train,lasso,Lasso regression,3.88,5.019900370116098,-1.1399003701160977,1.1399003701160977
train,lasso,Lasso regression,0.9,7.319921078762297,-6.419921078762297,6.419921078762297
train,lasso,Lasso regression,9.26,5.728892617344826,3.5311073826551738,3.5311073826551738
train,lasso,Lasso regression,8.18,7.891038885498889,0.2889611145011104,0.2889611145011104
train,lasso,Lasso regression,8.53,5.087583022828683,3.442416977171316,3.442416977171316
train,lasso,Lasso regression,4.95,5.767855728562875,-0.8178557285628747,0.8178557285628747
train,lasso,Lasso regression,5.18,5.858166475780974,-0.6781664757809747,0.6781664757809747
train,lasso,Lasso regression,8.67,5.7016755396844925,2.9683244603155075,2.9683244603155075
train,lasso,Lasso regression,18.2,6.78208578068177,11.417914219318229,11.417914219318229
train,lasso,Lasso regression,12.46,9.392139728351198,3.0678602716488026,3.0678602716488026
train,lasso,Lasso regression,6.28,10.776958116557363,-4.496958116557363,4.496958116557363
train,lasso,Lasso regression,17.32,14.213893266230325,3.106106733769675,3.106106733769675
train,lasso,Lasso regression,12.34,11.98362575404254,0.3563742459574595,0.3563742459574595
train,lasso,Lasso regression,9.37,14.197709221325761,-4.827709221325762,4.827709221325762
train,lasso,Lasso regression,12.08,12.849438563440653,-0.7694385634406533,0.7694385634406533
train,lasso,Lasso regression,10.21,12.311110510510488,-2.1011105105104875,2.1011105105104875
train,lasso,Lasso regression,7.44,6.015488077235612,1.4245119227643883,1.4245119227643883
train,lasso,Lasso regression,6.82,6.019296593088871,0.8007034069111292,0.8007034069111292
train,lasso,Lasso regression,7.85,7.70419733260049,0.14580266739950964,0.14580266739950964
train,lasso,Lasso regression,10.02,5.030606988727214,4.989393011272786,4.989393011272786
train,lasso,Lasso regression,6.31,7.135276622537454,-0.8252766225374542,0.8252766225374542
train,lasso,Lasso regression,2.15,4.200050220285602,-2.0500502202856024,2.0500502202856024
train,lasso,Lasso regression,2.25,3.6345873436641303,-1.3845873436641303,1.3845873436641303
train,lasso,Lasso regression,2.39,2.9798050875668087,-0.5898050875668086,0.5898050875668086
train,lasso,Lasso regression,5.7,3.8559747534409086,1.8440252465590916,1.8440252465590916
train,lasso,Lasso regression,15.04,8.545549418440174,6.494450581559825,6.494450581559825
train,lasso,Lasso regression,5.93,10.773192478092678,-4.8431924780926785,4.8431924780926785
train,lasso,Lasso regression,17.77,14.252468398304611,3.5175316016953886,3.5175316016953886
train,lasso,Lasso regression,7.7,11.880568189049058,-4.180568189049057,4.180568189049057
train,lasso,Lasso regression,16.0,14.131588277573718,1.8684117224262824,1.8684117224262824
train,lasso,Lasso regression,17.7,14.149960629353385,3.550039370646614,3.550039370646614
train,lasso,Lasso regression,16.47,13.985885602946063,2.4841143970539363,2.4841143970539363
train,lasso,Lasso regression,15.08,12.68179722504999,2.3982027749500094,2.3982027749500094
train,lasso,Lasso regression,14.22,15.083842371943266,-0.8638423719432655,0.8638423719432655
train,lasso,Lasso regression,17.67,14.600812719653572,3.06918728034643,3.06918728034643
train,lasso,Lasso regression,16.6,14.066544828178962,2.533455171821039,2.533455171821039
train,lasso,Lasso regression,13.15,11.868727911517098,1.2812720884829023,1.2812720884829023
train,lasso,Lasso regression,10.68,10.62736385344592,0.052636146554080554,0.052636146554080554
train,lasso,Lasso regression,12.56,8.863162389345224,3.696837610654777,3.696837610654777
train,lasso,Lasso regression,0.94,0.7720604781665878,0.1679395218334121,0.1679395218334121
train,lasso,Lasso regression,14.36,9.843570408456799,4.516429591543201,4.516429591543201
train,lasso,Lasso regression,10.2,4.007533588646776,6.192466411353223,6.192466411353223
train,lasso,Lasso regression,2.83,2.3898876475573303,0.4401123524426698,0.4401123524426698
train,lasso,Lasso regression,7.88,5.558953565184859,2.321046434815141,2.321046434815141
train,lasso,Lasso regression,4.82,7.124860774731399,-2.3048607747313987,2.3048607747313987
train,lasso,Lasso regression,10.35,7.6938764527432735,2.656123547256726,2.656123547256726
train,lasso,Lasso regression,11.98,11.869594161533389,0.11040583846661178,0.11040583846661178
train,lasso,Lasso regression,17.76,14.297203662187572,3.4627963378124296,3.4627963378124296
train,lasso,Lasso regression,11.3,14.20489684091174,-2.9048968409117393,2.9048968409117393
train,lasso,Lasso regression,17.57,14.194670510274475,3.375329489725525,3.375329489725525
train,lasso,Lasso regression,9.77,14.314081625676213,-4.544081625676213,4.544081625676213
train,lasso,Lasso regression,14.8,14.522788558527175,0.2772114414728257,0.2772114414728257
train,lasso,Lasso regression,5.16,5.584429059510891,-0.42442905951089127,0.42442905951089127
train,lasso,Lasso regression,5.33,6.899322150281233,-1.5693221502812333,1.5693221502812333
train,lasso,Lasso regression,5.22,7.117176559803355,-1.8971765598033556,1.8971765598033556
train,lasso,Lasso regression,2.09,3.8958502944355216,-1.8058502944355217,1.8058502944355217
train,lasso,Lasso regression,12.63,9.035031874473901,3.5949681255260995,3.5949681255260995
train,lasso,Lasso regression,2.98,2.7771289960354535,0.2028710039645465,0.2028710039645465
train,lasso,Lasso regression,2.27,1.2321988518581,1.0378011481419,1.0378011481419
train,lasso,Lasso regression,1.81,2.8358591092214214,-1.0258591092214213,1.0258591092214213
train,lasso,Lasso regression,17.68,13.701282125011375,3.978717874988625,3.978717874988625
train,lasso,Lasso regression,7.08,11.760990369127835,-4.680990369127835,4.680990369127835
train,lasso,Lasso regression,7.51,11.772277310445972,-4.262277310445972,4.262277310445972
train,lasso,Lasso regression,7.55,11.760990369127835,-4.210990369127836,4.210990369127836
train,lasso,Lasso regression,7.96,11.772277310445972,-3.812277310445972,3.812277310445972
train,lasso,Lasso regression,4.41,11.744711166370701,-7.334711166370701,7.334711166370701
train,lasso,Lasso regression,8.08,10.613707106764979,-2.533707106764979,2.533707106764979
train,lasso,Lasso regression,21.6,17.953564026290877,3.6464359737091243,3.6464359737091243
train,lasso,Lasso regression,16.08,14.912924453301795,1.1670755466982037,1.1670755466982037
train,lasso,Lasso regression,13.89,15.35003571058471,-1.4600357105847088,1.4600357105847088
train,lasso,Lasso regression,15.35,14.25399286439335,1.0960071356066496,1.0960071356066496
train,lasso,Lasso regression,17.67,14.227980052084234,3.4420199479157674,3.4420199479157674
train,lasso,Lasso regression,17.65,14.241311207457088,3.408688792542911,3.408688792542911
train,lasso,Lasso regression,10.35,12.00975079059954,-1.6597507905995403,1.6597507905995403
train,lasso,Lasso regression,11.66,14.582033909103888,-2.922033909103888,2.922033909103888
train,lasso,Lasso regression,17.44,14.610493161617125,2.8295068383828763,2.8295068383828763
train,lasso,Lasso regression,11.6,7.835208733546091,3.7647912664539085,3.7647912664539085
train,lasso,Lasso regression,7.24,4.713833682279327,2.526166317720673,2.526166317720673
train,lasso,Lasso regression,13.07,9.7312129562624,3.3387870437376,3.3387870437376
train,lasso,Lasso regression,9.37,11.17629368388933,-1.806293683889331,1.806293683889331
train,lasso,Lasso regression,17.8,19.85122874459549,-2.0512287445954875,2.0512287445954875
train,lasso,Lasso regression,10.13,7.256141544175338,2.8738584558246627,2.8738584558246627
train,lasso,Lasso regression,7.7,5.154460697261238,2.545539302738762,2.545539302738762
train,lasso,Lasso regression,11.82,8.88029471958096,2.939705280419041,2.939705280419041
train,lasso,Lasso regression,18.94,18.013432690317636,0.9265673096823654,0.9265673096823654
train,lasso,Lasso regression,19.1,15.925040034256202,3.174959965743799,3.174959965743799
train,lasso,Lasso regression,17.9,15.922869310260996,1.9771306897390026,1.9771306897390026
train,lasso,Lasso regression,7.1,5.731727232765131,1.3682727672348687,1.3682727672348687
train,lasso,Lasso regression,16.56,14.502357152332095,2.0576428476679034,2.0576428476679034
train,lasso,Lasso regression,3.27,2.643082251688761,0.6269177483112389,0.6269177483112389
train,lasso,Lasso regression,2.7,2.213953726378093,0.48604627362190733,0.48604627362190733
train,lasso,Lasso regression,1.66,2.7062398843307554,-1.0462398843307554,1.0462398843307554
train,lasso,Lasso regression,9.18,10.479426826157617,-1.2994268261576174,1.2994268261576174
train,lasso,Lasso regression,11.1,13.36809181388438,-2.2680918138843804,2.2680918138843804
train,lasso,Lasso regression,15.0,13.35387188974191,1.6461281102580898,1.6461281102580898
train,lasso,Lasso regression,12.09,14.359965685600649,-2.269965685600649,2.269965685600649
train,lasso,Lasso regression,15.38,14.377271990196878,1.002728009803123,1.002728009803123
train,lasso,Lasso regression,17.65,14.454999371684515,3.1950006283154835,3.1950006283154835
train,lasso,Lasso regression,22.5,14.194721659333803,8.305278340666197,8.305278340666197
train,lasso,Lasso regression,12.21,7.742776171028136,4.467223828971865,4.467223828971865
train,lasso,Lasso regression,10.38,10.306307979317817,0.07369202068218428,0.07369202068218428
train,lasso,Lasso regression,5.95,6.898919995235068,-0.9489199952350678,0.9489199952350678
train,lasso,Lasso regression,8.33,7.203996005240523,1.1260039947594773,1.1260039947594773
train,lasso,Lasso regression,20.15,13.482886695729174,6.667113304270824,6.667113304270824
train,lasso,Lasso regression,8.43,13.754461322182403,-5.324461322182403,5.324461322182403
train,lasso,Lasso regression,2.54,10.036254587276899,-7.496254587276899,7.496254587276899
train,lasso,Lasso regression,17.95,13.08016022275351,4.86983977724649,4.86983977724649
train,lasso,Lasso regression,11.99,13.864773181144573,-1.8747731811445725,1.8747731811445725
train,lasso,Lasso regression,16.7,15.646957477152869,1.0530425228471305,1.0530425228471305
train,lasso,Lasso regression,15.1,14.262497497480101,0.8375025025198983,0.8375025025198983
train,lasso,Lasso regression,9.04,10.358987945791409,-1.3189879457914095,1.3189879457914095
train,lasso,Lasso regression,19.5,20.195776267592578,-0.6957762675925778,0.6957762675925778
train,lasso,Lasso regression,14.51,12.822967267396045,1.6870327326039547,1.6870327326039547
train,lasso,Lasso regression,7.4,7.910405772353281,-0.5104057723532804,0.5104057723532804
train,lasso,Lasso regression,18.3,15.088278453550338,3.211721546449663,3.211721546449663
train,lasso,Lasso regression,7.74,9.606628936239758,-1.8666289362397581,1.8666289362397581
train,lasso,Lasso regression,8.9,7.665870735164539,1.2341292648354614,1.2341292648354614
train,lasso,Lasso regression,11.1,7.778099281879814,3.321900718120186,3.321900718120186
train,lasso,Lasso regression,5.73,10.181660715060717,-4.451660715060717,4.451660715060717
train,lasso,Lasso regression,12.47,6.648089700279012,5.821910299720988,5.821910299720988
train,lasso,Lasso regression,17.69,12.923268832613303,4.766731167386698,4.766731167386698
train,lasso,Lasso regression,18.32,12.451082372318549,5.868917627681451,5.868917627681451
train,lasso,Lasso regression,1.88,4.929317049515804,-3.049317049515804,3.049317049515804
train,lasso,Lasso regression,17.0,13.100093197183199,3.899906802816801,3.899906802816801
train,lasso,Lasso regression,14.85,19.932517465422695,-5.082517465422695,5.082517465422695
train,lasso,Lasso regression,15.66,16.46878848753688,-0.80878848753688,0.80878848753688
train,lasso,Lasso regression,9.28,14.095623559369622,-4.815623559369623,4.815623559369623
train,lasso,Lasso regression,6.87,6.446414460279264,0.42358553972073576,0.42358553972073576
train,lasso,Lasso regression,10.88,10.878441054792257,0.0015589452077442445,0.0015589452077442445
train,lasso,Lasso regression,11.01,11.033405038374172,-0.02340503837417174,0.02340503837417174
train,lasso,Lasso regression,2.14,4.777849399289692,-2.6378493992896916,2.6378493992896916
train,lasso,Lasso regression,8.08,4.502154605549361,3.577845394450639,3.577845394450639
train,lasso,Lasso regression,20.16,24.014571929074247,-3.854571929074247,3.854571929074247
train,lasso,Lasso regression,18.21,14.674088139669195,3.535911860330806,3.535911860330806
train,lasso,Lasso regression,17.38,15.716380960392685,1.6636190396073136,1.6636190396073136
train,lasso,Lasso regression,13.59,11.58986498354476,2.000135016455239,2.000135016455239
train,lasso,Lasso regression,11.43,12.895409064477235,-1.4654090644772353,1.4654090644772353
train,lasso,Lasso regression,2.2,4.6340822104202415,-2.4340822104202413,2.4340822104202413
train,lasso,Lasso regression,14.55,18.57525119245229,-4.025251192452288,4.025251192452288
train,lasso,Lasso regression,20.36,23.325007873892496,-2.965007873892496,2.965007873892496
train,lasso,Lasso regression,17.49,16.98914541964907,0.5008545803509286,0.5008545803509286
train,lasso,Lasso regression,5.11,9.710419658252636,-4.600419658252636,4.600419658252636
train,lasso,Lasso regression,12.69,9.87796054123914,2.812039458760859,2.812039458760859
train,lasso,Lasso regression,11.19,10.65710683642565,0.5328931635743501,0.5328931635743501
train,lasso,Lasso regression,6.41,13.744603019717216,-7.334603019717216,7.334603019717216
train,lasso,Lasso regression,9.79,10.966619926245864,-1.1766199262458645,1.1766199262458645
train,lasso,Lasso regression,8.64,6.728315041281444,1.9116849587185563,1.9116849587185563
train,lasso,Lasso regression,2.48,4.018764578615967,-1.5387645786159667,1.5387645786159667
train,lasso,Lasso regression,6.45,3.3149104543784773,3.135089545621523,3.135089545621523
train,lasso,Lasso regression,6.42,5.692177740181101,0.7278222598188986,0.7278222598188986
train,lasso,Lasso regression,2.07,2.529309685478359,-0.45930968547835915,0.45930968547835915
train,lasso,Lasso regression,5.55,5.130989844495459,0.4190101555045409,0.4190101555045409
train,lasso,Lasso regression,2.51,2.155686696397929,0.3543133036020709,0.3543133036020709
train,lasso,Lasso regression,4.0,2.991704473609855,1.0082955263901452,1.0082955263901452
train,lasso,Lasso regression,0.44,4.06008213055267,-3.6200821305526705,3.6200821305526705
train,lasso,Lasso regression,5.8,5.229013148991354,0.5709868510086462,0.5709868510086462
train,lasso,Lasso regression,1.92,6.211626838286838,-4.291626838286838,4.291626838286838
train,lasso,Lasso regression,8.2,10.985301138509541,-2.785301138509542,2.785301138509542
train,lasso,Lasso regression,2.8,3.6211010370260523,-0.8211010370260525,0.8211010370260525
train,lasso,Lasso regression,16.0,10.348180058704267,5.651819941295733,5.651819941295733
train,lasso,Lasso regression,13.18,13.339608488842886,-0.1596084888428866,0.1596084888428866
train,lasso,Lasso regression,1.92,3.209340049982778,-1.289340049982778,1.289340049982778
train,lasso,Lasso regression,1.46,2.2125935846160614,-0.7525935846160614,0.7525935846160614
train,lasso,Lasso regression,4.55,6.392192110251962,-1.842192110251962,1.842192110251962
train,lasso,Lasso regression,3.94,4.296198010590982,-0.3561980105909819,0.3561980105909819
train,lasso,Lasso regression,2.0,3.0417168124730303,-1.0417168124730303,1.0417168124730303
train,lasso,Lasso regression,6.36,5.058923461566913,1.3010765384330876,1.3010765384330876
train,lasso,Lasso regression,2.87,3.6524080274501447,-0.7824080274501446,0.7824080274501446
train,lasso,Lasso regression,2.8,4.029426768935119,-1.2294267689351193,1.2294267689351193
train,lasso,Lasso regression,2.11,3.388405869690706,-1.278405869690706,1.278405869690706
train,lasso,Lasso regression,6.52,4.692337344655204,1.8276626553447954,1.8276626553447954
train,lasso,Lasso regression,6.24,4.812755905783065,1.4272440942169355,1.4272440942169355
train,lasso,Lasso regression,13.45,6.096438203536152,7.353561796463847,7.353561796463847
train,lasso,Lasso regression,5.07,5.635943668904549,-0.5659436689045485,0.5659436689045485
train,lasso,Lasso regression,2.73,5.129820007655627,-2.399820007655627,2.399820007655627
train,lasso,Lasso regression,3.66,3.7811915189226637,-0.12119151892266355,0.12119151892266355
train,lasso,Lasso regression,2.74,3.7811915189226637,-1.0411915189226635,1.0411915189226635
train,lasso,Lasso regression,3.62,5.441734363380552,-1.8217343633805516,1.8217343633805516
train,lasso,Lasso regression,10.42,7.144096223251336,3.275903776748664,3.275903776748664
train,lasso,Lasso regression,2.42,6.920974803705912,-4.500974803705912,4.500974803705912
train,lasso,Lasso regression,3.85,3.183255611506527,0.666744388493473,0.666744388493473
train,lasso,Lasso regression,2.35,2.2358646376541493,0.11413536234585075,0.11413536234585075
train,lasso,Lasso regression,3.68,5.398721756953925,-1.7187217569539253,1.7187217569539253
train,lasso,Lasso regression,4.37,6.416584378436151,-2.046584378436151,2.046584378436151
train,lasso,Lasso regression,6.51,7.057225377169706,-0.5472253771697062,0.5472253771697062
train,lasso,Lasso regression,4.6,4.601817938402136,-0.0018179384021363987,0.0018179384021363987
train,lasso,Lasso regression,5.45,3.2021267366584816,2.2478732633415186,2.2478732633415186
train,lasso,Lasso regression,4.16,4.5407188156486225,-0.3807188156486223,0.3807188156486223
train,lasso,Lasso regression,1.86,5.516678794683473,-3.656678794683473,3.656678794683473
train,lasso,Lasso regression,6.4,7.7664237226665405,-1.36642372266654,1.36642372266654
train,lasso,Lasso regression,5.66,6.630342158577507,-0.9703421585775072,0.9703421585775072
train,lasso,Lasso regression,3.77,5.385591288726151,-1.6155912887261512,1.6155912887261512
train,lasso,Lasso regression,2.35,4.9859342296989215,-2.6359342296989214,2.6359342296989214
train,lasso,Lasso regression,6.29,5.929863449300031,0.36013655069996897,0.36013655069996897
train,lasso,Lasso regression,2.92,2.896762186226935,0.023237813773064886,0.023237813773064886
train,lasso,Lasso regression,1.91,2.8646610300570456,-0.9546610300570457,0.9546610300570457
train,lasso,Lasso regression,1.72,3.6761040801070317,-1.9561040801070317,1.9561040801070317
train,lasso,Lasso regression,2.88,3.546889585048084,-0.666889585048084,0.666889585048084
train,lasso,Lasso regression,2.96,4.123852155313891,-1.163852155313891,1.163852155313891
train,lasso,Lasso regression,2.81,4.190517375481491,-1.380517375481491,1.380517375481491
train,lasso,Lasso regression,5.01,4.979982500615776,0.03001749938422371,0.03001749938422371
train,lasso,Lasso regression,5.03,5.215843970695219,-0.18584397069521863,0.18584397069521863
train,lasso,Lasso regression,4.53,5.3398348923910985,-0.8098348923910983,0.8098348923910983
train,lasso,Lasso regression,2.3,4.903712997102074,-2.6037129971020745,2.6037129971020745
train,lasso,Lasso regression,2.3,4.895607778583123,-2.5956077785831235,2.5956077785831235
train,lasso,Lasso regression,2.25,4.016770762368152,-1.766770762368152,1.766770762368152
train,lasso,Lasso regression,6.07,6.793148094790726,-0.7231480947907256,0.7231480947907256
train,lasso,Lasso regression,2.65,3.5900282300466317,-0.9400282300466318,0.9400282300466318
train,lasso,Lasso regression,2.31,2.8663497181480277,-0.5563497181480277,0.5563497181480277
train,lasso,Lasso regression,3.03,4.089256061847489,-1.0592560618474889,1.0592560618474889
train,lasso,Lasso regression,2.37,5.4342235077341,-3.0642235077341002,3.0642235077341002
train,lasso,Lasso regression,6.52,4.683463216663528,1.8365367833364719,1.8365367833364719
train,lasso,Lasso regression,5.77,4.976418051829385,0.7935819481706146,0.7935819481706146
train,lasso,Lasso regression,5.13,5.629213320383918,-0.49921332038391775,0.49921332038391775
train,lasso,Lasso regression,6.58,4.454190064651204,2.125809935348796,2.125809935348796
train,lasso,Lasso regression,4.26,6.430631245776538,-2.170631245776538,2.170631245776538
train,lasso,Lasso regression,0.97,3.687025025536851,-2.7170250255368513,2.7170250255368513
train,lasso,Lasso regression,3.23,5.704668021281027,-2.4746680212810266,2.4746680212810266
train,lasso,Lasso regression,2.77,5.06137962362403,-2.2913796236240302,2.2913796236240302
train,lasso,Lasso regression,2.01,4.097377393008566,-2.087377393008566,2.087377393008566
train,lasso,Lasso regression,1.85,3.5972904432214587,-1.7472904432214587,1.7472904432214587
train,lasso,Lasso regression,1.61,2.031406246652957,-0.4214062466529571,0.4214062466529571
train,lasso,Lasso regression,5.21,3.6202019171785977,1.5897980828214022,1.5897980828214022
train,lasso,Lasso regression,2.0,4.408949570796752,-2.408949570796752,2.408949570796752
train,lasso,Lasso regression,2.71,3.866500458046654,-1.1565004580466542,1.1565004580466542
train,lasso,Lasso regression,2.61,4.678147618316958,-2.068147618316958,2.068147618316958
train,lasso,Lasso regression,5.38,3.074416396980647,2.305583603019353,2.305583603019353
train,lasso,Lasso regression,3.01,5.4167653463310845,-2.4067653463310847,2.4067653463310847
train,lasso,Lasso regression,3.26,6.417700913357783,-3.1577009133577834,3.1577009133577834
train,lasso,Lasso regression,4.05,6.45705163001676,-2.4070516300167606,2.4070516300167606
train,lasso,Lasso regression,4.95,6.125027838974549,-1.1750278389745485,1.1750278389745485
train,lasso,Lasso regression,3.71,4.084551605024137,-0.37455160502413687,0.37455160502413687
train,lasso,Lasso regression,3.19,9.540963700537269,-6.350963700537269,6.350963700537269
train,lasso,Lasso regression,5.32,4.768410967078282,0.5515890329217186,0.5515890329217186
train,lasso,Lasso regression,3.73,3.830584238399081,-0.10058423839908093,0.10058423839908093
train,lasso,Lasso regression,3.94,5.3664965250856795,-1.4264965250856796,1.4264965250856796
train,lasso,Lasso regression,6.68,7.3009766778063465,-0.6209766778063468,0.6209766778063468
train,lasso,Lasso regression,2.67,3.157842728651919,-0.4878427286519189,0.4878427286519189
train,lasso,Lasso regression,2.9,6.450217611110408,-3.550217611110408,3.550217611110408
train,lasso,Lasso regression,5.1,4.118463680832146,0.9815363191678532,0.9815363191678532
train,lasso,Lasso regression,4.53,5.571432502889369,-1.0414325028893687,1.0414325028893687
train,lasso,Lasso regression,2.15,6.0072909695114145,-3.8572909695114146,3.8572909695114146
train,lasso,Lasso regression,8.65,9.266824819986024,-0.6168248199860233,0.6168248199860233
train,lasso,Lasso regression,7.98,7.188641179562912,0.7913588204370887,0.7913588204370887
train,lasso,Lasso regression,2.5,3.762203892493092,-1.2622038924930918,1.2622038924930918
train,lasso,Lasso regression,2.39,2.717263114696281,-0.3272631146962808,0.3272631146962808
train,lasso,Lasso regression,2.28,2.712277098773211,-0.4322770987732114,0.4322770987732114
train,lasso,Lasso regression,2.57,2.652135694161063,-0.08213569416106337,0.08213569416106337
train,lasso,Lasso regression,3.37,4.012186972008676,-0.6421869720086759,0.6421869720086759
train,lasso,Lasso regression,3.4,5.589904708768535,-2.1899047087685353,2.1899047087685353
train,lasso,Lasso regression,3.02,3.8888469788635307,-0.8688469788635307,0.8688469788635307
train,lasso,Lasso regression,3.56,4.072414509950788,-0.5124145099507875,0.5124145099507875
train,lasso,Lasso regression,6.03,4.731843730737797,1.2981562692622033,1.2981562692622033
train,lasso,Lasso regression,5.24,4.7268577148147255,0.5131422851852747,0.5131422851852747
train,lasso,Lasso regression,7.6,7.951893960409433,-0.3518939604094333,0.3518939604094333
train,lasso,Lasso regression,7.12,5.474651619468619,1.6453483805313809,1.6453483805313809
train,lasso,Lasso regression,21.47,17.155898143102537,4.314101856897462,4.314101856897462
train,lasso,Lasso regression,3.79,2.3548215086946565,1.4351784913053436,1.4351784913053436
train,lasso,Lasso regression,2.03,5.343236014865014,-3.3132360148650144,3.3132360148650144
train,lasso,Lasso regression,2.91,1.7811684253875883,1.1288315746124118,1.1288315746124118
train,lasso,Lasso regression,6.08,5.088289474685725,0.9917105253142751,0.9917105253142751
train,lasso,Lasso regression,8.71,5.348898014798118,3.3611019852018824,3.3611019852018824
train,lasso,Lasso regression,5.08,4.226733340877759,0.8532666591222409,0.8532666591222409
train,lasso,Lasso regression,5.1,4.246156277578695,0.8538437224213045,0.8538437224213045
train,lasso,Lasso regression,10.0,4.2236012752366054,5.7763987247633946,5.7763987247633946
train,lasso,Lasso regression,5.35,3.852362131676527,1.4976378683234728,1.4976378683234728
train,lasso,Lasso regression,10.42,4.420017411857469,5.999982588142531,5.999982588142531
train,lasso,Lasso regression,4.06,4.420017411857469,-0.36001741185746905,0.36001741185746905
train,lasso,Lasso regression,6.22,3.8632886044856787,2.356711395514321,2.356711395514321
train,lasso,Lasso regression,5.74,3.6439575750199307,2.0960424249800695,2.0960424249800695
train,lasso,Lasso regression,4.4,4.757657064733715,-0.35765706473371495,0.35765706473371495
train,lasso,Lasso regression,11.88,7.058555947424764,4.821444052575237,4.821444052575237
train,lasso,Lasso regression,8.85,8.174144624537785,0.6758553754622145,0.6758553754622145
train,lasso,Lasso regression,3.42,3.295520991445227,0.1244790085547729,0.1244790085547729
train,lasso,Lasso regression,3.57,5.620762332651625,-2.0507623326516256,2.0507623326516256
train,lasso,Lasso regression,4.1,9.21721239861867,-5.117212398618671,5.117212398618671
train,lasso,Lasso regression,7.66,7.332013308333031,0.32798669166696914,0.32798669166696914
train,lasso,Lasso regression,5.93,4.948952120798833,0.9810478792011663,0.9810478792011663
train,lasso,Lasso regression,4.4,3.6397351286080952,0.7602648713919051,0.7602648713919051
train,lasso,Lasso regression,11.11,10.491144421490345,0.6188555785096543,0.6188555785096543
train,lasso,Lasso regression,5.92,8.310935569085368,-2.390935569085368,2.390935569085368
train,lasso,Lasso regression,11.93,10.413228488657928,1.5167715113420712,1.5167715113420712
train,lasso,Lasso regression,8.51,7.812883724397426,0.6971162756025739,0.6971162756025739
train,lasso,Lasso regression,2.75,4.867374362038502,-2.117374362038502,2.117374362038502
train,lasso,Lasso regression,3.65,3.7448122762851463,-0.09481227628514644,0.09481227628514644
train,lasso,Lasso regression,2.16,3.803185791895043,-1.6431857918950428,1.6431857918950428
train,lasso,Lasso regression,4.01,6.438313628515622,-2.428313628515622,2.428313628515622
train,lasso,Lasso regression,2.75,3.621535156904965,-0.8715351569049652,0.8715351569049652
train,lasso,Lasso regression,5.98,6.5998018735091195,-0.6198018735091191,0.6198018735091191
train,lasso,Lasso regression,8.45,9.66616959915396,-1.216169599153961,1.216169599153961
train,lasso,Lasso regression,3.76,4.302401690635206,-0.5424016906352058,0.5424016906352058
train,lasso,Lasso regression,2.4,4.3582113572119745,-1.9582113572119746,1.9582113572119746
train,lasso,Lasso regression,2.53,2.68447792997238,-0.1544779299723804,0.1544779299723804
train,lasso,Lasso regression,5.28,7.746060800222015,-2.4660608002220146,2.4660608002220146
train,lasso,Lasso regression,5.44,7.444442520588433,-2.004442520588433,2.004442520588433
train,lasso,Lasso regression,1.75,4.701120545182933,-2.951120545182933,2.951120545182933
train,lasso,Lasso regression,1.81,4.703803865917802,-2.893803865917802,2.893803865917802
train,lasso,Lasso regression,1.9,3.6913483677481107,-1.7913483677481108,1.7913483677481108
train,lasso,Lasso regression,2.06,3.6901242278614266,-1.6301242278614265,1.6301242278614265
train,lasso,Lasso regression,2.15,3.5415407570122746,-1.3915407570122746,1.3915407570122746
train,lasso,Lasso regression,6.77,4.065863754467356,2.704136245532643,2.704136245532643
train,lasso,Lasso regression,8.07,3.93255910379115,4.137440896208851,4.137440896208851
train,lasso,Lasso regression,1.83,4.017755551825406,-2.187755551825406,2.187755551825406
train,lasso,Lasso regression,6.48,4.411556459351178,2.068443540648823,2.068443540648823
train,lasso,Lasso regression,8.53,4.413387647068844,4.116612352931155,4.116612352931155
train,lasso,Lasso regression,12.17,4.75325503930757,7.41674496069243,7.41674496069243
train,lasso,Lasso regression,2.4,4.1931089108298005,-1.7931089108298006,1.7931089108298006
train,lasso,Lasso regression,7.71,5.974486910691649,1.735513089308351,1.735513089308351
train,lasso,Lasso regression,7.77,7.0407702579882425,0.729229742011757,0.729229742011757
train,lasso,Lasso regression,3.23,2.7754877313377593,0.4545122686622407,0.4545122686622407
train,lasso,Lasso regression,2.43,2.8389248264601665,-0.40892482646016637,0.40892482646016637
train,lasso,Lasso regression,10.95,6.843254543930682,4.1067454560693175,4.1067454560693175
train,lasso,Lasso regression,3.68,5.7727801186174315,-2.0927801186174313,2.0927801186174313
train,lasso,Lasso regression,8.07,4.976036619525818,3.0939633804741824,3.0939633804741824
train,lasso,Lasso regression,5.93,3.113227531067648,2.816772468932352,2.816772468932352
train,lasso,Lasso regression,6.01,3.61061734512245,2.3993826548775496,2.3993826548775496
train,lasso,Lasso regression,5.75,4.167223642371131,1.5827763576288687,1.5827763576288687
train,lasso,Lasso regression,5.92,5.083311266733235,0.8366887332667652,0.8366887332667652
train,lasso,Lasso regression,4.21,5.5482247679358565,-1.3382247679358565,1.3382247679358565
train,lasso,Lasso regression,12.38,11.588824599618249,0.7911754003817517,0.7911754003817517
train,lasso,Lasso regression,12.56,10.580348311021492,1.9796516889785085,1.9796516889785085
train,lasso,Lasso regression,12.41,9.994600005703873,2.415399994296127,2.415399994296127
train,lasso,Lasso regression,10.46,9.138674634465989,1.3213253655340118,1.3213253655340118
train,lasso,Lasso regression,4.37,5.930809655955321,-1.560809655955321,1.560809655955321
train,lasso,Lasso regression,9.27,10.26920980462235,-0.9992098046223497,0.9992098046223497
train,lasso,Lasso regression,10.82,10.440384621487741,0.3796153785122591,0.3796153785122591
train,lasso,Lasso regression,8.25,11.119398033003018,-2.8693980330030175,2.8693980330030175
train,lasso,Lasso regression,4.55,6.873995445982841,-2.323995445982841,2.323995445982841
train,lasso,Lasso regression,2.4,3.4523027305474443,-1.0523027305474444,1.0523027305474444
train,lasso,Lasso regression,1.85,4.924716575105256,-3.074716575105256,3.074716575105256
train,lasso,Lasso regression,2.61,2.791440557626001,-0.1814405576260012,0.1814405576260012
train,lasso,Lasso regression,4.54,5.966391968920163,-1.4263919689201634,1.4263919689201634
train,lasso,Lasso regression,11.6,8.93881816590368,2.66118183409632,2.66118183409632
train,lasso,Lasso regression,3.79,1.2239916937684594,2.5660083062315406,2.5660083062315406
train,lasso,Lasso regression,4.55,4.281084966027116,0.26891503397288385,0.26891503397288385
train,lasso,Lasso regression,2.65,4.002423225963758,-1.3524232259637583,1.3524232259637583
train,lasso,Lasso regression,9.73,7.939382207641323,1.7906177923586775,1.7906177923586775
train,lasso,Lasso regression,2.09,5.031796667218786,-2.941796667218786,2.941796667218786
train,lasso,Lasso regression,2.43,2.496302717470601,-0.06630271747060101,0.06630271747060101
train,lasso,Lasso regression,1.24,2.7430178584585576,-1.5030178584585576,1.5030178584585576
train,lasso,Lasso regression,2.12,3.6607378084227715,-1.5407378084227714,1.5407378084227714
train,lasso,Lasso regression,2.18,3.6639621288000503,-1.4839621288000502,1.4839621288000502
train,lasso,Lasso regression,4.55,4.698091678166576,-0.1480916781665762,0.1480916781665762
train,lasso,Lasso regression,9.47,7.042763387309658,2.4272366126903426,2.4272366126903426
train,lasso,Lasso regression,12.9,10.062637480220229,2.837362519779772,2.837362519779772
train,lasso,Lasso regression,5.69,6.278961380738149,-0.5889613807381489,0.5889613807381489
train,lasso,Lasso regression,5.1,4.08729444040751,1.0127055595924892,1.0127055595924892
train,lasso,Lasso regression,3.5,6.362223099298545,-2.8622230992985447,2.8622230992985447
train,lasso,Lasso regression,2.16,5.076826760463513,-2.916826760463513,2.916826760463513
train,lasso,Lasso regression,2.55,3.220661850879555,-0.6706618508795552,0.6706618508795552
train,lasso,Lasso regression,2.16,3.7007119854509334,-1.5407119854509332,1.5407119854509332
train,lasso,Lasso regression,2.23,5.546713621681958,-3.316713621681958,3.316713621681958
train,lasso,Lasso regression,4.04,5.205601528241388,-1.165601528241388,1.165601528241388
train,lasso,Lasso regression,4.41,6.331741524503719,-1.9217415245037186,1.9217415245037186
train,lasso,Lasso regression,5.08,5.333282657653122,-0.25328265765312175,0.25328265765312175
train,lasso,Lasso regression,5.08,5.296494920289334,-0.2164949202893336,0.2164949202893336
train,lasso,Lasso regression,10.1,9.535879382358981,0.5641206176410183,0.5641206176410183
train,lasso,Lasso regression,4.89,5.257240580297702,-0.3672405802977021,0.3672405802977021
train,lasso,Lasso regression,11.85,11.089599862181746,0.7604001378182534,0.7604001378182534
train,lasso,Lasso regression,4.57,7.983233219459597,-3.413233219459597,3.413233219459597
train,lasso,Lasso regression,2.43,5.205853644607168,-2.7758536446071678,2.7758536446071678
train,lasso,Lasso regression,10.18,9.73197174286302,0.44802825713697914,0.44802825713697914
train,lasso,Lasso regression,12.0,9.410138051637672,2.589861948362328,2.589861948362328
train,lasso,Lasso regression,10.58,10.477989085760303,0.10201091423969721,0.10201091423969721
train,lasso,Lasso regression,12.14,11.705366711376819,0.43463328862318207,0.43463328862318207
train,lasso,Lasso regression,4.06,6.487704424067726,-2.427704424067726,2.427704424067726
train,lasso,Lasso regression,4.7,6.940033705794799,-2.240033705794799,2.240033705794799
train,lasso,Lasso regression,2.01,5.345886133300427,-3.335886133300427,3.335886133300427
train,lasso,Lasso regression,6.6,6.1582729402350775,0.4417270597649221,0.4417270597649221
train,lasso,Lasso regression,5.09,7.998350415210281,-2.908350415210281,2.908350415210281
train,lasso,Lasso regression,5.13,8.012225864134958,-2.8822258641349583,2.8822258641349583
train,lasso,Lasso regression,5.01,4.426004891403063,0.5839951085969366,0.5839951085969366
train,lasso,Lasso regression,3.49,4.940853356869378,-1.450853356869378,1.450853356869378
train,lasso,Lasso regression,7.79,5.559397362871674,2.2306026371283263,2.2306026371283263
train,lasso,Lasso regression,7.52,2.334801130896043,5.1851988691039566,5.1851988691039566
train,lasso,Lasso regression,3.2,2.1460727580056496,1.0539272419943506,1.0539272419943506
train,lasso,Lasso regression,4.26,2.6886798156423106,1.5713201843576892,1.5713201843576892
train,lasso,Lasso regression,7.76,4.22730285720032,3.5326971427996794,3.5326971427996794
train,lasso,Lasso regression,4.38,8.062172345704647,-3.6821723457046476,3.6821723457046476
train,lasso,Lasso regression,1.43,0.047214043460458655,1.3827859565395413,1.3827859565395413
train,lasso,Lasso regression,5.76,3.399413260752957,2.3605867392470428,2.3605867392470428
train,lasso,Lasso regression,3.27,2.1149954675790656,1.1550045324209344,1.1550045324209344
train,lasso,Lasso regression,4.37,5.051542727043223,-0.6815427270432233,0.6815427270432233
train,lasso,Lasso regression,3.7,2.444248792104987,1.2557512078950133,1.2557512078950133
train,lasso,Lasso regression,3.87,1.7650961407714556,2.1049038592285445,2.1049038592285445
train,lasso,Lasso regression,0.02,1.705517172559536,-1.685517172559536,1.685517172559536
train,lasso,Lasso regression,15.0,4.41720898485814,10.58279101514186,10.58279101514186
train,lasso,Lasso regression,7.15,3.442304939120022,3.7076950608799786,3.7076950608799786
train,lasso,Lasso regression,-0.2,3.6900198148502272,-3.8900198148502274,3.8900198148502274
train,lasso,Lasso regression,1.26,5.67096848099561,-4.41096848099561,4.41096848099561
calibration_global,lasso,Lasso regression,15.75,11.302247566763468,4.447752433236532,4.447752433236532
calibration_global,lasso,Lasso regression,16.75,10.858086807391832,5.891913192608168,5.891913192608168
calibration_global,lasso,Lasso regression,16.05,10.718372064955737,5.3316279350442635,5.3316279350442635
calibration_global,lasso,Lasso regression,13.03,14.14258829472309,-1.112588294723091,1.112588294723091
calibration_global,lasso,Lasso regression,6.23,13.028229931403294,-6.798229931403293,6.798229931403293
calibration_global,lasso,Lasso regression,14.96,11.014663647360178,3.9453363526398224,3.9453363526398224
calibration_global,lasso,Lasso regression,4.5,5.060751374595177,-0.5607513745951769,0.5607513745951769
calibration_global,lasso,Lasso regression,12.58,14.213893266230325,-1.6338932662303254,1.6338932662303254
calibration_global,lasso,Lasso regression,7.79,11.740853446612963,-3.950853446612963,3.950853446612963
calibration_global,lasso,Lasso regression,17.16,13.068598298325025,4.091401701674975,4.091401701674975
calibration_global,lasso,Lasso regression,21.6,16.1367078100863,5.463292189913702,5.463292189913702
calibration_global,lasso,Lasso regression,16.08,14.912924453301795,1.1670755466982037,1.1670755466982037
calibration_global,lasso,Lasso regression,23.68,21.359879088300485,2.320120911699515,2.320120911699515
calibration_global,lasso,Lasso regression,22.9,21.770624658090007,1.1293753419099914,1.1293753419099914
calibration_global,lasso,Lasso regression,1.9,2.1692362622813004,-0.2692362622813005,0.2692362622813005
calibration_global,lasso,Lasso regression,1.9,2.1692362622813004,-0.2692362622813005,0.2692362622813005
calibration_global,lasso,Lasso regression,1.9,2.1692362622813004,-0.2692362622813005,0.2692362622813005
calibration_global,lasso,Lasso regression,2.05,1.4706625501008332,0.5793374498991666,0.5793374498991666
calibration_global,lasso,Lasso regression,3.67,5.130989844495459,-1.460989844495459,1.460989844495459
calibration_global,lasso,Lasso regression,2.54,3.2493246708728263,-0.7093246708728262,0.7093246708728262
calibration_global,lasso,Lasso regression,2.46,2.838207098569163,-0.37820709856916324,0.37820709856916324
calibration_global,lasso,Lasso regression,3.07,2.525734426629003,0.5442655733709967,0.5442655733709967
calibration_global,lasso,Lasso regression,3.26,4.798974545587275,-1.5389745455872754,1.5389745455872754
calibration_global,lasso,Lasso regression,4.5,4.757862788356909,-0.2578627883569089,0.2578627883569089
calibration_global,lasso,Lasso regression,4.5,4.757862788356909,-0.2578627883569089,0.2578627883569089
calibration_global,lasso,Lasso regression,5.68,4.757862788356909,0.9221372116430908,0.9221372116430908
calibration_global,lasso,Lasso regression,4.5,6.392192110251962,-1.8921921102519619,1.8921921102519619
calibration_global,lasso,Lasso regression,4.21,6.334700882276601,-2.124700882276601,2.124700882276601
calibration_global,lasso,Lasso regression,4.6,5.505760168087596,-0.9057601680875962,0.9057601680875962
calibration_global,lasso,Lasso regression,2.2,4.6319065357141715,-2.4319065357141714,2.4319065357141714
calibration_global,lasso,Lasso regression,2.45,2.0622183042090034,0.38778169579099675,0.38778169579099675
calibration_global,lasso,Lasso regression,4.03,3.4304697705533185,0.5995302294466818,0.5995302294466818
calibration_global,lasso,Lasso regression,2.65,3.4304697705533185,-0.7804697705533186,0.7804697705533186
calibration_global,lasso,Lasso regression,4.8,4.692337344655204,0.10766265534479569,0.10766265534479569
calibration_global,lasso,Lasso regression,6.52,4.692337344655204,1.8276626553447954,1.8276626553447954
calibration_global,lasso,Lasso regression,4.8,4.938635885523261,-0.13863588552326078,0.13863588552326078
calibration_global,lasso,Lasso regression,6.48,4.856412371062528,1.6235876289374724,1.6235876289374724
calibration_global,lasso,Lasso regression,6.24,4.812755905783065,1.4272440942169355,1.4272440942169355
calibration_global,lasso,Lasso regression,5.1,3.698968004461931,1.4010319955380686,1.4010319955380686
calibration_global,lasso,Lasso regression,3.38,6.359093150460791,-2.979093150460791,2.979093150460791
calibration_global,lasso,Lasso regression,4.56,7.057225377169706,-2.4972253771697064,2.4972253771697064
calibration_global,lasso,Lasso regression,5.66,5.432363983592064,0.22763601640793585,0.22763601640793585
calibration_global,lasso,Lasso regression,4.45,5.432363983592064,-0.9823639835920641,0.9823639835920641
calibration_global,lasso,Lasso regression,4.59,5.818377266896214,-1.2283772668962145,1.2283772668962145
calibration_global,lasso,Lasso regression,6.5,8.925491823185258,-2.425491823185258,2.425491823185258
calibration_global,lasso,Lasso regression,5.52,6.687833386552867,-1.1678333865528678,1.1678333865528678
calibration_global,lasso,Lasso regression,5.62,6.687833386552867,-1.0678333865528673,1.0678333865528673
calibration_global,lasso,Lasso regression,5.36,5.857287341362939,-0.49728734136293884,0.49728734136293884
calibration_global,lasso,Lasso regression,5.5,5.857287341362939,-0.35728734136293916,0.35728734136293916
calibration_global,lasso,Lasso regression,2.62,1.844928067858068,0.7750719321419322,0.7750719321419322
calibration_global,lasso,Lasso regression,6.52,4.683463216663528,1.8365367833364719,1.8365367833364719
calibration_global,lasso,Lasso regression,3.88,3.8529171714736,0.027082828526399982,0.027082828526399982
calibration_global,lasso,Lasso regression,3.88,3.866500458046654,0.013499541953345684,0.013499541953345684
calibration_global,lasso,Lasso regression,4.34,5.066737686482614,-0.7267376864826138,0.7267376864826138
calibration_global,lasso,Lasso regression,4.05,6.45705163001676,-2.4070516300167606,2.4070516300167606
calibration_global,lasso,Lasso regression,3.96,5.752897971196686,-1.7928979711966857,1.7928979711966857
calibration_global,lasso,Lasso regression,7.89,7.326954680965322,0.5630453190346776,0.5630453190346776
calibration_global,lasso,Lasso regression,6.32,6.3876434138611256,-0.06764341386112527,0.06764341386112527
calibration_global,lasso,Lasso regression,8.06,8.09272783611683,-0.03272783611683039,0.03272783611683039
calibration_global,lasso,Lasso regression,3.43,5.589904708768535,-2.159904708768535,2.159904708768535
calibration_global,lasso,Lasso regression,5.7,5.101156194421975,0.5988438055780252,0.5988438055780252
calibration_global,lasso,Lasso regression,5.66,7.8288800375933105,-2.1688800375933104,2.1688800375933104
calibration_global,lasso,Lasso regression,3.51,3.5881742256056484,-0.07817422560564857,0.07817422560564857
calibration_global,lasso,Lasso regression,10.27,4.018414491598916,6.251585508401083,6.251585508401083
calibration_global,lasso,Lasso regression,9.84,3.936190977138183,5.903809022861816,5.903809022861816
calibration_global,lasso,Lasso regression,10.5,2.955955882478146,7.544044117521854,7.544044117521854
calibration_global,lasso,Lasso regression,5.35,3.936190977138183,1.4138090228618165,1.4138090228618165
calibration_global,lasso,Lasso regression,4.1,4.420017411857469,-0.320017411857469,0.320017411857469
calibration_global,lasso,Lasso regression,13.69,7.387450005267694,6.302549994732305,6.302549994732305
calibration_global,lasso,Lasso regression,4.1,9.077497656182576,-4.977497656182576,4.977497656182576
calibration_global,lasso,Lasso regression,11.26,10.35142967905425,0.9085703209457492,0.9085703209457492
calibration_global,lasso,Lasso regression,10.05,8.748468904449167,1.3015310955508337,1.3015310955508337
calibration_global,lasso,Lasso regression,8.26,4.301871567475328,3.9581284325246715,3.9581284325246715
calibration_global,lasso,Lasso regression,6.55,4.411556459351178,2.1384435406488222,2.1384435406488222
calibration_global,lasso,Lasso regression,8.45,4.413387647068844,4.036612352931155,4.036612352931155
calibration_global,lasso,Lasso regression,7.39,5.810411884284325,1.5795881157156746,1.5795881157156746
calibration_global,lasso,Lasso regression,2.44,3.827972033424514,-1.3879720334245143,1.3879720334245143
calibration_global,lasso,Lasso regression,4.22,3.854281274367577,0.3657187256324228,0.3657187256324228
calibration_global,lasso,Lasso regression,4.3,3.37901547742153,0.9209845225784696,0.9209845225784696
calibration_global,lasso,Lasso regression,6.5,2.4057683024272682,4.094231697572732,4.094231697572732
calibration_global,lasso,Lasso regression,3.22,4.26902467241143,-1.0490246724114294,1.0490246724114294
calibration_global,lasso,Lasso regression,3.03,5.205853644607168,-2.175853644607168,2.175853644607168
calibration_global,lasso,Lasso regression,0.21,3.780958390347759,-3.570958390347759,3.570958390347759
calibration_global,lasso,Lasso regression,2.69,0.08267139033579163,2.6073286096642083,2.6073286096642083
calibration_global,lasso,Lasso regression,0.58,3.266483936712314,-2.686483936712314,2.686483936712314
calibration_global,lasso,Lasso regression,0.03,-1.5275375088953407,1.5575375088953407,1.5575375088953407
calibration_global,lasso,Lasso regression,-0.19,0.8832820279522053,-1.0732820279522053,1.0732820279522053
calibration_local,lasso,Lasso regression,16.47,10.858086807391832,5.611913192608167,5.611913192608167
calibration_local,lasso,Lasso regression,16.0,11.589336515986911,4.410663484013089,4.410663484013089
calibration_local,lasso,Lasso regression,8.09,14.002873552286996,-5.912873552286996,5.912873552286996
calibration_local,lasso,Lasso regression,7.16,13.085721159378654,-5.925721159378654,5.925721159378654
calibration_local,lasso,Lasso regression,15.02,13.110949348436945,1.9090506515630548,1.9090506515630548
calibration_local,lasso,Lasso regression,15.49,14.074178523794233,1.4158214762057675,1.4158214762057675
calibration_local,lasso,Lasso regression,17.73,11.744711166370701,5.9852888336292995,5.9852888336292995
calibration_local,lasso,Lasso regression,17.73,11.744711166370701,5.9852888336292995,5.9852888336292995
calibration_local,lasso,Lasso regression,18.38,11.744711166370701,6.635288833629298,6.635288833629298
calibration_local,lasso,Lasso regression,16.28,14.929625272921765,1.3503747270782362,1.3503747270782362
calibration_local,lasso,Lasso regression,16.08,14.912924453301795,1.1670755466982037,1.1670755466982037
calibration_local,lasso,Lasso regression,16.08,14.912924453301795,1.1670755466982037,1.1670755466982037
calibration_local,lasso,Lasso regression,16.6,21.770624658090007,-5.170624658090006,5.170624658090006
calibration_local,lasso,Lasso regression,2.22,3.7314830370352228,-1.5114830370352226,1.5114830370352226
calibration_local,lasso,Lasso regression,1.93,2.1412933137940815,-0.21129331379408156,0.21129331379408156
calibration_local,lasso,Lasso regression,1.83,2.029521519845207,-0.19952151984520672,0.19952151984520672
calibration_local,lasso,Lasso regression,2.1,2.529309685478359,-0.4293096854783589,0.4293096854783589
calibration_local,lasso,Lasso regression,2.89,3.7179334711518512,-0.8279334711518511,0.8279334711518511
calibration_local,lasso,Lasso regression,2.15,2.0159719539618353,0.13402804603816465,0.13402804603816465
calibration_local,lasso,Lasso regression,5.35,3.495995214255025,1.8540047857449746,1.8540047857449746
calibration_local,lasso,Lasso regression,3.83,3.495995214255025,0.33400478574497505,0.33400478574497505
calibration_local,lasso,Lasso regression,3.87,3.495995214255025,0.3740047857449751,0.3740047857449751
calibration_local,lasso,Lasso regression,4.5,4.757862788356909,-0.2578627883569089,0.2578627883569089
calibration_local,lasso,Lasso regression,5.68,4.757862788356909,0.9221372116430908,0.9221372116430908
calibration_local,lasso,Lasso regression,4.62,4.618148045920815,0.0018519540791848144,0.0018519540791848144
calibration_local,lasso,Lasso regression,3.71,3.787602000730887,-0.07760200073088708,0.07760200073088708
calibration_local,lasso,Lasso regression,4.33,6.4744156247126945,-2.1444156247126944,2.1444156247126944
calibration_local,lasso,Lasso regression,4.5,6.392192110251962,-1.8921921102519619,1.8921921102519619
calibration_local,lasso,Lasso regression,3.38,5.734403994566099,-2.3544039945660993,2.3544039945660993
calibration_local,lasso,Lasso regression,2.47,1.9504465102601287,0.5195534897398715,0.5195534897398715
calibration_local,lasso,Lasso regression,6.75,3.4304697705533185,3.3195302294466815,3.3195302294466815
calibration_local,lasso,Lasso regression,3.99,3.4304697705533185,0.5595302294466817,0.5595302294466817
calibration_local,lasso,Lasso regression,4.8,4.692337344655204,0.10766265534479569,0.10766265534479569
calibration_local,lasso,Lasso regression,6.52,4.692337344655204,1.8276626553447954,1.8276626553447954
calibration_local,lasso,Lasso regression,5.11,4.659206400651073,0.45079359934892693,0.45079359934892693
calibration_local,lasso,Lasso regression,3.9,3.335675110918176,0.5643248890818238,0.5643248890818238
calibration_local,lasso,Lasso regression,5.05,3.698968004461931,1.3510319955380687,1.3510319955380687
calibration_local,lasso,Lasso regression,2.87,3.0411798887760693,-0.17117988877606916,0.17117988877606916
calibration_local,lasso,Lasso regression,4.37,6.416584378436151,-2.046584378436151,2.046584378436151
calibration_local,lasso,Lasso regression,4.49,5.432363983592064,-0.9423639835920641,0.9423639835920641
calibration_local,lasso,Lasso regression,4.66,4.601817938402136,0.0581820615978641,0.0581820615978641
calibration_local,lasso,Lasso regression,4.45,4.519594423941403,-0.06959442394140325,0.06959442394140325
calibration_local,lasso,Lasso regression,5.12,4.462103195966042,0.6578968040339577,0.6578968040339577
calibration_local,lasso,Lasso regression,6.7,8.679193282317202,-1.979193282317202,1.979193282317202
calibration_local,lasso,Lasso regression,6.58,8.925491823185258,-2.3454918231852577,2.3454918231852577
calibration_local,lasso,Lasso regression,5.62,6.687833386552867,-1.0678333865528673,1.0678333865528673
calibration_local,lasso,Lasso regression,5.02,6.630342158577507,-1.6103421585775077,1.6103421585775077
calibration_local,lasso,Lasso regression,5.4,5.717572598926846,-0.3175725989268461,0.3175725989268461
calibration_local,lasso,Lasso regression,2.74,3.3249513281512577,-0.5849513281512575,0.5849513281512575
calibration_local,lasso,Lasso regression,2.54,3.078280784769059,-0.5382807847690589,0.5382807847690589
calibration_local,lasso,Lasso regression,6.37,4.8475382430708525,1.5224617569291476,1.5224617569291476
calibration_local,lasso,Lasso regression,4.38,5.066737686482614,-0.6867376864826138,0.6867376864826138
calibration_local,lasso,Lasso regression,3.77,5.009246458507253,-1.2392464585072527,1.2392464585072527
calibration_local,lasso,Lasso regression,2.95,4.153968126831953,-1.2039681268319526,1.2039681268319526
calibration_local,lasso,Lasso regression,8.12,7.927251568675823,0.1927484313241763,0.1927484313241763
calibration_local,lasso,Lasso regression,8.12,8.403799267023306,-0.2837992670233067,0.2837992670233067
calibration_local,lasso,Lasso regression,7.89,7.985837267317878,-0.09583726731787845,0.09583726731787845
calibration_local,lasso,Lasso regression,8.06,6.583593025040834,1.4764069749591666,1.4764069749591666
calibration_local,lasso,Lasso regression,6.03,4.731843730737797,1.2981562692622033,1.2981562692622033
calibration_local,lasso,Lasso regression,5.97,4.895918757145121,1.074081242854879,1.074081242854879
calibration_local,lasso,Lasso regression,4.83,4.056783025884673,0.7732169741153267,0.7732169741153267
calibration_local,lasso,Lasso regression,3.88,4.081143309855904,-0.20114330985590367,0.20114330985590367
calibration_local,lasso,Lasso regression,4.36,3.9989197953951705,0.3610802046048298,0.3610802046048298
calibration_local,lasso,Lasso regression,9.1,3.936190977138183,5.163809022861816,5.163809022861816
calibration_local,lasso,Lasso regression,9.1,3.852362131676527,5.247637868323473,5.247637868323473
calibration_local,lasso,Lasso regression,8.88,3.7964762347020895,5.083523765297912,5.083523765297912
calibration_local,lasso,Lasso regression,11.05,10.187354652646928,0.8626453473530731,0.8626453473530731
calibration_local,lasso,Lasso regression,10.71,9.858460594803997,0.8515394051960037,0.8515394051960037
calibration_local,lasso,Lasso regression,11.11,9.41429983543236,1.69570016456764,1.69570016456764
calibration_local,lasso,Lasso regression,11.1,8.534573462849671,2.565426537150328,2.565426537150328
calibration_local,lasso,Lasso regression,11.23,10.35142967905425,0.8785703209457498,0.8785703209457498
calibration_local,lasso,Lasso regression,10.91,4.354065231375817,6.555934768624184,6.555934768624184
calibration_local,lasso,Lasso regression,11.41,4.413387647068844,6.996612352931156,6.996612352931156
calibration_local,lasso,Lasso regression,7.39,5.530982399412138,1.8590176005878618,1.8590176005878618
calibration_local,lasso,Lasso regression,3.05,6.838234656052856,-3.7882346560528566,3.7882346560528566
calibration_local,lasso,Lasso regression,4.77,3.911772502342938,0.8582274976570616,0.8582274976570616
calibration_local,lasso,Lasso regression,2.83,4.0585494922245235,-1.2285494922245235,1.2285494922245235
calibration_local,lasso,Lasso regression,2.12,3.4826128884852525,-1.3626128884852524,1.3626128884852524
calibration_local,lasso,Lasso regression,-0.06,2.71849978122699,-2.7784997812269903,2.7784997812269903
calibration_local,lasso,Lasso regression,3.09,1.145129999456561,1.944870000543439,1.944870000543439
calibration_local,lasso,Lasso regression,7.01,1.8851416296031553,5.124858370396844,5.124858370396844
calibration_local,lasso,Lasso regression,2.79,0.21118778709155173,2.5788122129084483,2.5788122129084483
calibration_local,lasso,Lasso regression,2.7,0.08267139033579163,2.6173286096642085,2.6173286096642085
calibration_local,lasso,Lasso regression,-0.11,-0.7859205477478195,0.6759205477478195,0.6759205477478195
calibration_local,lasso,Lasso regression,-0.19,0.8832820279522053,-1.0732820279522053,1.0732820279522053
calibration_local,lasso,Lasso regression,-0.12,1.1703709771756516,-1.2903709771756517,1.2903709771756517
calibration_local,lasso,Lasso regression,1.79,5.094007961707247,-3.3040079617072466,3.3040079617072466
test,lasso,Lasso regression,4.22,8.846193558687466,-4.626193558687466,4.626193558687466
test,lasso,Lasso regression,12.53,11.548918110145665,0.9810818898543339,0.9810818898543339
test,lasso,Lasso regression,11.15,13.065743708665105,-1.9157437086651044,1.9157437086651044
test,lasso,Lasso regression,6.58,11.683170146734621,-5.103170146734621,5.103170146734621
test,lasso,Lasso regression,14.7,12.831519863564758,1.8684801364352417,1.8684801364352417
test,lasso,Lasso regression,3.27,10.023081138988815,-6.753081138988815,6.753081138988815
test,lasso,Lasso regression,4.52,3.4801880573134776,1.039811942686522,1.039811942686522
test,lasso,Lasso regression,9.03,5.83584841829093,3.194151581709069,3.194151581709069
test,lasso,Lasso regression,4.45,5.060751374595177,-0.6107513745951767,0.6107513745951767
test,lasso,Lasso regression,13.27,9.531854470787291,3.7381455292127086,3.7381455292127086
test,lasso,Lasso regression,17.54,14.213893266230325,3.3261067337696737,3.3261067337696737
test,lasso,Lasso regression,12.36,11.98362575404254,0.37637424595745905,0.37637424595745905
test,lasso,Lasso regression,12.88,14.666294779645234,-1.7862947796452335,1.7862947796452335
test,lasso,Lasso regression,9.8,4.883232781939862,4.916767218060139,4.916767218060139
test,lasso,Lasso regression,13.33,8.545549418440174,4.784450581559826,4.784450581559826
test,lasso,Lasso regression,7.94,12.020282931485152,-4.080282931485152,4.080282931485152
test,lasso,Lasso regression,17.6,13.985885602946063,3.614114397053939,3.614114397053939
test,lasso,Lasso regression,12.34,14.092570589140095,-1.7525705891400953,1.7525705891400953
test,lasso,Lasso regression,8.03,5.135142890094165,2.8948571099058347,2.8948571099058347
test,lasso,Lasso regression,17.69,13.56156738257528,4.128432617424721,4.128432617424721
test,lasso,Lasso regression,7.96,11.772277310445972,-3.812277310445972,3.812277310445972
test,lasso,Lasso regression,20.09,17.460594942040622,2.629405057959378,2.629405057959378
test,lasso,Lasso regression,16.08,14.912924453301795,1.1670755466982037,1.1670755466982037
test,lasso,Lasso regression,10.2,7.256141544175338,2.943858455824661,2.943858455824661
test,lasso,Lasso regression,23.0,15.270048671327022,7.729951328672978,7.729951328672978
test,lasso,Lasso regression,22.82,21.770624658090007,1.0493753419099932,1.0493753419099932
test,lasso,Lasso regression,13.76,16.36716510822315,-2.6071651082231515,2.6071651082231515
test,lasso,Lasso regression,20.18,25.589420319571676,-5.409420319571677,5.409420319571677
test,lasso,Lasso regression,5.39,2.1263168854050347,3.263683114594965,3.263683114594965
test,lasso,Lasso regression,1.93,2.1412933137940815,-0.21129331379408156,0.21129331379408156
test,lasso,Lasso regression,5.87,5.130989844495459,0.7390101555045412,0.7390101555045412
test,lasso,Lasso regression,2.41,2.12774374791071,0.28225625208929017,0.28225625208929017
test,lasso,Lasso regression,6.31,4.921937814764233,1.3880621852357669,1.3880621852357669
test,lasso,Lasso regression,3.95,6.638490651120018,-2.688490651120018,2.688490651120018
test,lasso,Lasso regression,1.93,2.9299450185241556,-0.9999450185241556,0.9999450185241556
test,lasso,Lasso regression,5.08,5.058923461566913,0.021076538433087322,0.021076538433087322
test,lasso,Lasso regression,2.6,3.1837992271711197,-0.5837992271711197,0.5837992271711197
test,lasso,Lasso regression,1.66,3.519664296267951,-1.8596642962679513,1.8596642962679513
test,lasso,Lasso regression,4.8,4.692337344655204,0.10766265534479569,0.10766265534479569
test,lasso,Lasso regression,3.04,3.842495118157043,-0.8024951181570428,0.8024951181570428
test,lasso,Lasso regression,4.71,5.266631205220371,-0.5566312052203708,0.5566312052203708
test,lasso,Lasso regression,2.74,5.129820007655627,-2.3898200076556266,2.3898200076556266
test,lasso,Lasso regression,3.66,3.7811915189226637,-0.12119151892266355,0.12119151892266355
test,lasso,Lasso regression,2.56,3.7811915189226637,-1.2211915189226636,1.2211915189226636
test,lasso,Lasso regression,3.81,3.183255611506527,0.6267443884934729,0.6267443884934729
test,lasso,Lasso regression,5.33,6.254000088629225,-0.9240000886292252,0.9240000886292252
test,lasso,Lasso regression,4.41,6.416584378436151,-2.006584378436151,2.006584378436151
test,lasso,Lasso regression,6.01,7.057225377169706,-1.0472253771697062,1.0472253771697062
test,lasso,Lasso regression,4.77,5.514587498052797,-0.7445874980527973,0.7445874980527973
test,lasso,Lasso regression,2.67,3.9664986507763063,-1.2964986507763063,1.2964986507763063
test,lasso,Lasso regression,3.45,3.573668690024448,-0.12366869002444769,0.12366869002444769
test,lasso,Lasso regression,6.7,8.679193282317202,-1.979193282317202,1.979193282317202
test,lasso,Lasso regression,6.04,6.687833386552867,-0.6478333865528674,0.6478333865528674
test,lasso,Lasso regression,4.26,5.303367774265419,-1.0433677742654188,1.0433677742654188
test,lasso,Lasso regression,3.69,6.907866646352685,-3.2178666463526855,3.2178666463526855
test,lasso,Lasso regression,1.98,4.0980137469680376,-2.1180137469680376,2.1180137469680376
test,lasso,Lasso regression,2.62,1.9566998618069427,0.6633001381930574,0.6633001381930574
test,lasso,Lasso regression,3.01,4.683486459731745,-1.6734864597317456,1.6734864597317456
test,lasso,Lasso regression,5.47,4.683463216663528,0.786536783336472,0.786536783336472
test,lasso,Lasso regression,5.12,5.998525784068096,-0.8785257840680956,0.8785257840680956
test,lasso,Lasso regression,5.85,5.65404857352531,0.19595142647468933,0.19595142647468933
test,lasso,Lasso regression,5.26,3.6202019171785977,1.639798082821402,1.639798082821402
test,lasso,Lasso regression,3.43,5.31303622735067,-1.88303622735067,1.88303622735067
test,lasso,Lasso regression,4.05,6.45705163001676,-2.4070516300167606,2.4070516300167606
test,lasso,Lasso regression,5.3,5.152601083486184,0.14739891651381587,0.14739891651381587
test,lasso,Lasso regression,4.92,3.3784520506855515,1.5415479493144484,1.5415479493144484
test,lasso,Lasso regression,8.8,9.004096154733809,-0.20409615473380782,0.20409615473380782
test,lasso,Lasso regression,8.3,8.09272783611683,0.20727216388316982,0.20727216388316982
test,lasso,Lasso regression,2.38,2.717263114696281,-0.337263114696281,0.337263114696281
test,lasso,Lasso regression,2.71,4.677135149117875,-1.9671351491178752,1.9671351491178752
test,lasso,Lasso regression,5.61,5.214781790849533,0.39521820915046746,0.39521820915046746
test,lasso,Lasso regression,4.93,4.731843730737797,0.19815626926220276,0.19815626926220276
test,lasso,Lasso regression,5.72,5.0961701784989035,0.6238298215010962,0.6238298215010962
test,lasso,Lasso regression,5.7,7.525090268749893,-1.8250902687498929,1.8250902687498929
test,lasso,Lasso regression,3.88,4.081143309855904,-0.20114330985590367,0.20114330985590367
test,lasso,Lasso regression,9.19,3.936190977138183,5.253809022861816,5.253809022861816
test,lasso,Lasso regression,5.4,3.936190977138183,1.4638090228618172,1.4638090228618172
test,lasso,Lasso regression,10.12,4.280302669421374,5.839697330578625,5.839697330578625
test,lasso,Lasso regression,4.0,4.336188566395812,-0.33618856639581196,0.33618856639581196
test,lasso,Lasso regression,5.79,3.8632886044856787,1.9267113955143214,1.9267113955143214
test,lasso,Lasso regression,5.23,4.417012392234498,0.8129876077655025,0.8129876077655025
test,lasso,Lasso regression,14.28,7.551525031675019,6.7284749683249805,6.7284749683249805
test,lasso,Lasso regression,4.82,9.42239918225636,-4.6023991822563595,4.6023991822563595
test,lasso,Lasso regression,3.95,3.3044197467614707,0.6455802532385295,0.6455802532385295
test,lasso,Lasso regression,11.09,10.491144421490345,0.5988555785096548,0.5988555785096548
test,lasso,Lasso regression,4.44,7.017638828928893,-2.577638828928893,2.577638828928893
test,lasso,Lasso regression,2.7,2.9622983161651275,-0.26229831616512733,0.26229831616512733
test,lasso,Lasso regression,6.48,4.411556459351178,2.068443540648823,2.068443540648823
test,lasso,Lasso regression,8.45,4.413387647068844,4.036612352931155,4.036612352931155
test,lasso,Lasso regression,6.35,5.070400254137731,1.279599745862269,1.279599745862269
test,lasso,Lasso regression,3.75,4.11506098264796,-0.36506098264796005,0.36506098264796005
test,lasso,Lasso regression,2.17,3.8339179005715605,-1.6639179005715605,1.6639179005715605
test,lasso,Lasso regression,12.27,9.278389376902084,2.991610623097916,2.991610623097916
test,lasso,Lasso regression,4.22,3.854281274367577,0.3657187256324228,0.3657187256324228
test,lasso,Lasso regression,2.09,5.031796667218786,-2.941796667218786,2.941796667218786
test,lasso,Lasso regression,2.59,3.318537862077929,-0.7285378620779293,0.7285378620779293
test,lasso,Lasso regression,2.08,3.6557874181092185,-1.5757874181092184,1.5757874181092184
test,lasso,Lasso regression,5.75,6.5583908656103365,-0.8083908656103365,0.8083908656103365
test,lasso,Lasso regression,2.16,5.076826760463513,-2.916826760463513,2.916826760463513
test,lasso,Lasso regression,4.2,4.459825479111904,-0.2598254791119041,0.2598254791119041
test,lasso,Lasso regression,11.85,10.949885119745653,0.9001148802543462,0.9001148802543462
test,lasso,Lasso regression,4.21,7.983233219459597,-3.7732332194595974,3.7732332194595974
test,lasso,Lasso regression,3.03,5.205853644607168,-2.175853644607168,2.175853644607168
test,lasso,Lasso regression,7.08,3.608200460843693,3.471799539156307,3.471799539156307
test,lasso,Lasso regression,5.55,3.399413260752957,2.150586739247043,2.150586739247043
test,lasso,Lasso regression,6.98,1.8851416296031553,5.094858370396845,5.094858370396845
test,lasso,Lasso regression,-0.3,2.444248792104987,-2.7442487921049867,2.7442487921049867
test,lasso,Lasso regression,0.24,1.705517172559536,-1.465517172559536,1.465517172559536
test,lasso,Lasso regression,0.81,3.2214110145712027,-2.4114110145712027,2.4114110145712027
train,ridge,Ridge regression,4.45,4.440641907667084,0.00935809233291618,0.00935809233291618
train,ridge,Ridge regression,8.64,10.68306188003296,-2.04306188003296,2.04306188003296
train,ridge,Ridge regression,4.29,7.629168401555303,-3.3391684015553027,3.3391684015553027
train,ridge,Ridge regression,4.09,10.358332848348468,-6.268332848348468,6.268332848348468
train,ridge,Ridge regression,10.56,11.448040439853312,-0.8880404398533113,0.8880404398533113
train,ridge,Ridge regression,16.06,10.73830539419684,5.32169460580316,5.32169460580316
train,ridge,Ridge regression,16.77,11.837515032530437,4.932484967469563,4.932484967469563
train,ridge,Ridge regression,15.63,11.764302391946423,3.865697608053578,3.865697608053578
train,ridge,Ridge regression,12.62,12.981792369892597,-0.3617923698925978,0.3617923698925978
train,ridge,Ridge regression,13.41,14.20302307586622,-0.7930230758662198,0.7930230758662198
train,ridge,Ridge regression,6.47,12.434188656075236,-5.964188656075236,5.964188656075236
train,ridge,Ridge regression,14.64,14.287444041685184,0.35255595831481656,0.35255595831481656
train,ridge,Ridge regression,7.0,9.534499994980612,-2.534499994980612,2.534499994980612
train,ridge,Ridge regression,14.47,12.326583689827526,2.1434163101724746,2.1434163101724746
train,ridge,Ridge regression,6.9,2.941551327532891,3.9584486724671093,3.9584486724671093
train,ridge,Ridge regression,1.75,9.012590566498623,-7.2625905664986234,7.2625905664986234
train,ridge,Ridge regression,17.2,11.434315073827516,5.765684926172483,5.765684926172483
train,ridge,Ridge regression,4.73,4.746380749437916,-0.01638074943791601,0.01638074943791601
train,ridge,Ridge regression,4.44,1.9899038534993627,2.4500961465006377,2.4500961465006377
train,ridge,Ridge regression,2.57,3.9682858023376677,-1.3982858023376679,1.3982858023376679
train,ridge,Ridge regression,2.55,5.407593623991091,-2.8575936239910913,2.8575936239910913
train,ridge,Ridge regression,4.49,3.6781613774014246,0.8118386225985756,0.8118386225985756
train,ridge,Ridge regression,4.47,3.6790262852443125,0.7909737147556872,0.7909737147556872
train,ridge,Ridge regression,3.47,3.682910663298227,-0.21291066329822694,0.21291066329822694
train,ridge,Ridge regression,5.46,3.6850903571788236,1.7749096428211764,1.7749096428211764
train,ridge,Ridge regression,3.83,3.685841324682887,0.1441586753171129,0.1441586753171129
train,ridge,Ridge regression,5.01,5.388427510386023,-0.3784275103860235,0.3784275103860235
train,ridge,Ridge regression,3.76,5.270738568078293,-1.5107385680782937,1.5107385680782937
train,ridge,Ridge regression,3.88,5.263994074245376,-1.3839940742453765,1.3839940742453765
train,ridge,Ridge regression,0.9,7.07612841576262,-6.176128415762619,6.176128415762619
train,ridge,Ridge regression,9.26,5.474953350953356,3.7850466490466435,3.7850466490466435
train,ridge,Ridge regression,8.18,7.6339543765875675,0.5460456234124322,0.5460456234124322
train,ridge,Ridge regression,8.53,5.321399654340885,3.2086003456591143,3.2086003456591143
train,ridge,Ridge regression,4.95,5.666446034808236,-0.7164460348082358,0.7164460348082358
train,ridge,Ridge regression,5.18,5.693949588293002,-0.5139495882930021,0.5139495882930021
train,ridge,Ridge regression,8.67,5.880886494639137,2.789113505360863,2.789113505360863
train,ridge,Ridge regression,18.2,6.941402168855188,11.258597831144812,11.258597831144812
train,ridge,Ridge regression,12.46,9.209543205969517,3.250456794030484,3.250456794030484
train,ridge,Ridge regression,6.28,10.679293915612094,-4.399293915612094,4.399293915612094
train,ridge,Ridge regression,17.32,14.170365331457518,3.1496346685424825,3.1496346685424825
train,ridge,Ridge regression,12.34,11.890958757194054,0.4490412428059454,0.4490412428059454
train,ridge,Ridge regression,9.37,14.140739439659708,-4.7707394396597085,4.7707394396597085
train,ridge,Ridge regression,12.08,12.720377292697233,-0.6403772926972326,0.6403772926972326
train,ridge,Ridge regression,10.21,12.160819601312369,-1.950819601312368,1.950819601312368
train,ridge,Ridge regression,7.44,5.782480444685753,1.6575195553142477,1.6575195553142477
train,ridge,Ridge regression,6.82,5.786210225407187,1.0337897745928135,1.0337897745928135
train,ridge,Ridge regression,7.85,7.497431459423116,0.35256854057688347,0.35256854057688347
train,ridge,Ridge regression,10.02,5.1767089957997285,4.843291004200271,4.843291004200271
train,ridge,Ridge regression,6.31,7.2509451969426735,-0.9409451969426739,0.9409451969426739
train,ridge,Ridge regression,2.15,4.29338615004126,-2.1433861500412603,2.1433861500412603
train,ridge,Ridge regression,2.25,3.884988541444894,-1.6349885414448941,1.6349885414448941
train,ridge,Ridge regression,2.39,2.9382424441047323,-0.5482424441047322,0.5482424441047322
train,ridge,Ridge regression,5.7,4.595965013424207,1.104034986575793,1.104034986575793
train,ridge,Ridge regression,15.04,8.568705332318398,6.471294667681601,6.471294667681601
train,ridge,Ridge regression,5.93,10.754765158504926,-4.824765158504926,4.824765158504926
train,ridge,Ridge regression,17.77,14.21467695180321,3.55532304819679,3.55532304819679
train,ridge,Ridge regression,7.7,11.810191441525781,-4.110191441525781,4.110191441525781
train,ridge,Ridge regression,16.0,14.12294364998779,1.8770563500122108,1.8770563500122108
train,ridge,Ridge regression,17.7,14.140936182017441,3.559063817982558,3.559063817982558
train,ridge,Ridge regression,16.47,14.026072167029204,2.443927832970795,2.443927832970795
train,ridge,Ridge regression,15.08,12.534516202577517,2.5454837974224827,2.5454837974224827
train,ridge,Ridge regression,14.22,14.885787128398679,-0.6657871283986783,0.6657871283986783
train,ridge,Ridge regression,17.67,14.537076276584937,3.1329237234150646,3.1329237234150646
train,ridge,Ridge regression,16.6,14.080782558549231,2.5192174414507704,2.5192174414507704
train,ridge,Ridge regression,13.15,11.904394188564432,1.2456058114355688,1.2456058114355688
train,ridge,Ridge regression,10.68,10.621259973729877,0.058740026270122314,0.058740026270122314
train,ridge,Ridge regression,12.56,8.866397709213176,3.6936022907868242,3.6936022907868242
train,ridge,Ridge regression,0.94,0.7791745151950789,0.1608254848049211,0.1608254848049211
train,ridge,Ridge regression,14.36,9.846516024210523,4.513483975789477,4.513483975789477
train,ridge,Ridge regression,10.2,4.198703354498498,6.001296645501501,6.001296645501501
train,ridge,Ridge regression,2.83,2.149859977010591,0.6801400229894092,0.6801400229894092
train,ridge,Ridge regression,7.88,5.478317712361938,2.401682287638062,2.401682287638062
train,ridge,Ridge regression,4.82,6.97287377238887,-2.15287377238887,2.15287377238887
train,ridge,Ridge regression,10.35,7.645185525132711,2.7048144748672884,2.7048144748672884
train,ridge,Ridge regression,11.98,11.822879833196353,0.15712016680364727,0.15712016680364727
train,ridge,Ridge regression,17.76,14.264600964065053,3.4953990359349483,3.4953990359349483
train,ridge,Ridge regression,11.3,14.201958593512444,-2.9019585935124432,2.9019585935124432
train,ridge,Ridge regression,17.57,14.189491111449176,3.3805088885508248,3.3805088885508248
train,ridge,Ridge regression,9.77,14.265056902466664,-4.495056902466665,4.495056902466665
train,ridge,Ridge regression,14.8,14.480158785101167,0.3198412148988332,0.3198412148988332
train,ridge,Ridge regression,5.16,5.044623966956101,0.11537603304389954,0.11537603304389954
train,ridge,Ridge regression,5.33,6.390726669645284,-1.060726669645284,1.060726669645284
train,ridge,Ridge regression,5.22,6.99367371321701,-1.7736737132170104,1.7736737132170104
train,ridge,Ridge regression,2.09,4.087198288219263,-1.9971982882192627,1.9971982882192627
train,ridge,Ridge regression,12.63,9.385861267219022,3.2441387327809785,3.2441387327809785
train,ridge,Ridge regression,2.98,3.1171097167082635,-0.13710971670826355,0.13710971670826355
train,ridge,Ridge regression,2.27,1.1593300613078625,1.1106699386921375,1.1106699386921375
train,ridge,Ridge regression,1.81,2.812504647294917,-1.0025046472949168,1.0025046472949168
train,ridge,Ridge regression,17.68,13.638713066705272,4.041286933294728,4.041286933294728
train,ridge,Ridge regression,7.08,11.719033191150174,-4.639033191150174,4.639033191150174
train,ridge,Ridge regression,7.51,11.730086792540941,-4.2200867925409415,4.2200867925409415
train,ridge,Ridge regression,7.55,11.719033191150174,-4.169033191150175,4.169033191150175
train,ridge,Ridge regression,7.96,11.730086792540941,-3.7700867925409414,3.7700867925409414
train,ridge,Ridge regression,4.41,11.703090535548018,-7.293090535548018,7.293090535548018
train,ridge,Ridge regression,8.08,10.605957152563436,-2.5259571525634357,2.5259571525634357
train,ridge,Ridge regression,21.6,17.87899332788763,3.7210066721123702,3.7210066721123702
train,ridge,Ridge regression,16.08,14.895278769557699,1.1847212304422996,1.1847212304422996
train,ridge,Ridge regression,13.89,15.174408563741336,-1.2844085637413354,1.2844085637413354
train,ridge,Ridge regression,15.35,14.256831373882598,1.0931686261174018,1.0931686261174018
train,ridge,Ridge regression,17.67,14.231356335941566,3.4386436640584357,3.4386436640584357
train,ridge,Ridge regression,17.65,14.241959325566313,3.4080406744336855,3.4080406744336855
train,ridge,Ridge regression,10.35,12.071078641940973,-1.7210786419409736,1.7210786419409736
train,ridge,Ridge regression,11.66,14.542578795693728,-2.8825787956937283,2.8825787956937283
train,ridge,Ridge regression,17.44,14.690517745216178,2.749482254783823,2.749482254783823
train,ridge,Ridge regression,11.6,7.810446101341832,3.789553898658168,3.789553898658168
train,ridge,Ridge regression,7.24,4.726740482348868,2.5132595176511323,2.5132595176511323
train,ridge,Ridge regression,13.07,9.743676549967118,3.3263234500328824,3.3263234500328824
train,ridge,Ridge regression,9.37,11.530588313171252,-2.160588313171253,2.160588313171253
train,ridge,Ridge regression,17.8,19.919195117384866,-2.1191951173848658,2.1191951173848658
train,ridge,Ridge regression,10.13,6.870214152249808,3.2597858477501926,3.2597858477501926
train,ridge,Ridge regression,7.7,4.803898908016508,2.8961010919834917,2.8961010919834917
train,ridge,Ridge regression,11.82,7.887287955208763,3.932712044791237,3.932712044791237
train,ridge,Ridge regression,18.94,17.943212217537315,0.9967877824626861,0.9967877824626861
train,ridge,Ridge regression,19.1,15.927035628082317,3.1729643719176845,3.1729643719176845
train,ridge,Ridge regression,17.9,15.924909780423855,1.9750902195761437,1.9750902195761437
train,ridge,Ridge regression,7.1,5.730554186900613,1.3694458130993867,1.3694458130993867
train,ridge,Ridge regression,16.56,14.300497200101164,2.2595027998988346,2.2595027998988346
train,ridge,Ridge regression,3.27,2.995689360197204,0.2743106398027959,0.2743106398027959
train,ridge,Ridge regression,2.7,2.6215426184707127,0.0784573815292875,0.0784573815292875
train,ridge,Ridge regression,1.66,2.6965803941559336,-1.0365803941559337,1.0365803941559337
train,ridge,Ridge regression,9.18,10.478678399816989,-1.298678399816989,1.298678399816989
train,ridge,Ridge regression,11.1,13.393605770081376,-2.293605770081376,2.293605770081376
train,ridge,Ridge regression,15.0,13.379679820716756,1.6203201792832438,1.6203201792832438
train,ridge,Ridge regression,12.09,14.36815371043873,-2.2781537104387297,2.2781537104387297
train,ridge,Ridge regression,15.38,14.39000736390945,0.98999263609055,0.98999263609055
train,ridge,Ridge regression,17.65,14.435344908703723,3.214655091296276,3.214655091296276
train,ridge,Ridge regression,22.5,14.276717155057796,8.223282844942204,8.223282844942204
train,ridge,Ridge regression,12.21,7.71944423731561,4.490555762684391,4.490555762684391
train,ridge,Ridge regression,10.38,10.733880759904899,-0.3538807599048983,0.3538807599048983
train,ridge,Ridge regression,5.95,7.057968734733678,-1.107968734733678,1.107968734733678
train,ridge,Ridge regression,8.33,7.598416517283883,0.7315834827161174,0.7315834827161174
train,ridge,Ridge regression,20.15,13.404628165567066,6.745371834432932,6.745371834432932
train,ridge,Ridge regression,8.43,13.908248421726778,-5.478248421726779,5.478248421726779
train,ridge,Ridge regression,2.54,9.748173361285762,-7.208173361285762,7.208173361285762
train,ridge,Ridge regression,17.95,12.58444323119404,5.365556768805959,5.365556768805959
train,ridge,Ridge regression,11.99,13.645415506232382,-1.6554155062323819,1.6554155062323819
train,ridge,Ridge regression,16.7,15.269006566863565,1.4309934331364342,1.4309934331364342
train,ridge,Ridge regression,15.1,14.332473692489884,0.7675263075101153,0.7675263075101153
train,ridge,Ridge regression,9.04,10.362526996389144,-1.3225269963891453,1.3225269963891453
train,ridge,Ridge regression,19.5,20.01358982823912,-0.5135898282391196,0.5135898282391196
train,ridge,Ridge regression,14.51,13.061381594318876,1.448618405681124,1.448618405681124
train,ridge,Ridge regression,7.4,7.890817553823353,-0.49081755382335235,0.49081755382335235
train,ridge,Ridge regression,18.3,14.95039900242302,3.3496009975769816,3.3496009975769816
train,ridge,Ridge regression,7.74,9.856028960977666,-2.1160289609776655,2.1160289609776655
train,ridge,Ridge regression,8.9,7.117616690440679,1.7823833095593216,1.7823833095593216
train,ridge,Ridge regression,11.1,8.085282717859418,3.014717282140582,3.014717282140582
train,ridge,Ridge regression,5.73,10.062215149040819,-4.3322151490408185,4.3322151490408185
train,ridge,Ridge regression,12.47,6.49377574112812,5.976224258871881,5.976224258871881
train,ridge,Ridge regression,17.69,12.63028708957863,5.059712910421371,5.059712910421371
train,ridge,Ridge regression,18.32,12.10513936979434,6.21486063020566,6.21486063020566
train,ridge,Ridge regression,1.88,4.823215695972779,-2.9432156959727793,2.9432156959727793
train,ridge,Ridge regression,17.0,13.141140355856482,3.858859644143518,3.858859644143518
train,ridge,Ridge regression,14.85,19.946249022132854,-5.096249022132854,5.096249022132854
train,ridge,Ridge regression,15.66,16.668000076898444,-1.008000076898444,1.008000076898444
train,ridge,Ridge regression,9.28,14.062652937948421,-4.782652937948422,4.782652937948422
train,ridge,Ridge regression,6.87,6.432792081000651,0.4372079189993494,0.4372079189993494
train,ridge,Ridge regression,10.88,11.070799137520188,-0.1907991375201874,0.1907991375201874
train,ridge,Ridge regression,11.01,11.015075742309188,-0.005075742309188058,0.005075742309188058
train,ridge,Ridge regression,2.14,4.692475885271188,-2.5524758852711877,2.5524758852711877
train,ridge,Ridge regression,8.08,4.644223146814836,3.435776853185164,3.435776853185164
train,ridge,Ridge regression,20.16,23.81915436118395,-3.659154361183951,3.659154361183951
train,ridge,Ridge regression,18.21,15.025077700852766,3.1849222991472352,3.1849222991472352
train,ridge,Ridge regression,17.38,16.12639092352442,1.2536090764755805,1.2536090764755805
train,ridge,Ridge regression,13.59,11.331832720062344,2.2581672799376555,2.2581672799376555
train,ridge,Ridge regression,11.43,12.679460530857938,-1.249460530857938,1.249460530857938
train,ridge,Ridge regression,2.2,4.566527636760506,-2.366527636760506,2.366527636760506
train,ridge,Ridge regression,14.55,18.63725769835584,-4.087257698355838,4.087257698355838
train,ridge,Ridge regression,20.36,23.316044457677922,-2.9560444576779226,2.9560444576779226
train,ridge,Ridge regression,17.49,17.19443591952602,0.2955640804739801,0.2955640804739801
train,ridge,Ridge regression,5.11,9.56701086331245,-4.45701086331245,4.45701086331245
train,ridge,Ridge regression,12.69,9.968422299940327,2.7215777000596724,2.7215777000596724
train,ridge,Ridge regression,11.19,10.61112732752326,0.5788726724767397,0.5788726724767397
train,ridge,Ridge regression,6.41,13.524058330074393,-7.114058330074393,7.114058330074393
train,ridge,Ridge regression,9.79,11.121577224516795,-1.3315772245167956,1.3315772245167956
train,ridge,Ridge regression,8.64,7.093741956938359,1.5462580430616413,1.5462580430616413
train,ridge,Ridge regression,2.48,4.127364961957947,-1.6473649619579471,1.6473649619579471
train,ridge,Ridge regression,6.45,3.4225105671874996,3.0274894328125006,3.0274894328125006
train,ridge,Ridge regression,6.42,5.824434414653924,0.5955655853460762,0.5955655853460762
train,ridge,Ridge regression,2.07,2.612505787981812,-0.542505787981812,0.542505787981812
train,ridge,Ridge regression,5.55,5.167271555225353,0.3827284447746466,0.3827284447746466
train,ridge,Ridge regression,2.51,2.254409092193349,0.25559090780665095,0.25559090780665095
train,ridge,Ridge regression,4.0,3.1132402918731614,0.8867597081268386,0.8867597081268386
train,ridge,Ridge regression,0.44,3.6824230359077625,-3.2424230359077626,3.2424230359077626
train,ridge,Ridge regression,5.8,5.348423266601589,0.45157673339841065,0.45157673339841065
train,ridge,Ridge regression,1.92,6.7503992947479805,-4.830399294747981,4.830399294747981
train,ridge,Ridge regression,8.2,10.642095875270225,-2.442095875270226,2.442095875270226
train,ridge,Ridge regression,2.8,3.6198850251034274,-0.8198850251034275,0.8198850251034275
train,ridge,Ridge regression,16.0,10.428997217500598,5.571002782499402,5.571002782499402
train,ridge,Ridge regression,13.18,13.3007029547442,-0.12070295474419979,0.12070295474419979
train,ridge,Ridge regression,1.92,3.309446924501585,-1.389446924501585,1.389446924501585
train,ridge,Ridge regression,1.46,2.4280773223392105,-0.9680773223392105,0.9680773223392105
train,ridge,Ridge regression,4.55,6.412512605370264,-1.8625126053702639,1.8625126053702639
train,ridge,Ridge regression,3.94,4.2259647885243785,-0.28596478852437857,0.28596478852437857
train,ridge,Ridge regression,2.0,3.198171417821615,-1.198171417821615,1.198171417821615
train,ridge,Ridge regression,6.36,5.132662545167097,1.2273374548329032,1.2273374548329032
train,ridge,Ridge regression,2.87,3.732677468434228,-0.862677468434228,0.862677468434228
train,ridge,Ridge regression,2.8,3.981864290726034,-1.1818642907260344,1.1818642907260344
train,ridge,Ridge regression,2.11,3.546777659736059,-1.4367776597360593,1.4367776597360593
train,ridge,Ridge regression,6.52,4.873538222042111,1.6464617779578887,1.6464617779578887
train,ridge,Ridge regression,6.24,4.959827970293144,1.280172029706856,1.280172029706856
train,ridge,Ridge regression,13.45,6.1299608578691505,7.320039142130849,7.320039142130849
train,ridge,Ridge regression,5.07,5.675099176065392,-0.6050991760653917,0.6050991760653917
train,ridge,Ridge regression,2.73,5.0875180217828495,-2.3575180217828495,2.3575180217828495
train,ridge,Ridge regression,3.66,3.8443360171421004,-0.18433601714210024,0.18433601714210024
train,ridge,Ridge regression,2.74,3.8443360171421004,-1.1043360171421002,1.1043360171421002
train,ridge,Ridge regression,3.62,5.520727866904569,-1.9007278669045693,1.9007278669045693
train,ridge,Ridge regression,10.42,7.112273975987962,3.3077260240120383,3.3077260240120383
train,ridge,Ridge regression,2.42,6.780375607847963,-4.360375607847963,4.360375607847963
train,ridge,Ridge regression,3.85,3.2879568620018205,0.5620431379981796,0.5620431379981796
train,ridge,Ridge regression,2.35,2.2964731386960135,0.05352686130398654,0.05352686130398654
train,ridge,Ridge regression,3.68,5.378338187241947,-1.6983381872419465,1.6983381872419465
train,ridge,Ridge regression,4.37,6.442258490308116,-2.0722584903081156,2.0722584903081156
train,ridge,Ridge regression,6.51,7.036982159120535,-0.5269821591205348,0.5269821591205348
train,ridge,Ridge regression,4.6,4.5341739735789695,0.06582602642103019,0.06582602642103019
train,ridge,Ridge regression,5.45,3.354402076670554,2.0955979233294464,2.0955979233294464
train,ridge,Ridge regression,4.16,4.522868762825338,-0.36286876282533775,0.36286876282533775
train,ridge,Ridge regression,1.86,5.635931753912776,-3.7759317539127757,3.7759317539127757
train,ridge,Ridge regression,6.4,7.679538660045246,-1.2795386600452456,1.2795386600452456
train,ridge,Ridge regression,5.66,6.732491321076353,-1.0724913210763525,1.0724913210763525
train,ridge,Ridge regression,3.77,5.5912348121468805,-1.8212348121468804,1.8212348121468804
train,ridge,Ridge regression,2.35,5.0636706627133865,-2.7136706627133864,2.7136706627133864
train,ridge,Ridge regression,6.29,6.110073517901334,0.1799264820986659,0.1799264820986659
train,ridge,Ridge regression,2.92,2.9687388167864635,-0.048738816786463524,0.048738816786463524
train,ridge,Ridge regression,1.91,3.0686249709140148,-1.1586249709140148,1.1586249709140148
train,ridge,Ridge regression,1.72,3.7192099361827182,-1.9992099361827183,1.9992099361827183
train,ridge,Ridge regression,2.88,3.673945180034516,-0.7939451800345161,0.7939451800345161
train,ridge,Ridge regression,2.96,4.119537855396741,-1.1595378553967413,1.1595378553967413
train,ridge,Ridge regression,2.81,4.144987088676836,-1.334987088676836,1.334987088676836
train,ridge,Ridge regression,5.01,5.114998628483862,-0.10499862848386243,0.10499862848386243
train,ridge,Ridge regression,5.03,5.324921014977765,-0.29492101497776435,0.29492101497776435
train,ridge,Ridge regression,4.53,5.554447920716827,-1.0244479207168267,1.0244479207168267
train,ridge,Ridge regression,2.3,5.019304349174778,-2.719304349174778,2.719304349174778
train,ridge,Ridge regression,2.3,5.011366693421259,-2.711366693421259,2.711366693421259
train,ridge,Ridge regression,2.25,4.083339216636123,-1.8333392166361229,1.8333392166361229
train,ridge,Ridge regression,6.07,6.7753383355367145,-0.7053383355367142,0.7053383355367142
train,ridge,Ridge regression,2.65,3.6977330078974853,-1.0477330078974854,1.0477330078974854
train,ridge,Ridge regression,2.31,2.9999052721772284,-0.6899052721772283,0.6899052721772283
train,ridge,Ridge regression,3.03,4.114204393788896,-1.0842043937888959,1.0842043937888959
train,ridge,Ridge regression,2.37,5.426843001171884,-3.0568430011718837,3.0568430011718837
train,ridge,Ridge regression,6.52,4.901945311543307,1.6180546884566924,1.6180546884566924
train,ridge,Ridge regression,5.77,5.122611376005837,0.6473886239941624,0.6473886239941624
train,ridge,Ridge regression,5.13,5.671122081035594,-0.5411220810355939,0.5411220810355939
train,ridge,Ridge regression,6.58,4.569495388170255,2.010504611829745,2.010504611829745
train,ridge,Ridge regression,4.26,6.550209511084279,-2.290209511084279,2.290209511084279
train,ridge,Ridge regression,0.97,3.524803193709764,-2.5548031937097644,2.5548031937097644
train,ridge,Ridge regression,3.23,5.654158769098886,-2.4241587690988857,2.4241587690988857
train,ridge,Ridge regression,2.77,5.110375981932347,-2.3403759819323473,2.3403759819323473
train,ridge,Ridge regression,2.01,4.018908492760273,-2.0089084927602734,2.0089084927602734
train,ridge,Ridge regression,1.85,3.6356127773449747,-1.7856127773449746,1.7856127773449746
train,ridge,Ridge regression,1.61,2.123890033727416,-0.5138900337274157,0.5138900337274157
train,ridge,Ridge regression,5.21,3.718780131942376,1.491219868057624,1.491219868057624
train,ridge,Ridge regression,2.0,4.472833346731534,-2.4728333467315338,2.4728333467315338
train,ridge,Ridge regression,2.71,3.913021016395461,-1.203021016395461,1.203021016395461
train,ridge,Ridge regression,2.61,4.7209448823158855,-2.1109448823158856,2.1109448823158856
train,ridge,Ridge regression,5.38,3.2074046735376704,2.1725953264623294,2.1725953264623294
train,ridge,Ridge regression,3.01,5.404226122834493,-2.3942261228344934,2.3942261228344934
train,ridge,Ridge regression,3.26,6.473768256777033,-3.2137682567770334,3.2137682567770334
train,ridge,Ridge regression,4.05,6.486492675603282,-2.436492675603282,2.436492675603282
train,ridge,Ridge regression,4.95,6.235400830216193,-1.2854008302161928,1.2854008302161928
train,ridge,Ridge regression,3.71,3.9227723668467487,-0.21277236684674872,0.21277236684674872
train,ridge,Ridge regression,3.19,9.572601901307301,-6.382601901307302,6.382601901307302
train,ridge,Ridge regression,5.32,4.884475989392337,0.4355240106076632,0.4355240106076632
train,ridge,Ridge regression,3.73,3.8550996437845377,-0.12509964378453775,0.12509964378453775
train,ridge,Ridge regression,3.94,5.448343162448411,-1.5083431624484107,1.5083431624484107
train,ridge,Ridge regression,6.68,7.320127022906633,-0.6401270229066336,0.6401270229066336
train,ridge,Ridge regression,2.67,3.242883010648769,-0.572883010648769,0.572883010648769
train,ridge,Ridge regression,2.9,6.497198375871483,-3.5971983758714834,3.5971983758714834
train,ridge,Ridge regression,5.1,4.27198350166103,0.82801649833897,0.82801649833897
train,ridge,Ridge regression,4.53,5.410122117088963,-0.8801221170889626,0.8801221170889626
train,ridge,Ridge regression,2.15,6.0932294549616985,-3.9432294549616986,3.9432294549616986
train,ridge,Ridge regression,8.65,9.206168677810364,-0.5561686778103638,0.5561686778103638
train,ridge,Ridge regression,7.98,7.285215606847313,0.6947843931526876,0.6947843931526876
train,ridge,Ridge regression,2.5,3.81022601086479,-1.31022601086479,1.31022601086479
train,ridge,Ridge regression,2.39,2.909754682711216,-0.5197546827112158,0.5197546827112158
train,ridge,Ridge regression,2.28,2.904871744899438,-0.6248717448994383,0.6248717448994383
train,ridge,Ridge regression,2.57,2.8615019833320394,-0.2915019833320396,0.2915019833320396
train,ridge,Ridge regression,3.37,4.078242387044735,-0.7082423870447352,0.7082423870447352
train,ridge,Ridge regression,3.4,5.369948319780718,-1.9699483197807184,1.9699483197807184
train,ridge,Ridge regression,3.02,4.1209196144177165,-1.1009196144177165,1.1009196144177165
train,ridge,Ridge regression,3.56,4.177231554359139,-0.6172315543591389,0.6172315543591389
train,ridge,Ridge regression,6.03,4.956811933869127,1.0731880661308733,1.0731880661308733
train,ridge,Ridge regression,5.24,4.951928996057349,0.28807100394265106,0.28807100394265106
train,ridge,Ridge regression,7.6,7.875173427275792,-0.2751734272757922,0.2751734272757922
train,ridge,Ridge regression,7.12,5.676585321953112,1.4434146780468877,1.4434146780468877
train,ridge,Ridge regression,21.47,17.091698172117972,4.3783018278820265,4.3783018278820265
train,ridge,Ridge regression,3.79,2.4212342376445433,1.3687657623554568,1.3687657623554568
train,ridge,Ridge regression,2.03,5.2985737134700335,-3.2685737134700337,3.2685737134700337
train,ridge,Ridge regression,2.91,2.125825400893805,0.784174599106195,0.784174599106195
train,ridge,Ridge regression,6.08,5.319734039912909,0.7602659600870911,0.7602659600870911
train,ridge,Ridge regression,8.71,5.624357606591882,3.0856423934081185,3.0856423934081185
train,ridge,Ridge regression,5.08,3.9662099356704807,1.1137900643295193,1.1137900643295193
train,ridge,Ridge regression,5.1,3.979856134738359,1.1201438652616407,1.1201438652616407
train,ridge,Ridge regression,10.0,4.036881487613498,5.963118512386502,5.963118512386502
train,ridge,Ridge regression,5.35,3.7297395278439742,1.6202604721560254,1.6202604721560254
train,ridge,Ridge regression,10.42,4.238042838649836,6.181957161350164,6.181957161350164
train,ridge,Ridge regression,4.06,4.238042838649836,-0.17804283864983628,0.17804283864983628
train,ridge,Ridge regression,6.22,3.9539412041129127,2.266058795887087,2.266058795887087
train,ridge,Ridge regression,5.74,3.545647931243518,2.194352068756482,2.194352068756482
train,ridge,Ridge regression,4.4,4.6897808687653635,-0.28978086876536313,0.28978086876536313
train,ridge,Ridge regression,11.88,6.987831159319331,4.89216884068067,4.89216884068067
train,ridge,Ridge regression,8.85,8.164598083624398,0.6854019163756018,0.6854019163756018
train,ridge,Ridge regression,3.42,3.484939484576527,-0.0649394845765272,0.0649394845765272
train,ridge,Ridge regression,3.57,5.539562390060166,-1.9695623900601658,1.9695623900601658
train,ridge,Ridge regression,4.1,9.039775472730163,-4.9397754727301635,4.9397754727301635
train,ridge,Ridge regression,7.66,7.296079965421778,0.3639200345782223,0.3639200345782223
train,ridge,Ridge regression,5.93,5.063725081930806,0.8662749180691938,0.8662749180691938
train,ridge,Ridge regression,4.4,3.7932868266910535,0.6067131733089468,0.6067131733089468
train,ridge,Ridge regression,11.11,10.424267530883952,0.6857324691160471,0.6857324691160471
train,ridge,Ridge regression,5.92,8.249782180810323,-2.329782180810323,2.329782180810323
train,ridge,Ridge regression,11.93,10.381045662480584,1.5489543375194152,1.5489543375194152
train,ridge,Ridge regression,8.51,7.840532457115478,0.6694675428845214,0.6694675428845214
train,ridge,Ridge regression,2.75,4.926007971954583,-2.176007971954583,2.176007971954583
train,ridge,Ridge regression,3.65,3.9823126653622993,-0.3323126653622994,0.3323126653622994
train,ridge,Ridge regression,2.16,3.848550942382304,-1.688550942382304,1.688550942382304
train,ridge,Ridge regression,4.01,6.504886106438449,-2.4948861064384493,2.4948861064384493
train,ridge,Ridge regression,2.75,3.3957800485563094,-0.6457800485563094,0.6457800485563094
train,ridge,Ridge regression,5.98,6.5355141026571175,-0.5555141026571171,0.5555141026571171
train,ridge,Ridge regression,8.45,9.519859567753283,-1.0698595677532836,1.0698595677532836
train,ridge,Ridge regression,3.76,4.555925484826841,-0.7959254848268413,0.7959254848268413
train,ridge,Ridge regression,2.4,4.391957329429423,-1.991957329429423,1.991957329429423
train,ridge,Ridge regression,2.53,2.904802924598334,-0.3748029245983342,0.3748029245983342
train,ridge,Ridge regression,5.28,7.695967152041771,-2.4159671520417705,2.4159671520417705
train,ridge,Ridge regression,5.44,8.205516567435689,-2.7655165674356885,2.7655165674356885
train,ridge,Ridge regression,1.75,5.104222296758675,-3.3542222967586746,3.3542222967586746
train,ridge,Ridge regression,1.81,5.106850144017805,-3.2968501440178053,3.2968501440178053
train,ridge,Ridge regression,1.9,3.448097896406131,-1.548097896406131,1.548097896406131
train,ridge,Ridge regression,2.06,3.446899063704467,-1.3868990637044671,1.3868990637044671
train,ridge,Ridge regression,2.15,3.482964319471017,-1.3329643194710172,1.3329643194710172
train,ridge,Ridge regression,6.77,4.098617451294562,2.671382548705438,2.671382548705438
train,ridge,Ridge regression,8.07,3.8293932816529876,4.240606718347013,4.240606718347013
train,ridge,Ridge regression,1.83,3.9116816239213787,-2.0816816239213787,2.0816816239213787
train,ridge,Ridge regression,6.48,4.260117173693345,2.2198828263066552,2.2198828263066552
train,ridge,Ridge regression,8.53,4.2619105044578305,4.268089495542169,4.268089495542169
train,ridge,Ridge regression,12.17,4.570740235497306,7.599259764502694,7.599259764502694
train,ridge,Ridge regression,2.4,4.0961614096000964,-1.6961614096000965,1.6961614096000965
train,ridge,Ridge regression,7.71,5.8304335084672365,1.8795664915327635,1.8795664915327635
train,ridge,Ridge regression,7.77,7.001642014324602,0.7683579856753973,0.7683579856753973
train,ridge,Ridge regression,3.23,2.7531777656383074,0.4768222343616926,0.4768222343616926
train,ridge,Ridge regression,2.43,2.8016449094205704,-0.37164490942057027,0.37164490942057027
train,ridge,Ridge regression,10.95,6.584294834871192,4.365705165128808,4.365705165128808
train,ridge,Ridge regression,3.68,5.799881951200346,-2.119881951200346,2.119881951200346
train,ridge,Ridge regression,8.07,4.918508077790582,3.151491922209418,3.151491922209418
train,ridge,Ridge regression,5.93,3.1268887401701253,2.8031112598298744,2.8031112598298744
train,ridge,Ridge regression,6.01,3.53900854055253,2.47099145944747,2.47099145944747
train,ridge,Ridge regression,5.75,3.995118487006833,1.7548815129931672,1.7548815129931672
train,ridge,Ridge regression,5.92,5.028204367045498,0.8917956329545023,0.8917956329545023
train,ridge,Ridge regression,4.21,5.345321701264379,-1.1353217012643793,1.1353217012643793
train,ridge,Ridge regression,12.38,11.386407296172738,0.9935927038272627,0.9935927038272627
train,ridge,Ridge regression,12.56,10.82063428981613,1.7393657101838702,1.7393657101838702
train,ridge,Ridge regression,12.41,9.615746027529877,2.7942539724701234,2.7942539724701234
train,ridge,Ridge regression,10.46,9.150143039390713,1.309856960609288,1.309856960609288
train,ridge,Ridge regression,4.37,5.958864213866727,-1.588864213866727,1.588864213866727
train,ridge,Ridge regression,9.27,10.29015512758832,-1.0201551275883212,1.0201551275883212
train,ridge,Ridge regression,10.82,10.414959267502045,0.40504073249795525,0.40504073249795525
train,ridge,Ridge regression,8.25,10.983483004502055,-2.7334830045020553,2.7334830045020553
train,ridge,Ridge regression,4.55,6.857373852341551,-2.3073738523415512,2.3073738523415512
train,ridge,Ridge regression,2.4,3.6698880205376536,-1.2698880205376537,1.2698880205376537
train,ridge,Ridge regression,1.85,5.084299277410016,-3.2342992774100163,3.2342992774100163
train,ridge,Ridge regression,2.61,2.999340111316168,-0.3893401113161681,0.3893401113161681
train,ridge,Ridge regression,4.54,5.79005357572609,-1.2500535757260902,1.2500535757260902
train,ridge,Ridge regression,11.6,8.987418883953378,2.6125811160466217,2.6125811160466217
train,ridge,Ridge regression,3.79,0.6587248680791689,3.131275131920831,3.131275131920831
train,ridge,Ridge regression,4.55,4.172177280318699,0.37782271968130043,0.37782271968130043
train,ridge,Ridge regression,2.65,3.926638355026766,-1.276638355026766,1.276638355026766
train,ridge,Ridge regression,9.73,7.696482900419851,2.0335170995801493,2.0335170995801493
train,ridge,Ridge regression,2.09,4.925019701220988,-2.835019701220988,2.835019701220988
train,ridge,Ridge regression,2.43,2.4513822261944718,-0.02138222619447161,0.02138222619447161
train,ridge,Ridge regression,1.24,2.688669983660609,-1.448669983660609,1.448669983660609
train,ridge,Ridge regression,2.12,3.6778636557122044,-1.5578636557122043,1.5578636557122043
train,ridge,Ridge regression,2.18,3.6810213182889817,-1.5010213182889816,1.5010213182889816
train,ridge,Ridge regression,4.55,4.641364501062,-0.09136450106200034,0.09136450106200034
train,ridge,Ridge regression,9.47,7.036795428729599,2.4332045712704016,2.4332045712704016
train,ridge,Ridge regression,12.9,9.994402818961097,2.905597181038903,2.905597181038903
train,ridge,Ridge regression,5.69,6.0916035407975215,-0.40160354079752114,0.40160354079752114
train,ridge,Ridge regression,5.1,4.112003706400495,0.9879962935995046,0.9879962935995046
train,ridge,Ridge regression,3.5,6.186824724033903,-2.6868247240339027,2.6868247240339027
train,ridge,Ridge regression,2.16,4.977854071968386,-2.8178540719683856,2.8178540719683856
train,ridge,Ridge regression,2.55,3.1897182478654225,-0.6397182478654226,0.6397182478654226
train,ridge,Ridge regression,2.16,3.7233356762101706,-1.5633356762101704,1.5633356762101704
train,ridge,Ridge regression,2.23,5.365742051321002,-3.1357420513210017,3.1357420513210017
train,ridge,Ridge regression,4.04,5.077989917519401,-1.0379899175194014,1.0379899175194014
train,ridge,Ridge regression,4.41,6.245514583793073,-1.8355145837930724,1.8355145837930724
train,ridge,Ridge regression,5.08,5.24102391174012,-0.16102391174011998,0.16102391174011998
train,ridge,Ridge regression,5.08,5.211993612757245,-0.13199361275724453,0.13199361275724453
train,ridge,Ridge regression,10.1,9.428602217631903,0.6713977823680963,0.6713977823680963
train,ridge,Ridge regression,4.89,5.20253853159838,-0.3125385315983804,0.3125385315983804
train,ridge,Ridge regression,11.85,11.018507878026949,0.8314921219730511,0.8314921219730511
train,ridge,Ridge regression,4.57,7.904145125005767,-3.334145125005767,3.334145125005767
train,ridge,Ridge regression,2.43,5.358340827176563,-2.9283408271765627,2.9283408271765627
train,ridge,Ridge regression,10.18,9.684054825239302,0.4959451747606973,0.4959451747606973
train,ridge,Ridge regression,12.0,9.215293518906671,2.7847064810933286,2.7847064810933286
train,ridge,Ridge regression,10.58,10.458403940855522,0.12159605914447802,0.12159605914447802
train,ridge,Ridge regression,12.14,11.794165720108177,0.34583427989182347,0.34583427989182347
train,ridge,Ridge regression,4.06,6.571405104455038,-2.5114051044550383,2.5114051044550383
train,ridge,Ridge regression,4.7,6.924359825998374,-2.2243598259983735,2.2243598259983735
train,ridge,Ridge regression,2.01,5.312676156366621,-3.302676156366621,3.302676156366621
train,ridge,Ridge regression,6.6,5.636936032781126,0.9630639672188739,0.9630639672188739
train,ridge,Ridge regression,5.09,7.632791167482611,-2.542791167482611,2.542791167482611
train,ridge,Ridge regression,5.13,7.641874001017139,-2.511874001017139,2.511874001017139
train,ridge,Ridge regression,5.01,4.333478704064939,0.6765212959350606,0.6765212959350606
train,ridge,Ridge regression,3.49,5.112151769868534,-1.622151769868534,1.622151769868534
train,ridge,Ridge regression,7.79,5.344420727929755,2.445579272070245,2.445579272070245
train,ridge,Ridge regression,7.52,2.217341748543994,5.3026582514560054,5.3026582514560054
train,ridge,Ridge regression,3.2,1.9833668068739003,1.2166331931260999,1.2166331931260999
train,ridge,Ridge regression,4.26,2.592611986456559,1.667388013543441,1.667388013543441
train,ridge,Ridge regression,7.76,4.3220342801555836,3.4379657198444162,3.4379657198444162
train,ridge,Ridge regression,4.38,7.69526269701554,-3.31526269701554,3.31526269701554
train,ridge,Ridge regression,1.43,-0.33434945452911524,1.7643494545291152,1.7643494545291152
train,ridge,Ridge regression,5.76,3.226157273478293,2.5338427265217067,2.5338427265217067
train,ridge,Ridge regression,3.27,2.309420345139716,0.9605796548602838,0.9605796548602838
train,ridge,Ridge regression,4.37,5.178896176271628,-0.8088961762716282,0.8088961762716282
train,ridge,Ridge regression,3.7,2.786102527130157,0.9138974728698432,0.9138974728698432
train,ridge,Ridge regression,3.87,1.8534325811391872,2.016567418860813,2.016567418860813
train,ridge,Ridge regression,0.02,2.250981829567996,-2.230981829567996,2.230981829567996
train,ridge,Ridge regression,15.0,4.111561218343391,10.888438781656609,10.888438781656609
train,ridge,Ridge regression,7.15,3.8503880497758707,3.2996119502241297,3.2996119502241297
train,ridge,Ridge regression,-0.2,3.7312677740809805,-3.9312677740809807,3.9312677740809807
train,ridge,Ridge regression,1.26,5.393776482483333,-4.133776482483333,4.133776482483333
calibration_global,ridge,Ridge regression,15.75,11.283122472042784,4.466877527957216,4.466877527957216
calibration_global,ridge,Ridge regression,16.75,10.73830539419684,6.011694605803161,6.011694605803161
calibration_global,ridge,Ridge regression,16.05,10.616284326556814,5.433715673443187,5.433715673443187
calibration_global,ridge,Ridge regression,13.03,14.081002008226196,-1.051002008226197,1.051002008226197
calibration_global,ridge,Ridge regression,6.23,13.418534279420598,-7.1885342794205975,7.1885342794205975
calibration_global,ridge,Ridge regression,14.96,10.945353719157925,4.014646280842076,4.014646280842076
calibration_global,ridge,Ridge regression,4.5,4.838782085239454,-0.33878208523945386,0.33878208523945386
calibration_global,ridge,Ridge regression,12.58,14.170365331457518,-1.5903653314575177,1.5903653314575177
calibration_global,ridge,Ridge regression,7.79,11.688170373885757,-3.8981703738857574,3.8981703738857574
calibration_global,ridge,Ridge regression,17.16,13.084320506217617,4.075679493782383,4.075679493782383
calibration_global,ridge,Ridge regression,21.6,16.065391864370405,5.534608135629597,5.534608135629597
calibration_global,ridge,Ridge regression,16.08,14.895278769557699,1.1847212304422996,1.1847212304422996
calibration_global,ridge,Ridge regression,23.68,21.32989082259212,2.35010917740788,2.35010917740788
calibration_global,ridge,Ridge regression,22.9,21.6828854459749,1.2171145540250983,1.2171145540250983
calibration_global,ridge,Ridge regression,1.9,2.3414684009849616,-0.44146840098496165,0.44146840098496165
calibration_global,ridge,Ridge regression,1.9,2.3414684009849616,-0.44146840098496165,0.44146840098496165
calibration_global,ridge,Ridge regression,1.9,2.3414684009849616,-0.44146840098496165,0.44146840098496165
calibration_global,ridge,Ridge regression,2.05,1.7313630627848369,0.31863693721516295,0.31863693721516295
calibration_global,ridge,Ridge regression,3.67,5.167271555225353,-1.4972715552253533,1.4972715552253533
calibration_global,ridge,Ridge regression,2.54,3.3230410665260415,-0.7830410665260414,0.7830410665260414
calibration_global,ridge,Ridge regression,2.46,2.9261567192018028,-0.4661567192018028,0.4661567192018028
calibration_global,ridge,Ridge regression,3.07,2.534181853400047,0.535818146599953,0.535818146599953
calibration_global,ridge,Ridge regression,3.26,4.943118800365763,-1.6831188003657633,1.6831188003657633
calibration_global,ridge,Ridge regression,4.5,4.90343036563334,-0.4034303656333398,0.4034303656333398
calibration_global,ridge,Ridge regression,4.5,4.90343036563334,-0.4034303656333398,0.4034303656333398
calibration_global,ridge,Ridge regression,5.68,4.90343036563334,0.7765696343666599,0.7765696343666599
calibration_global,ridge,Ridge regression,4.5,6.412512605370264,-1.9125126053702637,1.9125126053702637
calibration_global,ridge,Ridge regression,4.21,6.369868407195087,-2.159868407195087,2.159868407195087
calibration_global,ridge,Ridge regression,4.6,5.4587354244337405,-0.8587354244337408,0.8587354244337408
calibration_global,ridge,Ridge regression,2.2,4.730736151181729,-2.5307361511817286,2.5307361511817286
calibration_global,ridge,Ridge regression,2.45,2.2001127350741143,0.24988726492588587,0.24988726492588587
calibration_global,ridge,Ridge regression,4.03,3.5312795313293552,0.498720468670645,0.498720468670645
calibration_global,ridge,Ridge regression,2.65,3.5312795313293552,-0.8812795313293553,0.8812795313293553
calibration_global,ridge,Ridge regression,4.8,4.873538222042111,-0.07353822204211102,0.07353822204211102
calibration_global,ridge,Ridge regression,6.52,4.873538222042111,1.6464617779578887,1.6464617779578887
calibration_global,ridge,Ridge regression,4.8,5.0677791064951965,-0.26777910649519665,0.26777910649519665
calibration_global,ridge,Ridge regression,6.48,4.988402237030348,1.4915977629696524,1.4915977629696524
calibration_global,ridge,Ridge regression,6.24,4.959827970293144,1.280172029706856,1.280172029706856
calibration_global,ridge,Ridge regression,5.1,3.7649591476772524,1.3350408523227473,1.3350408523227473
calibration_global,ridge,Ridge regression,3.38,6.399614292132939,-3.019614292132939,3.019614292132939
calibration_global,ridge,Ridge regression,4.56,7.036982159120535,-2.476982159120535,2.476982159120535
calibration_global,ridge,Ridge regression,5.66,5.439142727459483,0.2208572725405169,0.2208572725405169
calibration_global,ridge,Ridge regression,4.45,5.439142727459483,-0.9891427274594831,0.9891427274594831
calibration_global,ridge,Ridge regression,4.59,5.755404679552592,-1.1654046795525925,1.1654046795525925
calibration_global,ridge,Ridge regression,6.5,8.858125167843692,-2.358125167843692,2.358125167843692
calibration_global,ridge,Ridge regression,5.52,6.7751355192515295,-1.2551355192515299,1.2551355192515299
calibration_global,ridge,Ridge regression,5.62,6.7751355192515295,-1.1551355192515294,1.1551355192515294
calibration_global,ridge,Ridge regression,5.36,5.870166765371017,-0.5101667653710162,0.5101667653710162
calibration_global,ridge,Ridge regression,5.5,5.870166765371017,-0.37016676537101656,0.37016676537101656
calibration_global,ridge,Ridge regression,2.62,2.0437635925623825,0.5762364074376176,0.5762364074376176
calibration_global,ridge,Ridge regression,6.52,4.901945311543307,1.6180546884566924,1.6180546884566924
calibration_global,ridge,Ridge regression,3.88,3.9969765576627942,-0.11697655766279436,0.11697655766279436
calibration_global,ridge,Ridge regression,3.88,3.913021016395461,-0.03302101639546118,0.03302101639546118
calibration_global,ridge,Ridge regression,4.34,5.107848302450316,-0.7678483024503162,0.7678483024503162
calibration_global,ridge,Ridge regression,4.05,6.486492675603282,-2.436492675603282,2.436492675603282
calibration_global,ridge,Ridge regression,3.96,5.789617533726742,-1.8296175337267417,1.8296175337267417
calibration_global,ridge,Ridge regression,7.89,7.253639314249647,0.6363606857503523,0.6363606857503523
calibration_global,ridge,Ridge regression,6.32,6.398486837613972,-0.0784868376139718,0.0784868376139718
calibration_global,ridge,Ridge regression,8.06,8.11447144701918,-0.054471447019180275,0.054471447019180275
calibration_global,ridge,Ridge regression,3.43,5.369948319780718,-1.9399483197807181,1.9399483197807181
calibration_global,ridge,Ridge regression,5.7,5.289980718365701,0.4100192816342991,0.4100192816342991
calibration_global,ridge,Ridge regression,5.66,7.736245527232303,-2.0762455272323033,2.0762455272323033
calibration_global,ridge,Ridge regression,3.51,3.6118872796172607,-0.10188727961726096,0.10188727961726096
calibration_global,ridge,Ridge regression,10.27,3.8823290378928372,6.387670962107162,6.387670962107162
calibration_global,ridge,Ridge regression,9.84,3.802952168427989,6.037047831572011,6.037047831572011
calibration_global,ridge,Ridge regression,10.5,2.7672269726976033,7.732773027302397,7.732773027302397
calibration_global,ridge,Ridge regression,5.35,3.802952168427989,1.5470478315720104,1.5470478315720104
calibration_global,ridge,Ridge regression,4.1,4.238042838649836,-0.13804283864983624,0.13804283864983624
calibration_global,ridge,Ridge regression,13.69,7.305338637178722,6.384661362821277,6.384661362821277
calibration_global,ridge,Ridge regression,4.1,8.917754405090138,-4.817754405090138,4.817754405090138
calibration_global,ridge,Ridge regression,11.26,10.302246463243929,0.957753536756071,0.957753536756071
calibration_global,ridge,Ridge regression,10.05,8.739741385991973,1.3102586140080277,1.3102586140080277
calibration_global,ridge,Ridge regression,8.26,4.162562066149562,4.097437933850438,4.097437933850438
calibration_global,ridge,Ridge regression,6.55,4.260117173693345,2.2898828263066546,2.2898828263066546
calibration_global,ridge,Ridge regression,8.45,4.2619105044578305,4.188089495542169,4.188089495542169
calibration_global,ridge,Ridge regression,7.39,5.715569493479,1.6744305065209995,1.6744305065209995
calibration_global,ridge,Ridge regression,2.44,3.8595444566236936,-1.4195444566236937,1.4195444566236937
calibration_global,ridge,Ridge regression,4.22,3.7963642976469476,0.42363570235305215,0.42363570235305215
calibration_global,ridge,Ridge regression,4.3,3.2262822526919965,1.0737177473080033,1.0737177473080033
calibration_global,ridge,Ridge regression,6.5,2.2608052974975887,4.239194702502411,4.239194702502411
calibration_global,ridge,Ridge regression,3.22,4.176926151962535,-0.9569261519625347,0.9569261519625347
calibration_global,ridge,Ridge regression,3.03,5.358340827176563,-2.328340827176563,2.328340827176563
calibration_global,ridge,Ridge regression,0.21,3.166706711520428,-2.956706711520428,2.956706711520428
calibration_global,ridge,Ridge regression,2.69,0.3015609442007374,2.3884390557992625,2.3884390557992625
calibration_global,ridge,Ridge regression,0.58,3.5798712217786335,-2.9998712217786334,2.9998712217786334
calibration_global,ridge,Ridge regression,0.03,-0.8752845219699079,0.9052845219699079,0.9052845219699079
calibration_global,ridge,Ridge regression,-0.19,1.4572131349195168,-1.6472131349195167,1.6472131349195167
calibration_local,ridge,Ridge regression,16.47,10.73830539419684,5.73169460580316,5.73169460580316
calibration_local,ridge,Ridge regression,16.0,11.53691438707451,4.463085612925489,4.463085612925489
calibration_local,ridge,Ridge regression,8.09,13.958980940586171,-5.868980940586171,5.868980940586171
calibration_local,ridge,Ridge regression,7.16,13.461178477595775,-6.301178477595775,6.301178477595775
calibration_local,ridge,Ridge regression,15.02,13.002997317955206,2.0170026820447937,2.0170026820447937
calibration_local,ridge,Ridge regression,15.49,14.04834426381749,1.4416557361825095,1.4416557361825095
calibration_local,ridge,Ridge regression,17.73,11.703090535548018,6.0269094644519825,6.0269094644519825
calibration_local,ridge,Ridge regression,17.73,11.703090535548018,6.0269094644519825,6.0269094644519825
calibration_local,ridge,Ridge regression,18.38,11.703090535548018,6.676909464451981,6.676909464451981
calibration_local,ridge,Ridge regression,16.28,14.878371937154235,1.4016280628457665,1.4016280628457665
calibration_local,ridge,Ridge regression,16.08,14.895278769557699,1.1847212304422996,1.1847212304422996
calibration_local,ridge,Ridge regression,16.08,14.895278769557699,1.1847212304422996,1.1847212304422996
calibration_local,ridge,Ridge regression,16.6,21.6828854459749,-5.082885445974899,5.082885445974899
calibration_local,ridge,Ridge regression,2.22,3.8496289208170706,-1.6296289208170704,1.6296289208170704
calibration_local,ridge,Ridge regression,1.93,2.317064187456957,-0.3870641874569569,0.3870641874569569
calibration_local,ridge,Ridge regression,1.83,2.219447333344937,-0.3894473333449371,0.3894473333449371
calibration_local,ridge,Ridge regression,2.1,2.612505787981812,-0.5125057879818118,0.5125057879818118
calibration_local,ridge,Ridge regression,2.89,3.762569612025458,-0.8725696120254578,0.8725696120254578
calibration_local,ridge,Ridge regression,2.15,2.1323880245533244,0.017611975446675476,0.017611975446675476
calibration_local,ridge,Ridge regression,5.35,3.561171674920585,1.7888283250794146,1.7888283250794146
calibration_local,ridge,Ridge regression,3.83,3.561171674920585,0.268828325079415,0.268828325079415
calibration_local,ridge,Ridge regression,3.87,3.561171674920585,0.30882832507941504,0.30882832507941504
calibration_local,ridge,Ridge regression,4.5,4.90343036563334,-0.4034303656333398,0.4034303656333398
calibration_local,ridge,Ridge regression,5.68,4.90343036563334,0.7765696343666599,0.7765696343666599
calibration_local,ridge,Ridge regression,4.62,4.781409297993315,-0.16140929799331527,0.16140929799331527
calibration_local,ridge,Ridge regression,3.71,3.8764405441128016,-0.16644054411280162,0.16644054411280162
calibration_local,ridge,Ridge regression,4.33,6.491889474835111,-2.161889474835111,2.161889474835111
calibration_local,ridge,Ridge regression,4.5,6.412512605370264,-1.9125126053702637,1.9125126053702637
calibration_local,ridge,Ridge regression,3.38,5.777497649651481,-2.3974976496514815,2.3974976496514815
calibration_local,ridge,Ridge regression,2.47,2.1024958809620946,0.3675041190379056,0.3675041190379056
calibration_local,ridge,Ridge regression,6.75,3.5312795313293552,3.2187204686706448,3.2187204686706448
calibration_local,ridge,Ridge regression,3.99,3.5312795313293552,0.458720468670645,0.458720468670645
calibration_local,ridge,Ridge regression,4.8,4.873538222042111,-0.07353822204211102,0.07353822204211102
calibration_local,ridge,Ridge regression,6.52,4.873538222042111,1.6464617779578887,1.6464617779578887
calibration_local,ridge,Ridge regression,5.11,4.823736971215146,0.28626302878485443,0.28626302878485443
calibration_local,ridge,Ridge regression,3.9,3.5052740292432425,0.3947259707567574,0.3947259707567574
calibration_local,ridge,Ridge regression,5.05,3.7649591476772524,1.2850408523227475,1.2850408523227475
calibration_local,ridge,Ridge regression,2.87,3.1299441919584696,-0.2599441919584695,0.2599441919584695
calibration_local,ridge,Ridge regression,4.37,6.442258490308116,-2.0722584903081156,2.0722584903081156
calibration_local,ridge,Ridge regression,4.49,5.439142727459483,-0.949142727459483,0.949142727459483
calibration_local,ridge,Ridge regression,4.66,4.5341739735789695,0.1258260264210307,0.1258260264210307
calibration_local,ridge,Ridge regression,4.45,4.454797104114122,-0.0047971041141217086,0.0047971041141217086
calibration_local,ridge,Ridge regression,5.12,4.412152905938944,0.707847094061056,0.707847094061056
calibration_local,ridge,Ridge regression,6.7,8.663884283390606,-1.9638842833906063,1.9638842833906063
calibration_local,ridge,Ridge regression,6.58,8.858125167843692,-2.278125167843692,2.278125167843692
calibration_local,ridge,Ridge regression,5.62,6.7751355192515295,-1.1551355192515294,1.1551355192515294
calibration_local,ridge,Ridge regression,5.02,6.732491321076353,-1.712491321076353,1.712491321076353
calibration_local,ridge,Ridge regression,5.4,5.748145697730991,-0.3481456977309909,0.3481456977309909
calibration_local,ridge,Ridge regression,2.74,3.472547242929643,-0.7325472429296429,0.7325472429296429
calibration_local,ridge,Ridge regression,2.54,3.2344166345350995,-0.6944166345350995,0.6944166345350995
calibration_local,ridge,Ridge regression,6.37,5.016809326531544,1.3531906734684558,1.3531906734684558
calibration_local,ridge,Ridge regression,4.38,5.107848302450316,-0.7278483024503162,0.7278483024503162
calibration_local,ridge,Ridge regression,3.77,5.065204104275139,-1.2952041042751392,1.2952041042751392
calibration_local,ridge,Ridge regression,2.95,4.123502679104956,-1.1735026791049554,1.1735026791049554
calibration_local,ridge,Ridge regression,8.12,7.846010071793253,0.2739899282067464,0.2739899282067464
calibration_local,ridge,Ridge regression,8.12,8.352848952583244,-0.2328489525832449,0.2328489525832449
calibration_local,ridge,Ridge regression,7.89,8.011281516714877,-0.12128151671487775,0.12128151671487775
calibration_local,ridge,Ridge regression,8.06,6.495757714405063,1.5642422855949372,1.5642422855949372
calibration_local,ridge,Ridge regression,6.03,4.956811933869127,1.0731880661308733,1.0731880661308733
calibration_local,ridge,Ridge regression,5.97,5.071675948857364,0.8983240511426356,0.8983240511426356
calibration_local,ridge,Ridge regression,4.83,4.051415825116678,0.7785841748833224,0.7785841748833224
calibration_local,ridge,Ridge regression,3.88,4.0442587724648895,-0.16425877246488962,0.16425877246488962
calibration_local,ridge,Ridge regression,4.36,3.964881903000041,0.39511809699995926,0.39511809699995926
calibration_local,ridge,Ridge regression,9.1,3.802952168427989,5.29704783157201,5.29704783157201
calibration_local,ridge,Ridge regression,9.1,3.7297395278439742,5.370260472156025,5.370260472156025
calibration_local,ridge,Ridge regression,8.88,3.6809311007879644,5.199068899212037,5.199068899212037
calibration_local,ridge,Ridge regression,11.05,10.187382448255692,0.8626175517443091,0.8626175517443091
calibration_local,ridge,Ridge regression,10.71,9.8698749703963,0.8401250296037013,0.8401250296037013
calibration_local,ridge,Ridge regression,11.11,9.325057892550355,1.7849421074496448,1.7849421074496448
calibration_local,ridge,Ridge regression,11.1,8.4886449997267,2.6113550002732993,2.6113550002732993
calibration_local,ridge,Ridge regression,11.23,10.302246463243929,0.9277535367560716,0.9277535367560716
calibration_local,ridge,Ridge regression,10.91,4.217472975518168,6.692527024481832,6.692527024481832
calibration_local,ridge,Ridge regression,11.41,4.2619105044578305,7.14808949554217,7.14808949554217
calibration_local,ridge,Ridge regression,7.39,5.47152735819895,1.91847264180105,1.91847264180105
calibration_local,ridge,Ridge regression,3.05,6.68404249225471,-3.63404249225471,3.63404249225471
calibration_local,ridge,Ridge regression,4.77,3.839008495822125,0.9309915041778747,0.9309915041778747
calibration_local,ridge,Ridge regression,2.83,3.9595427460265804,-1.1295427460265803,1.1295427460265803
calibration_local,ridge,Ridge regression,2.12,3.3600149358311873,-1.2400149358311872,1.2400149358311872
calibration_local,ridge,Ridge regression,-0.06,2.0516046463251945,-2.1116046463251945,2.1116046463251945
calibration_local,ridge,Ridge regression,3.09,1.416663009395971,1.673336990604029,1.673336990604029
calibration_local,ridge,Ridge regression,7.01,2.1310548345796008,4.878945165420399,4.878945165420399
calibration_local,ridge,Ridge regression,2.79,0.30969763909432935,2.4803023609056707,2.4803023609056707
calibration_local,ridge,Ridge regression,2.7,0.3015609442007374,2.3984390557992628,2.3984390557992628
calibration_local,ridge,Ridge regression,-0.11,-0.16705692566710972,0.05705692566710972,0.05705692566710972
calibration_local,ridge,Ridge regression,-0.19,1.4572131349195168,-1.6472131349195167,1.6472131349195167
calibration_local,ridge,Ridge regression,-0.12,1.7110050499512433,-1.8310050499512434,1.8310050499512434
calibration_local,ridge,Ridge regression,1.79,5.440613464737311,-3.6506134647373107,3.6506134647373107
test,ridge,Ridge regression,4.22,8.854483130722588,-4.634483130722589,4.634483130722589
test,ridge,Ridge regression,12.53,11.521253080437328,1.0087469195626717,1.0087469195626717
test,ridge,Ridge regression,11.15,12.981792369892597,-1.8317923698925966,1.8317923698925966
test,ridge,Ridge regression,6.58,11.914684561794717,-5.334684561794717,5.334684561794717
test,ridge,Ridge regression,14.7,12.758955182675155,1.941044817324844,1.941044817324844
test,ridge,Ridge regression,3.27,10.111800204832223,-6.841800204832223,6.841800204832223
test,ridge,Ridge regression,4.52,3.6790262852443125,0.840973714755687,0.840973714755687
test,ridge,Ridge regression,9.03,5.591062891707875,3.4389371082921247,3.4389371082921247
test,ridge,Ridge regression,4.45,4.838782085239454,-0.3887820852394537,0.3887820852394537
test,ridge,Ridge regression,13.27,9.331564273609542,3.9384357263904572,3.9384357263904572
test,ridge,Ridge regression,17.54,14.170365331457518,3.3696346685424814,3.3696346685424814
test,ridge,Ridge regression,12.36,11.890958757194054,0.46904124280594495,0.46904124280594495
test,ridge,Ridge regression,12.88,14.533978756214463,-1.653978756214462,1.653978756214462
test,ridge,Ridge regression,9.8,5.044938148408027,4.755061851591973,4.755061851591973
test,ridge,Ridge regression,13.33,8.568705332318398,4.761294667681602,4.761294667681602
test,ridge,Ridge regression,7.94,11.932212509165808,-3.9922125091658076,3.9922125091658076
test,ridge,Ridge regression,17.6,14.026072167029204,3.5739278329707975,3.5739278329707975
test,ridge,Ridge regression,12.34,14.08894780532506,-1.7489478053250593,1.7489478053250593
test,ridge,Ridge regression,8.03,5.366199397620584,2.663800602379415,2.663800602379415
test,ridge,Ridge regression,17.69,13.516691999065245,4.173308000934757,4.173308000934757
test,ridge,Ridge regression,7.96,11.730086792540941,-3.7700867925409414,3.7700867925409414
test,ridge,Ridge regression,20.09,17.446621835040006,2.6433781649599943,2.6433781649599943
test,ridge,Ridge regression,16.08,14.895278769557699,1.1847212304422996,1.1847212304422996
test,ridge,Ridge regression,10.2,6.870214152249808,3.329785847750191,3.329785847750191
test,ridge,Ridge regression,23.0,15.283959542577486,7.716040457422514,7.716040457422514
test,ridge,Ridge regression,22.82,21.6828854459749,1.1371145540251,1.1371145540251
test,ridge,Ridge regression,13.76,16.407522274304895,-2.6475222743048956,2.6475222743048956
test,ridge,Ridge regression,20.18,25.48844997891973,-5.308449978919729,5.308449978919729
test,ridge,Ridge regression,5.39,2.087527404585856,3.3024725954141436,3.3024725954141436
test,ridge,Ridge regression,1.93,2.317064187456957,-0.3870641874569569,0.3870641874569569
test,ridge,Ridge regression,5.87,5.167271555225353,0.7027284447746469,0.7027284447746469
test,ridge,Ridge regression,2.41,2.230004878665344,0.179995121334656,0.179995121334656
test,ridge,Ridge regression,6.31,5.018294380621577,1.2917056193784227,1.2917056193784227
test,ridge,Ridge regression,3.95,6.606753489823348,-2.6567534898233482,2.6567534898233482
test,ridge,Ridge regression,1.93,3.1005545637095944,-1.1705545637095944,1.1705545637095944
test,ridge,Ridge regression,5.08,5.132662545167097,-0.05266254516709701,0.05266254516709701
test,ridge,Ridge regression,2.6,3.2931489229348117,-0.6931489229348116,0.6931489229348116
test,ridge,Ridge regression,1.66,3.5800704618793118,-1.9200704618793119,1.9200704618793119
test,ridge,Ridge regression,4.8,4.873538222042111,-0.07353822204211102,0.07353822204211102
test,ridge,Ridge regression,3.04,3.932838148772606,-0.892838148772606,0.892838148772606
test,ridge,Ridge regression,4.71,5.341930391568818,-0.6319303915688179,0.6319303915688179
test,ridge,Ridge regression,2.74,5.0875180217828495,-2.3475180217828493,2.3475180217828493
test,ridge,Ridge regression,3.66,3.8443360171421004,-0.18433601714210024,0.18433601714210024
test,ridge,Ridge regression,2.56,3.8443360171421004,-1.2843360171421003,1.2843360171421003
test,ridge,Ridge regression,3.81,3.2879568620018205,0.5220431379981796,0.5220431379981796
test,ridge,Ridge regression,5.33,6.32003961241213,-0.9900396124121302,0.9900396124121302
test,ridge,Ridge regression,4.41,6.442258490308116,-2.0322584903081156,2.0322584903081156
test,ridge,Ridge regression,6.01,7.036982159120535,-1.0269821591205348,1.0269821591205348
test,ridge,Ridge regression,4.77,5.518519596924331,-0.7485195969243312,0.7485195969243312
test,ridge,Ridge regression,2.67,4.0616368492023955,-1.3916368492023956,1.3916368492023956
test,ridge,Ridge regression,3.45,3.4835504835431337,-0.0335504835431335,0.0335504835431335
test,ridge,Ridge regression,6.7,8.663884283390606,-1.9638842833906063,1.9638842833906063
test,ridge,Ridge regression,6.04,6.7751355192515295,-0.7351355192515294,0.7351355192515294
test,ridge,Ridge regression,4.26,5.511857942682033,-1.251857942682033,1.251857942682033
test,ridge,Ridge regression,3.69,6.964220991381509,-3.2742209913815095,3.2742209913815095
test,ridge,Ridge regression,1.98,4.259278012886732,-2.279278012886732,2.279278012886732
test,ridge,Ridge regression,2.62,2.141380446674402,0.4786195533255979,0.4786195533255979
test,ridge,Ridge regression,3.01,4.577358581524464,-1.5673585815244646,1.5673585815244646
test,ridge,Ridge regression,5.47,4.901945311543307,0.5680546884566926,0.5680546884566926
test,ridge,Ridge regression,5.12,6.004290865532168,-0.8842908655321677,0.8842908655321677
test,ridge,Ridge regression,5.85,5.807632926547341,0.042367073452658666,0.042367073452658666
test,ridge,Ridge regression,5.26,3.718780131942376,1.541219868057624,1.541219868057624
test,ridge,Ridge regression,3.43,5.302089186903402,-1.8720891869034015,1.8720891869034015
test,ridge,Ridge regression,4.05,6.486492675603282,-2.436492675603282,2.436492675603282
test,ridge,Ridge regression,5.3,5.197246776183136,0.10275322381686358,0.10275322381686358
test,ridge,Ridge regression,4.92,3.5575916764774,1.3624083235226,1.3624083235226
test,ridge,Ridge regression,8.8,8.94521971012685,-0.14521971012684887,0.14521971012684887
test,ridge,Ridge regression,8.3,8.11447144701918,0.18552855298081994,0.18552855298081994
test,ridge,Ridge regression,2.38,2.909754682711216,-0.5297546827112161,0.5297546827112161
test,ridge,Ridge regression,2.71,4.385602696435358,-1.6756026964353579,1.6756026964353579
test,ridge,Ridge regression,5.61,5.372724894561048,0.23727510543895214,0.23727510543895214
test,ridge,Ridge regression,4.93,4.956811933869127,-0.02681193386912728,0.02681193386912728
test,ridge,Ridge regression,5.72,5.285097780553924,0.43490221944607566,0.43490221944607566
test,ridge,Ridge regression,5.7,7.499360444604041,-1.7993604446040408,1.7993604446040408
test,ridge,Ridge regression,3.88,4.0442587724648895,-0.16425877246488962,0.16425877246488962
test,ridge,Ridge regression,9.19,3.802952168427989,5.38704783157201,5.38704783157201
test,ridge,Ridge regression,5.4,3.802952168427989,1.5970478315720111,1.5970478315720111
test,ridge,Ridge regression,10.12,4.116021771009811,6.003978228990189,6.003978228990189
test,ridge,Ridge regression,4.0,4.164830198065821,-0.1648301980658209,0.1648301980658209
test,ridge,Ridge regression,5.79,3.9539412041129127,1.8360587958870873,1.8360587958870873
test,ridge,Ridge regression,5.23,4.407972486948854,0.8220275130511467,0.8220275130511467
test,ridge,Ridge regression,14.28,7.420202652166959,6.85979734783304,6.85979734783304
test,ridge,Ridge regression,4.82,9.194327922450825,-4.374327922450824,4.374327922450824
test,ridge,Ridge regression,3.95,3.5004362643549936,0.4495637356450066,0.4495637356450066
test,ridge,Ridge regression,11.09,10.424267530883952,0.6657324691160476,0.6657324691160476
test,ridge,Ridge regression,4.44,7.829703584763937,-3.3897035847639367,3.3897035847639367
test,ridge,Ridge regression,2.7,2.8024034601324495,-0.10240346013244928,0.10240346013244928
test,ridge,Ridge regression,6.48,4.260117173693345,2.2198828263066552,2.2198828263066552
test,ridge,Ridge regression,8.45,4.2619105044578305,4.188089495542169,4.188089495542169
test,ridge,Ridge regression,6.35,5.0011776682953695,1.3488223317046302,1.3488223317046302
test,ridge,Ridge regression,3.75,4.11333637165542,-0.36333637165541965,0.36333637165541965
test,ridge,Ridge regression,2.17,3.86536740223078,-1.6953674022307799,1.6953674022307799
test,ridge,Ridge regression,12.27,9.272164107030738,2.9978358929692615,2.9978358929692615
test,ridge,Ridge regression,4.22,3.7963642976469476,0.42363570235305215,0.42363570235305215
test,ridge,Ridge regression,2.09,4.925019701220988,-2.835019701220988,2.835019701220988
test,ridge,Ridge regression,2.59,3.24515092084295,-0.6551509208429502,0.6551509208429502
test,ridge,Ridge regression,2.08,3.6730156070059707,-1.5930156070059707,1.5930156070059707
test,ridge,Ridge regression,5.75,6.335645676077571,-0.5856456760775712,0.5856456760775712
test,ridge,Ridge regression,2.16,4.977854071968386,-2.8178540719683856,2.8178540719683856
test,ridge,Ridge regression,4.2,4.347371028544832,-0.14737102854483197,0.14737102854483197
test,ridge,Ridge regression,11.85,10.896486810386923,0.9535131896130764,0.9535131896130764
test,ridge,Ridge regression,4.21,7.904145125005767,-3.6941451250057673,3.6941451250057673
test,ridge,Ridge regression,3.03,5.358340827176563,-2.328340827176563,2.328340827176563
test,ridge,Ridge regression,7.08,2.8967529133586964,4.183247086641304,4.183247086641304
test,ridge,Ridge regression,5.55,3.226157273478293,2.3238427265217068,2.3238427265217068
test,ridge,Ridge regression,6.98,2.1310548345796008,4.8489451654204,4.8489451654204
test,ridge,Ridge regression,-0.3,2.786102527130157,-3.0861025271301568,3.0861025271301568
test,ridge,Ridge regression,0.24,2.250981829567996,-2.0109818295679958,2.0109818295679958
test,ridge,Ridge regression,0.81,3.291739228581564,-2.481739228581564,2.481739228581564
train,mlp,Multilayer perceptron,4.45,4.902431518872127,-0.4524315188721264,0.4524315188721264
train,mlp,Multilayer perceptron,8.64,8.452786938318386,0.18721306168161433,0.18721306168161433
train,mlp,Multilayer perceptron,4.29,5.328468186176518,-1.0384681861765177,1.0384681861765177
train,mlp,Multilayer perceptron,4.09,7.6695569790872415,-3.5795569790872417,3.5795569790872417
train,mlp,Multilayer perceptron,10.56,11.2575749337034,-0.6975749337034003,0.6975749337034003
train,mlp,Multilayer perceptron,16.06,12.481099368479372,3.578900631520627,3.578900631520627
train,mlp,Multilayer perceptron,16.77,13.27827394398307,3.4917260560169296,3.4917260560169296
train,mlp,Multilayer perceptron,15.63,12.406526862913214,3.2234731370867866,3.2234731370867866
train,mlp,Multilayer perceptron,12.62,13.814309875960697,-1.1943098759606983,1.1943098759606983
train,mlp,Multilayer perceptron,13.41,15.598923291342867,-2.188923291342867,2.188923291342867
train,mlp,Multilayer perceptron,6.47,10.097674405144,-3.627674405144,3.627674405144
train,mlp,Multilayer perceptron,14.64,15.038017953036848,-0.39801795303684706,0.39801795303684706
train,mlp,Multilayer perceptron,7.0,8.409711600012486,-1.4097116000124856,1.4097116000124856
train,mlp,Multilayer perceptron,14.47,10.711552565826855,3.7584474341731458,3.7584474341731458
train,mlp,Multilayer perceptron,6.9,4.353629565194852,2.546370434805149,2.546370434805149
train,mlp,Multilayer perceptron,1.75,8.370188838456846,-6.620188838456846,6.620188838456846
train,mlp,Multilayer perceptron,17.2,12.245513588901888,4.954486411098111,4.954486411098111
train,mlp,Multilayer perceptron,4.73,5.9515371642175845,-1.221537164217584,1.221537164217584
train,mlp,Multilayer perceptron,4.44,3.9937191130247496,0.4462808869752508,0.4462808869752508
train,mlp,Multilayer perceptron,2.57,3.451126628158819,-0.8811266281588193,0.8811266281588193
train,mlp,Multilayer perceptron,2.55,4.249585482044666,-1.6995854820446663,1.6995854820446663
train,mlp,Multilayer perceptron,4.49,4.378886991068894,0.1111130089311061,0.1111130089311061
train,mlp,Multilayer perceptron,4.47,4.380340204474062,0.08965979552593772,0.08965979552593772
train,mlp,Multilayer perceptron,3.47,4.38686671513656,-0.9168667151365599,0.9168667151365599
train,mlp,Multilayer perceptron,5.46,4.390529024817862,1.0694709751821376,1.0694709751821376
train,mlp,Multilayer perceptron,3.83,4.391790796291811,-0.5617907962918105,0.5617907962918105
train,mlp,Multilayer perceptron,5.01,5.026817567367057,-0.016817567367056974,0.016817567367056974
train,mlp,Multilayer perceptron,3.76,5.452494874374235,-1.6924948743742352,1.6924948743742352
train,mlp,Multilayer perceptron,3.88,5.441284977832773,-1.5612849778327735,1.5612849778327735
train,mlp,Multilayer perceptron,0.9,5.1671985672153165,-4.267198567215316,4.267198567215316
train,mlp,Multilayer perceptron,9.26,6.929890167925858,2.3301098320741414,2.3301098320741414
train,mlp,Multilayer perceptron,8.18,10.102343921608508,-1.9223439216085083,1.9223439216085083
train,mlp,Multilayer perceptron,8.53,6.286892773934779,2.24310722606522,2.24310722606522
train,mlp,Multilayer perceptron,4.95,7.54253680447801,-2.5925368044780095,2.5925368044780095
train,mlp,Multilayer perceptron,5.18,5.494867391748437,-0.3148673917484377,0.3148673917484377
train,mlp,Multilayer perceptron,8.67,7.771762297842206,0.8982377021577941,0.8982377021577941
train,mlp,Multilayer perceptron,18.2,9.307395909951707,8.892604090048293,8.892604090048293
train,mlp,Multilayer perceptron,12.46,7.562508118279877,4.897491881720124,4.897491881720124
train,mlp,Multilayer perceptron,6.28,8.975435285074388,-2.695435285074388,2.695435285074388
train,mlp,Multilayer perceptron,17.32,15.952771978515129,1.3672280214848715,1.3672280214848715
train,mlp,Multilayer perceptron,12.34,13.30693840549284,-0.96693840549284,0.96693840549284
train,mlp,Multilayer perceptron,9.37,14.369068118427863,-4.999068118427864,4.999068118427864
train,mlp,Multilayer perceptron,12.08,11.550971477216134,0.5290285227838663,0.5290285227838663
train,mlp,Multilayer perceptron,10.21,12.04270072826614,-1.8327007282661398,1.8327007282661398
train,mlp,Multilayer perceptron,7.44,6.889082766391034,0.550917233608966,0.550917233608966
train,mlp,Multilayer perceptron,6.82,6.894828504598878,-0.07482850459887747,0.07482850459887747
train,mlp,Multilayer perceptron,7.85,8.094400451370651,-0.2444004513706517,0.2444004513706517
train,mlp,Multilayer perceptron,10.02,6.832933281990862,3.187066718009137,3.187066718009137
train,mlp,Multilayer perceptron,6.31,8.019147563143738,-1.7091475631437385,1.7091475631437385
train,mlp,Multilayer perceptron,2.15,3.1591256699280827,-1.0091256699280828,1.0091256699280828
train,mlp,Multilayer perceptron,2.25,2.8421052430186484,-0.5921052430186484,0.5921052430186484
train,mlp,Multilayer perceptron,2.39,2.215839035644795,0.17416096435520512,0.17416096435520512
train,mlp,Multilayer perceptron,5.7,6.645366327379359,-0.9453663273793591,0.9453663273793591
train,mlp,Multilayer perceptron,15.04,8.89250298625703,6.147497013742969,6.147497013742969
train,mlp,Multilayer perceptron,5.93,9.501940543626864,-3.571940543626864,3.571940543626864
train,mlp,Multilayer perceptron,17.77,16.018453812871105,1.7515461871288949,1.7515461871288949
train,mlp,Multilayer perceptron,7.7,11.97622688885816,-4.276226888858159,4.276226888858159
train,mlp,Multilayer perceptron,16.0,16.23195820776256,-0.2319582077625597,0.2319582077625597
train,mlp,Multilayer perceptron,17.7,16.234091166493776,1.465908833506223,1.465908833506223
train,mlp,Multilayer perceptron,16.47,16.33548611306366,0.1345138869363396,0.1345138869363396
train,mlp,Multilayer perceptron,15.08,10.977565196853332,4.102434803146668,4.102434803146668
train,mlp,Multilayer perceptron,14.22,14.43673112058888,-0.21673112058887867,0.21673112058887867
train,mlp,Multilayer perceptron,17.67,15.655395939297481,2.0146040607025206,2.0146040607025206
train,mlp,Multilayer perceptron,16.6,16.418267544610256,0.1817324553897457,0.1817324553897457
train,mlp,Multilayer perceptron,13.15,12.653184279732413,0.4968157202675876,0.4968157202675876
train,mlp,Multilayer perceptron,10.68,11.653722708964876,-0.9737227089648766,0.9737227089648766
train,mlp,Multilayer perceptron,12.56,10.910883146909066,1.6491168530909341,1.6491168530909341
train,mlp,Multilayer perceptron,0.94,1.4557197443812415,-0.5157197443812416,0.5157197443812416
train,mlp,Multilayer perceptron,14.36,10.294229133988066,4.065770866011933,4.065770866011933
train,mlp,Multilayer perceptron,10.2,8.692817294449286,1.5071827055507132,1.5071827055507132
train,mlp,Multilayer perceptron,2.83,3.975405312717103,-1.145405312717103,1.145405312717103
train,mlp,Multilayer perceptron,7.88,6.824361436730092,1.0556385632699081,1.0556385632699081
train,mlp,Multilayer perceptron,4.82,8.934670345551403,-4.114670345551403,4.114670345551403
train,mlp,Multilayer perceptron,10.35,8.526005748839227,1.823994251160773,1.823994251160773
train,mlp,Multilayer perceptron,11.98,10.626063723960494,1.3539362760395068,1.3539362760395068
train,mlp,Multilayer perceptron,17.76,16.081033550529494,1.6789664494705079,1.6789664494705079
train,mlp,Multilayer perceptron,11.3,16.307919277704194,-5.007919277704193,5.007919277704193
train,mlp,Multilayer perceptron,17.57,16.29889448369827,1.2711055163017306,1.2711055163017306
train,mlp,Multilayer perceptron,9.77,14.473116628941733,-4.703116628941734,4.703116628941734
train,mlp,Multilayer perceptron,14.8,14.344577091472596,0.45542290852740486,0.45542290852740486
train,mlp,Multilayer perceptron,5.16,5.466439995373231,-0.3064399953732311,0.3064399953732311
train,mlp,Multilayer perceptron,5.33,6.047936015402032,-0.7179360154020316,0.7179360154020316
train,mlp,Multilayer perceptron,5.22,9.380981994809273,-4.160981994809274,4.160981994809274
train,mlp,Multilayer perceptron,2.09,3.034262359492925,-0.9442623594929254,0.9442623594929254
train,mlp,Multilayer perceptron,12.63,9.15156859107133,3.478431408928671,3.478431408928671
train,mlp,Multilayer perceptron,2.98,2.916885659905543,0.06311434009445716,0.06311434009445716
train,mlp,Multilayer perceptron,2.27,1.930498266434027,0.3395017335659729,0.3395017335659729
train,mlp,Multilayer perceptron,1.81,2.0373769147912646,-0.22737691479126454,0.22737691479126454
train,mlp,Multilayer perceptron,17.68,14.824264144319338,2.8557358556806616,2.8557358556806616
train,mlp,Multilayer perceptron,7.08,10.289180443206737,-3.209180443206737,3.209180443206737
train,mlp,Multilayer perceptron,7.51,10.295420821456736,-2.7854208214567358,2.7854208214567358
train,mlp,Multilayer perceptron,7.55,10.289180443206737,-2.7391804432067373,2.7391804432067373
train,mlp,Multilayer perceptron,7.96,10.295420821456736,-2.3354208214567356,2.3354208214567356
train,mlp,Multilayer perceptron,4.41,10.28653541435971,-5.87653541435971,5.87653541435971
train,mlp,Multilayer perceptron,8.08,9.615662309154434,-1.535662309154434,1.535662309154434
train,mlp,Multilayer perceptron,21.6,18.506763961667193,3.093236038332808,3.093236038332808
train,mlp,Multilayer perceptron,16.08,14.811105421772409,1.2688945782275898,1.2688945782275898
train,mlp,Multilayer perceptron,13.89,15.277612361684062,-1.3876123616840612,1.3876123616840612
train,mlp,Multilayer perceptron,15.35,16.374985331922712,-1.0249853319227125,1.0249853319227125
train,mlp,Multilayer perceptron,17.67,16.371943541483844,1.2980564585161574,1.2980564585161574
train,mlp,Multilayer perceptron,17.65,16.365719137075036,1.2842808629249625,1.2842808629249625
train,mlp,Multilayer perceptron,10.35,11.498688699737096,-1.1486886997370966,1.1486886997370966
train,mlp,Multilayer perceptron,11.66,14.39210614826107,-2.732106148261069,2.732106148261069
train,mlp,Multilayer perceptron,17.44,15.080379474472283,2.3596205255277187,2.3596205255277187
train,mlp,Multilayer perceptron,11.6,9.204158405733176,2.395841594266823,2.395841594266823
train,mlp,Multilayer perceptron,7.24,6.311219825956017,0.9287801740439834,0.9287801740439834
train,mlp,Multilayer perceptron,13.07,10.00327606018374,3.06672393981626,3.06672393981626
train,mlp,Multilayer perceptron,9.37,13.34236029196835,-3.97236029196835,3.97236029196835
train,mlp,Multilayer perceptron,17.8,16.99967653924024,0.8003234607597598,0.8003234607597598
train,mlp,Multilayer perceptron,10.13,8.207782018988363,1.922217981011638,1.922217981011638
train,mlp,Multilayer perceptron,7.7,5.317220749075167,2.382779250924833,2.382779250924833
train,mlp,Multilayer perceptron,11.82,6.338974485250666,5.4810255147493345,5.4810255147493345
train,mlp,Multilayer perceptron,18.94,18.566327438023578,0.3736725619764236,0.3736725619764236
train,mlp,Multilayer perceptron,19.1,17.09871614316159,2.0012838568384126,2.0012838568384126
train,mlp,Multilayer perceptron,17.9,17.096528028898927,0.8034719711010716,0.8034719711010716
train,mlp,Multilayer perceptron,7.1,6.3837249204019075,0.7162750795980921,0.7162750795980921
train,mlp,Multilayer perceptron,16.56,15.242945000382386,1.3170549996176124,1.3170549996176124
train,mlp,Multilayer perceptron,3.27,3.128528491811458,0.14147150818854204,0.14147150818854204
train,mlp,Multilayer perceptron,2.7,2.7385357098601077,-0.03853570986010757,0.03853570986010757
train,mlp,Multilayer perceptron,1.66,2.2256304417244936,-0.5656304417244937,0.5656304417244937
train,mlp,Multilayer perceptron,9.18,9.74597556032291,-0.5659755603229097,0.5659755603229097
train,mlp,Multilayer perceptron,11.1,14.250507139604037,-3.150507139604038,3.150507139604038
train,mlp,Multilayer perceptron,15.0,14.243408953875583,0.7565910461244165,0.7565910461244165
train,mlp,Multilayer perceptron,12.09,16.4971373830566,-4.4071373830566,4.4071373830566
train,mlp,Multilayer perceptron,15.38,16.523291301768595,-1.1432913017685937,1.1432913017685937
train,mlp,Multilayer perceptron,17.65,16.26597249204432,1.384027507955679,1.384027507955679
train,mlp,Multilayer perceptron,22.5,14.182700942039022,8.317299057960978,8.317299057960978
train,mlp,Multilayer perceptron,12.21,9.175999330783855,3.0340006692161463,3.0340006692161463
train,mlp,Multilayer perceptron,10.38,11.241907425475945,-0.8619074254759447,0.8619074254759447
train,mlp,Multilayer perceptron,5.95,8.913096237428135,-2.963096237428135,2.963096237428135
train,mlp,Multilayer perceptron,8.33,8.319510270627989,0.010489729372011425,0.010489729372011425
train,mlp,Multilayer perceptron,20.15,12.430266364897234,7.719733635102765,7.719733635102765
train,mlp,Multilayer perceptron,8.43,15.713155213362073,-7.283155213362074,7.283155213362074
train,mlp,Multilayer perceptron,2.54,5.695516373465896,-3.155516373465896,3.155516373465896
train,mlp,Multilayer perceptron,17.95,11.667371014921574,6.282628985078425,6.282628985078425
train,mlp,Multilayer perceptron,11.99,13.391261375824163,-1.4012613758241628,1.4012613758241628
train,mlp,Multilayer perceptron,16.7,15.14576334244463,1.5542366575553697,1.5542366575553697
train,mlp,Multilayer perceptron,15.1,14.152478723949192,0.9475212760508072,0.9475212760508072
train,mlp,Multilayer perceptron,9.04,9.966458271865255,-0.9264582718652559,0.9264582718652559
train,mlp,Multilayer perceptron,19.5,17.328305111895794,2.1716948881042057,2.1716948881042057
train,mlp,Multilayer perceptron,14.51,15.00599164227799,-0.49599164227799086,0.49599164227799086
train,mlp,Multilayer perceptron,7.4,9.684302048284236,-2.2843020482842356,2.2843020482842356
train,mlp,Multilayer perceptron,18.3,15.847864682972105,2.4521353170278957,2.4521353170278957
train,mlp,Multilayer perceptron,7.74,10.57553965552396,-2.8355396555239594,2.8355396555239594
train,mlp,Multilayer perceptron,8.9,8.056495434764301,0.8435045652356994,0.8435045652356994
train,mlp,Multilayer perceptron,11.1,8.910385722071302,2.1896142779286976,2.1896142779286976
train,mlp,Multilayer perceptron,5.73,8.218781955750638,-2.488781955750637,2.488781955750637
train,mlp,Multilayer perceptron,12.47,9.676616687866682,2.7933833121333187,2.7933833121333187
train,mlp,Multilayer perceptron,17.69,11.935828769224715,5.754171230775286,5.754171230775286
train,mlp,Multilayer perceptron,18.32,12.663026525069641,5.656973474930359,5.656973474930359
train,mlp,Multilayer perceptron,1.88,3.028004873892192,-1.1480048738921922,1.1480048738921922
train,mlp,Multilayer perceptron,17.0,13.859697027074816,3.140302972925184,3.140302972925184
train,mlp,Multilayer perceptron,14.85,19.183549019433542,-4.333549019433542,4.333549019433542
train,mlp,Multilayer perceptron,15.66,16.314246758862133,-0.6542467588621328,0.6542467588621328
train,mlp,Multilayer perceptron,9.28,8.928901913307579,0.3510980866924207,0.3510980866924207
train,mlp,Multilayer perceptron,6.87,8.765582650724378,-1.8955826507243776,1.8955826507243776
train,mlp,Multilayer perceptron,10.88,10.711024413983989,0.16897558601601226,0.16897558601601226
train,mlp,Multilayer perceptron,11.01,9.672113258097772,1.3378867419022278,1.3378867419022278
train,mlp,Multilayer perceptron,2.14,2.6467789702793283,-0.5067789702793282,0.5067789702793282
train,mlp,Multilayer perceptron,8.08,7.6196270116548215,0.4603729883451786,0.4603729883451786
train,mlp,Multilayer perceptron,20.16,20.87773690303772,-0.7177369030377214,0.7177369030377214
train,mlp,Multilayer perceptron,18.21,14.916045019549998,3.2939549804500032,3.2939549804500032
train,mlp,Multilayer perceptron,17.38,17.099975401859588,0.28002459814041103,0.28002459814041103
train,mlp,Multilayer perceptron,13.59,8.821613944773118,4.768386055226882,4.768386055226882
train,mlp,Multilayer perceptron,11.43,13.435955750023362,-2.0059557500233627,2.0059557500233627
train,mlp,Multilayer perceptron,2.2,2.4510374026573474,-0.2510374026573472,0.2510374026573472
train,mlp,Multilayer perceptron,14.55,17.657565617741593,-3.1075656177415922,3.1075656177415922
train,mlp,Multilayer perceptron,20.36,22.619243339431687,-2.2592433394316878,2.2592433394316878
train,mlp,Multilayer perceptron,17.49,16.96118812795773,0.5288118720422688,0.5288118720422688
train,mlp,Multilayer perceptron,5.11,7.267071311473413,-2.1570713114734126,2.1570713114734126
train,mlp,Multilayer perceptron,12.69,9.849013391378582,2.8409866086214173,2.8409866086214173
train,mlp,Multilayer perceptron,11.19,9.068961024478126,2.1210389755218735,2.1210389755218735
train,mlp,Multilayer perceptron,6.41,10.391199642722858,-3.981199642722858,3.981199642722858
train,mlp,Multilayer perceptron,9.79,12.692658983450778,-2.902658983450779,2.902658983450779
train,mlp,Multilayer perceptron,8.64,8.91416276507326,-0.2741627650732603,0.2741627650732603
train,mlp,Multilayer perceptron,2.48,3.7857209781189476,-1.3057209781189476,1.3057209781189476
train,mlp,Multilayer perceptron,6.45,2.8584887027421098,3.5915112972578904,3.5915112972578904
train,mlp,Multilayer perceptron,6.42,5.630199355664053,0.7898006443359469,0.7898006443359469
train,mlp,Multilayer perceptron,2.07,3.9392223896282155,-1.8692223896282156,1.8692223896282156
train,mlp,Multilayer perceptron,5.55,3.4818187615321463,2.0681812384678535,2.0681812384678535
train,mlp,Multilayer perceptron,2.51,2.2672256314467476,0.24277436855325218,0.24277436855325218
train,mlp,Multilayer perceptron,4.0,2.3851720259986573,1.6148279740013427,1.6148279740013427
train,mlp,Multilayer perceptron,0.44,2.803433772427051,-2.363433772427051,2.363433772427051
train,mlp,Multilayer perceptron,5.8,6.342278517455718,-0.5422785174557179,0.5422785174557179
train,mlp,Multilayer perceptron,1.92,9.256930841293778,-7.336930841293778,7.336930841293778
train,mlp,Multilayer perceptron,8.2,9.199987744610985,-0.9999877446109853,0.9999877446109853
train,mlp,Multilayer perceptron,2.8,1.8960382573165329,0.903961742683467,0.903961742683467
train,mlp,Multilayer perceptron,16.0,11.633728707546334,4.366271292453666,4.366271292453666
train,mlp,Multilayer perceptron,13.18,14.682589491354479,-1.5025894913544793,1.5025894913544793
train,mlp,Multilayer perceptron,1.92,3.1085428827208195,-1.1885428827208195,1.1885428827208195
train,mlp,Multilayer perceptron,1.46,2.079019741176093,-0.6190197411760932,0.6190197411760932
train,mlp,Multilayer perceptron,4.55,4.454598689806613,0.09540131019338638,0.09540131019338638
train,mlp,Multilayer perceptron,3.94,4.95251405415663,-1.0125140541566302,1.0125140541566302
train,mlp,Multilayer perceptron,2.0,2.47471014943594,-0.47471014943594003,0.47471014943594003
train,mlp,Multilayer perceptron,6.36,3.8272984834542094,2.532701516545791,2.532701516545791
train,mlp,Multilayer perceptron,2.87,4.460355430163537,-1.5903554301635365,1.5903554301635365
train,mlp,Multilayer perceptron,2.8,3.661579336183527,-0.8615793361835271,0.8615793361835271
train,mlp,Multilayer perceptron,2.11,3.9809033222229226,-1.8709033222229228,1.8709033222229228
train,mlp,Multilayer perceptron,6.52,4.5936605703642135,1.926339429635786,1.926339429635786
train,mlp,Multilayer perceptron,6.24,4.254894157507116,1.9851058424928842,1.9851058424928842
train,mlp,Multilayer perceptron,13.45,7.3874514878557624,6.062548512144237,6.062548512144237
train,mlp,Multilayer perceptron,5.07,5.474437137577978,-0.40443713757797806,0.40443713757797806
train,mlp,Multilayer perceptron,2.73,5.076371481308889,-2.3463714813088887,2.3463714813088887
train,mlp,Multilayer perceptron,3.66,3.2923891056659986,0.3676108943340015,0.3676108943340015
train,mlp,Multilayer perceptron,2.74,3.2923891056659986,-0.5523891056659984,0.5523891056659984
train,mlp,Multilayer perceptron,3.62,4.204074759415189,-0.5840747594151887,0.5840747594151887
train,mlp,Multilayer perceptron,10.42,6.071173831636748,4.348826168363252,4.348826168363252
train,mlp,Multilayer perceptron,2.42,4.265637255039785,-1.8456372550397848,1.8456372550397848
train,mlp,Multilayer perceptron,3.85,2.8309100025135723,1.0190899974864278,1.0190899974864278
train,mlp,Multilayer perceptron,2.35,3.037856290334243,-0.6878562903342429,0.6878562903342429
train,mlp,Multilayer perceptron,3.68,3.7780283384080966,-0.09802833840809644,0.09802833840809644
train,mlp,Multilayer perceptron,4.37,4.601533425391174,-0.2315334253911736,0.2315334253911736
train,mlp,Multilayer perceptron,6.51,4.870106336084979,1.6398936639150206,1.6398936639150206
train,mlp,Multilayer perceptron,4.6,3.754524566735333,0.8454754332646668,0.8454754332646668
train,mlp,Multilayer perceptron,5.45,3.1705926582393995,2.2794073417606007,2.2794073417606007
train,mlp,Multilayer perceptron,4.16,5.002969148446125,-0.8429691484461248,0.8429691484461248
train,mlp,Multilayer perceptron,1.86,4.3582675683248375,-2.498267568324837,2.498267568324837
train,mlp,Multilayer perceptron,6.4,4.901215317685268,1.4987846823147324,1.4987846823147324
train,mlp,Multilayer perceptron,5.66,5.4160716652883645,0.24392833471163566,0.24392833471163566
train,mlp,Multilayer perceptron,3.77,5.868964562408393,-2.098964562408393,2.098964562408393
train,mlp,Multilayer perceptron,2.35,3.1218129900920877,-0.7718129900920876,0.7718129900920876
train,mlp,Multilayer perceptron,6.29,5.588354945200396,0.701645054799604,0.701645054799604
train,mlp,Multilayer perceptron,2.92,2.2770912007885786,0.6429087992114213,0.6429087992114213
train,mlp,Multilayer perceptron,1.91,2.304265042110112,-0.39426504211011193,0.39426504211011193
train,mlp,Multilayer perceptron,1.72,1.556656597235397,0.16334340276460302,0.16334340276460302
train,mlp,Multilayer perceptron,2.88,4.965519069640153,-2.085519069640153,2.085519069640153
train,mlp,Multilayer perceptron,2.96,4.311476661272705,-1.351476661272705,1.351476661272705
train,mlp,Multilayer perceptron,2.81,3.6930920446045916,-0.8830920446045916,0.8830920446045916
train,mlp,Multilayer perceptron,5.01,4.802181325042453,0.20781867495754636,0.20781867495754636
train,mlp,Multilayer perceptron,5.03,5.396322615400162,-0.3663226154001613,0.3663226154001613
train,mlp,Multilayer perceptron,4.53,5.603451724977876,-1.0734517249778754,1.0734517249778754
train,mlp,Multilayer perceptron,2.3,3.105876968055024,-0.8058769680550242,0.8058769680550242
train,mlp,Multilayer perceptron,2.3,3.0948932142687764,-0.7948932142687766,0.7948932142687766
train,mlp,Multilayer perceptron,2.25,2.666018573777039,-0.416018573777039,0.416018573777039
train,mlp,Multilayer perceptron,6.07,7.055055268270206,-0.9850552682702061,0.9850552682702061
train,mlp,Multilayer perceptron,2.65,4.153505321042018,-1.503505321042018,1.503505321042018
train,mlp,Multilayer perceptron,2.31,2.0225568690434037,0.28744313095659635,0.28744313095659635
train,mlp,Multilayer perceptron,3.03,4.576396266124479,-1.546396266124479,1.546396266124479
train,mlp,Multilayer perceptron,2.37,5.766082349712187,-3.396082349712187,3.396082349712187
train,mlp,Multilayer perceptron,6.52,5.119225411304744,1.4007745886952554,1.4007745886952554
train,mlp,Multilayer perceptron,5.77,4.750158496626434,1.0198415033735655,1.0198415033735655
train,mlp,Multilayer perceptron,5.13,4.536910739271896,0.593089260728104,0.593089260728104
train,mlp,Multilayer perceptron,6.58,4.64575861085825,1.93424138914175,1.93424138914175
train,mlp,Multilayer perceptron,4.26,7.694039110198362,-3.434039110198362,3.434039110198362
train,mlp,Multilayer perceptron,0.97,2.414546794123011,-1.444546794123011,1.444546794123011
train,mlp,Multilayer perceptron,3.23,5.596318680582407,-2.3663186805824066,2.3663186805824066
train,mlp,Multilayer perceptron,2.77,1.931225556557188,0.8387744434428119,0.8387744434428119
train,mlp,Multilayer perceptron,2.01,3.234577692300657,-1.2245776923006573,1.2245776923006573
train,mlp,Multilayer perceptron,1.85,3.7012871198841357,-1.8512871198841356,1.8512871198841356
train,mlp,Multilayer perceptron,1.61,2.0832860893663305,-0.47328608936633043,0.47328608936633043
train,mlp,Multilayer perceptron,5.21,3.2284777688231303,1.9815222311768697,1.9815222311768697
train,mlp,Multilayer perceptron,2.0,2.6833710804477753,-0.6833710804477753,0.6833710804477753
train,mlp,Multilayer perceptron,2.71,3.185796764663152,-0.47579676466315224,0.47579676466315224
train,mlp,Multilayer perceptron,2.61,2.8475558831956898,-0.23755588319568988,0.23755588319568988
train,mlp,Multilayer perceptron,5.38,3.0299059351887254,2.3500940648112745,2.3500940648112745
train,mlp,Multilayer perceptron,3.01,3.781024900750006,-0.7710249007500063,0.7710249007500063
train,mlp,Multilayer perceptron,3.26,5.403368908644794,-2.143368908644794,2.143368908644794
train,mlp,Multilayer perceptron,4.05,4.757590082605232,-0.7075900826052326,0.7075900826052326
train,mlp,Multilayer perceptron,4.95,4.939393258623067,0.010606741376933293,0.010606741376933293
train,mlp,Multilayer perceptron,3.71,4.06863225301067,-0.35863225301067025,0.35863225301067025
train,mlp,Multilayer perceptron,3.19,8.623247987048456,-5.433247987048457,5.433247987048457
train,mlp,Multilayer perceptron,5.32,3.9613651267120322,1.358634873287968,1.358634873287968
train,mlp,Multilayer perceptron,3.73,3.781733082940653,-0.05173308294065304,0.05173308294065304
train,mlp,Multilayer perceptron,3.94,4.685521966963209,-0.7455219669632087,0.7455219669632087
train,mlp,Multilayer perceptron,6.68,5.103543229850339,1.5764567701496608,1.5764567701496608
train,mlp,Multilayer perceptron,2.67,3.6643455343357156,-0.9943455343357157,0.9943455343357157
train,mlp,Multilayer perceptron,2.9,4.385228729054309,-1.4852287290543091,1.4852287290543091
train,mlp,Multilayer perceptron,5.1,4.198465916291058,0.9015340837089418,0.9015340837089418
train,mlp,Multilayer perceptron,4.53,5.752381206529277,-1.2223812065292767,1.2223812065292767
train,mlp,Multilayer perceptron,2.15,4.10203099956343,-1.9520309995634304,1.9520309995634304
train,mlp,Multilayer perceptron,8.65,8.251751976251983,0.3982480237480175,0.3982480237480175
train,mlp,Multilayer perceptron,7.98,3.919145902334104,4.060854097665896,4.060854097665896
train,mlp,Multilayer perceptron,2.5,4.471392966030082,-1.9713929660300824,1.9713929660300824
train,mlp,Multilayer perceptron,2.39,2.2930725466891704,0.09692745331082975,0.09692745331082975
train,mlp,Multilayer perceptron,2.28,2.286988846613784,-0.006988846613784183,0.006988846613784183
train,mlp,Multilayer perceptron,2.57,2.4015422129271085,0.16845778707289139,0.16845778707289139
train,mlp,Multilayer perceptron,3.37,5.048883534929019,-1.6788835349290192,1.6788835349290192
train,mlp,Multilayer perceptron,3.4,5.45436523580401,-2.0543652358040103,2.0543652358040103
train,mlp,Multilayer perceptron,3.02,3.2830633825206434,-0.26306338252064343,0.26306338252064343
train,mlp,Multilayer perceptron,3.56,4.466201454158326,-0.9062014541583259,0.9062014541583259
train,mlp,Multilayer perceptron,6.03,5.297582365050428,0.7324176349495719,0.7324176349495719
train,mlp,Multilayer perceptron,5.24,5.28945524245957,-0.04945524245956978,0.04945524245956978
train,mlp,Multilayer perceptron,7.6,7.315191740873022,0.2848082591269776,0.2848082591269776
train,mlp,Multilayer perceptron,7.12,7.200761471016143,-0.08076147101614328,0.08076147101614328
train,mlp,Multilayer perceptron,21.47,18.619017829606214,2.8509821703937845,2.8509821703937845
train,mlp,Multilayer perceptron,3.79,1.6438737281999098,2.14612627180009,2.14612627180009
train,mlp,Multilayer perceptron,2.03,3.380684173804047,-1.3506841738040474,1.3506841738040474
train,mlp,Multilayer perceptron,2.91,2.4497572583360947,0.46024274166390544,0.46024274166390544
train,mlp,Multilayer perceptron,6.08,5.542766914262585,0.537233085737415,0.537233085737415
train,mlp,Multilayer perceptron,8.71,6.873641813987232,1.8363581860127685,1.8363581860127685
train,mlp,Multilayer perceptron,5.08,4.575931944691951,0.504068055308049,0.504068055308049
train,mlp,Multilayer perceptron,5.1,4.531283851748849,0.5687161482511502,0.5687161482511502
train,mlp,Multilayer perceptron,10.0,5.686204785381779,4.313795214618221,4.313795214618221
train,mlp,Multilayer perceptron,5.35,5.3834535061196505,-0.03345350611965081,0.03345350611965081
train,mlp,Multilayer perceptron,10.42,6.040628467068395,4.3793715329316045,4.3793715329316045
train,mlp,Multilayer perceptron,4.06,6.040628467068395,-1.9806284670683958,1.9806284670683958
train,mlp,Multilayer perceptron,6.22,5.3251120452276925,0.8948879547723072,0.8948879547723072
train,mlp,Multilayer perceptron,5.74,4.474435645183981,1.2655643548160196,1.2655643548160196
train,mlp,Multilayer perceptron,4.4,5.277016247541613,-0.8770162475416123,0.8770162475416123
train,mlp,Multilayer perceptron,11.88,9.471481355977195,2.4085186440228057,2.4085186440228057
train,mlp,Multilayer perceptron,8.85,9.881701653632529,-1.0317016536325294,1.0317016536325294
train,mlp,Multilayer perceptron,3.42,3.9853235898063915,-0.5653235898063915,0.5653235898063915
train,mlp,Multilayer perceptron,3.57,3.657438452758128,-0.087438452758128,0.087438452758128
train,mlp,Multilayer perceptron,4.1,8.092723090808933,-3.9927230908089335,3.9927230908089335
train,mlp,Multilayer perceptron,7.66,7.985374707844271,-0.32537470784427125,0.32537470784427125
train,mlp,Multilayer perceptron,5.93,5.071562918353191,0.8584370816468088,0.8584370816468088
train,mlp,Multilayer perceptron,4.4,3.1051075337166467,1.2948924662833536,1.2948924662833536
train,mlp,Multilayer perceptron,11.11,10.049685995271608,1.0603140047283919,1.0603140047283919
train,mlp,Multilayer perceptron,5.92,5.669622545897258,0.25037745410274237,0.25037745410274237
train,mlp,Multilayer perceptron,11.93,10.447086367232112,1.4829136327678878,1.4829136327678878
train,mlp,Multilayer perceptron,8.51,7.531708404463719,0.9782915955362812,0.9782915955362812
train,mlp,Multilayer perceptron,2.75,3.4385806357112423,-0.6885806357112423,0.6885806357112423
train,mlp,Multilayer perceptron,3.65,2.8406583159120435,0.8093416840879564,0.8093416840879564
train,mlp,Multilayer perceptron,2.16,2.180221733372093,-0.020221733372092654,0.020221733372092654
train,mlp,Multilayer perceptron,4.01,5.529151858350404,-1.519151858350404,1.519151858350404
train,mlp,Multilayer perceptron,2.75,4.452300827349406,-1.702300827349406,1.702300827349406
train,mlp,Multilayer perceptron,5.98,6.274862825287792,-0.2948628252877912,0.2948628252877912
train,mlp,Multilayer perceptron,8.45,8.62798648883923,-0.17798648883923107,0.17798648883923107
train,mlp,Multilayer perceptron,3.76,3.604579468990295,0.155420531009705,0.155420531009705
train,mlp,Multilayer perceptron,2.4,2.4278878314482317,-0.027887831448231815,0.027887831448231815
train,mlp,Multilayer perceptron,2.53,2.467645565898169,0.06235443410183095,0.06235443410183095
train,mlp,Multilayer perceptron,5.28,7.019940070602119,-1.7399400706021186,1.7399400706021186
train,mlp,Multilayer perceptron,5.44,9.293681405991817,-3.853681405991817,3.853681405991817
train,mlp,Multilayer perceptron,1.75,5.360640197958198,-3.6106401979581983,3.6106401979581983
train,mlp,Multilayer perceptron,1.81,5.36434164528282,-3.5543416452828196,3.5543416452828196
train,mlp,Multilayer perceptron,1.9,2.897890481319964,-0.9978904813199643,0.9978904813199643
train,mlp,Multilayer perceptron,2.06,2.895094126252522,-0.835094126252522,0.835094126252522
train,mlp,Multilayer perceptron,2.15,3.0063017780743686,-0.8563017780743687,0.8563017780743687
train,mlp,Multilayer perceptron,6.77,4.296044936832067,2.4739550631679323,2.4739550631679323
train,mlp,Multilayer perceptron,8.07,3.4253233082435917,4.644676691756409,4.644676691756409
train,mlp,Multilayer perceptron,1.83,3.7651855513761983,-1.9351855513761982,1.9351855513761982
train,mlp,Multilayer perceptron,6.48,4.242625387399227,2.2373746126007736,2.2373746126007736
train,mlp,Multilayer perceptron,8.53,4.246078138796831,4.283921861203169,4.283921861203169
train,mlp,Multilayer perceptron,12.17,5.105593033612377,7.064406966387623,7.064406966387623
train,mlp,Multilayer perceptron,2.4,3.5686974819778787,-1.1686974819778788,1.1686974819778788
train,mlp,Multilayer perceptron,7.71,6.818355595867323,0.891644404132677,0.891644404132677
train,mlp,Multilayer perceptron,7.77,7.761819888843955,0.008180111156044667,0.008180111156044667
train,mlp,Multilayer perceptron,3.23,3.6783697124149217,-0.44836971241492174,0.44836971241492174
train,mlp,Multilayer perceptron,2.43,3.4871416424504997,-1.0571416424504996,1.0571416424504996
train,mlp,Multilayer perceptron,10.95,6.495342982671544,4.454657017328455,4.454657017328455
train,mlp,Multilayer perceptron,3.68,6.947834718066191,-3.2678347180661906,3.2678347180661906
train,mlp,Multilayer perceptron,8.07,4.59028488306899,3.4797151169310103,3.4797151169310103
train,mlp,Multilayer perceptron,5.93,4.339830130411367,1.5901698695886326,1.5901698695886326
train,mlp,Multilayer perceptron,6.01,4.555126866852415,1.4548731331475846,1.4548731331475846
train,mlp,Multilayer perceptron,5.75,4.47823332162457,1.27176667837543,1.27176667837543
train,mlp,Multilayer perceptron,5.92,4.044253984449942,1.8757460155500576,1.8757460155500576
train,mlp,Multilayer perceptron,4.21,5.748133837209493,-1.538133837209493,1.538133837209493
train,mlp,Multilayer perceptron,12.38,11.829189394617636,0.5508106053823649,0.5508106053823649
train,mlp,Multilayer perceptron,12.56,13.346668594876343,-0.7866685948763426,0.7866685948763426
train,mlp,Multilayer perceptron,12.41,11.778657029330514,0.6313429706694862,0.6313429706694862
train,mlp,Multilayer perceptron,10.46,9.876442084589579,0.583557915410422,0.583557915410422
train,mlp,Multilayer perceptron,4.37,4.6188645850631,-0.2488645850630995,0.2488645850630995
train,mlp,Multilayer perceptron,9.27,11.001327344026308,-1.7313273440263082,1.7313273440263082
train,mlp,Multilayer perceptron,10.82,10.654779449100905,0.16522055089909493,0.16522055089909493
train,mlp,Multilayer perceptron,8.25,9.963090256481632,-1.7130902564816317,1.7130902564816317
train,mlp,Multilayer perceptron,4.55,5.017895403859045,-0.46789540385904527,0.46789540385904527
train,mlp,Multilayer perceptron,2.4,2.645990557266144,-0.24599055726614427,0.24599055726614427
train,mlp,Multilayer perceptron,1.85,3.4948190460252655,-1.6448190460252654,1.6448190460252654
train,mlp,Multilayer perceptron,2.61,2.4441344367625137,0.16586556323748614,0.16586556323748614
train,mlp,Multilayer perceptron,4.54,5.404062684300618,-0.8640626843006176,0.8640626843006176
train,mlp,Multilayer perceptron,11.6,10.190532309408452,1.4094676905915478,1.4094676905915478
train,mlp,Multilayer perceptron,3.79,5.054701557108056,-1.2647015571080562,1.2647015571080562
train,mlp,Multilayer perceptron,4.55,3.4758806803299898,1.07411931967001,1.07411931967001
train,mlp,Multilayer perceptron,2.65,3.315529039654682,-0.665529039654682,0.665529039654682
train,mlp,Multilayer perceptron,9.73,5.712374733465137,4.017625266534863,4.017625266534863
train,mlp,Multilayer perceptron,2.09,4.047113083791936,-1.9571130837919357,1.9571130837919357
train,mlp,Multilayer perceptron,2.43,1.9238603571919348,0.5061396428080653,0.5061396428080653
train,mlp,Multilayer perceptron,1.24,3.3638923978131277,-2.123892397813128,2.123892397813128
train,mlp,Multilayer perceptron,2.12,3.6551717261471968,-1.5351717261471967,1.5351717261471967
train,mlp,Multilayer perceptron,2.18,3.6611201889130682,-1.481120188913068,1.481120188913068
train,mlp,Multilayer perceptron,4.55,5.640947506784459,-1.0909475067844596,1.0909475067844596
train,mlp,Multilayer perceptron,9.47,7.928311980470695,1.541688019529306,1.541688019529306
train,mlp,Multilayer perceptron,12.9,10.66677732407233,2.2332226759276708,2.2332226759276708
train,mlp,Multilayer perceptron,5.69,5.859382371882131,-0.169382371882131,0.169382371882131
train,mlp,Multilayer perceptron,5.1,4.565253060397629,0.5347469396023703,0.5347469396023703
train,mlp,Multilayer perceptron,3.5,5.094424019509176,-1.5944240195091757,1.5944240195091757
train,mlp,Multilayer perceptron,2.16,4.299945285185319,-2.139945285185319,2.139945285185319
train,mlp,Multilayer perceptron,2.55,2.2214045744265825,0.32859542557341737,0.32859542557341737
train,mlp,Multilayer perceptron,2.16,3.813435789899003,-1.6534357898990026,1.6534357898990026
train,mlp,Multilayer perceptron,2.23,4.758371448967124,-2.5283714489671243,2.5283714489671243
train,mlp,Multilayer perceptron,4.04,3.8872548644756164,0.15274513552438362,0.15274513552438362
train,mlp,Multilayer perceptron,4.41,5.177881457660983,-0.7678814576609829,0.7678814576609829
train,mlp,Multilayer perceptron,5.08,4.278440790110817,0.8015592098891835,0.8015592098891835
train,mlp,Multilayer perceptron,5.08,4.346400000095577,0.7335999999044232,0.7335999999044232
train,mlp,Multilayer perceptron,10.1,9.906613440416654,0.19338655958334527,0.19338655958334527
train,mlp,Multilayer perceptron,4.89,5.001911843916646,-0.11191184391664599,0.11191184391664599
train,mlp,Multilayer perceptron,11.85,13.571666729487367,-1.7216667294873673,1.7216667294873673
train,mlp,Multilayer perceptron,4.57,5.595404898385747,-1.025404898385747,1.025404898385747
train,mlp,Multilayer perceptron,2.43,4.429441360500854,-1.9994413605008536,1.9994413605008536
train,mlp,Multilayer perceptron,10.18,8.497234170605717,1.6827658293942829,1.6827658293942829
train,mlp,Multilayer perceptron,12.0,11.922662031282982,0.0773379687170177,0.0773379687170177
train,mlp,Multilayer perceptron,10.58,10.89190694154478,-0.3119069415447804,0.3119069415447804
train,mlp,Multilayer perceptron,12.14,10.494645850755814,1.645354149244186,1.645354149244186
train,mlp,Multilayer perceptron,4.06,6.190333150323685,-2.1303331503236853,2.1303331503236853
train,mlp,Multilayer perceptron,4.7,5.360172996942764,-0.6601729969427641,0.6601729969427641
train,mlp,Multilayer perceptron,2.01,4.907793054329277,-2.897793054329277,2.897793054329277
train,mlp,Multilayer perceptron,6.6,3.5343454052773455,3.065654594722654,3.065654594722654
train,mlp,Multilayer perceptron,5.09,8.469175719471776,-3.3791757194717764,3.3791757194717764
train,mlp,Multilayer perceptron,5.13,8.420022777220831,-3.2900227772208313,3.2900227772208313
train,mlp,Multilayer perceptron,5.01,5.052094348205576,-0.042094348205576004,0.042094348205576004
train,mlp,Multilayer perceptron,3.49,5.113326237565126,-1.6233262375651254,1.6233262375651254
train,mlp,Multilayer perceptron,7.79,5.8937651172978205,1.8962348827021795,1.8962348827021795
train,mlp,Multilayer perceptron,7.52,5.636003083204527,1.8839969167954722,1.8839969167954722
train,mlp,Multilayer perceptron,3.2,1.9018220123035068,1.2981779876964934,1.2981779876964934
train,mlp,Multilayer perceptron,4.26,2.662133136999439,1.5978668630005606,1.5978668630005606
train,mlp,Multilayer perceptron,7.76,3.8419527116021674,3.9180472883978323,3.9180472883978323
train,mlp,Multilayer perceptron,4.38,7.767888135647136,-3.3878881356471364,3.3878881356471364
train,mlp,Multilayer perceptron,1.43,2.457794778605439,-1.027794778605439,1.027794778605439
train,mlp,Multilayer perceptron,5.76,3.2554024147059186,2.504597585294081,2.504597585294081
train,mlp,Multilayer perceptron,3.27,11.301851275897056,-8.031851275897056,8.031851275897056
train,mlp,Multilayer perceptron,4.37,4.496208505462877,-0.12620850546287699,0.12620850546287699
train,mlp,Multilayer perceptron,3.7,3.0609697853752547,0.6390302146247455,0.6390302146247455
train,mlp,Multilayer perceptron,3.87,3.0092395760232047,0.8607604239767954,0.8607604239767954
train,mlp,Multilayer perceptron,0.02,3.0572664305642157,-3.0372664305642156,3.0372664305642156
train,mlp,Multilayer perceptron,15.0,7.627432050886542,7.372567949113458,7.372567949113458
train,mlp,Multilayer perceptron,7.15,7.846592759955808,-0.6965927599558075,0.6965927599558075
train,mlp,Multilayer perceptron,-0.2,3.2023425797027785,-3.4023425797027786,3.4023425797027786
train,mlp,Multilayer perceptron,1.26,3.674018143198628,-2.4140181431986276,2.4140181431986276
calibration_global,mlp,Multilayer perceptron,15.75,10.972536623120044,4.777463376879956,4.777463376879956
calibration_global,mlp,Multilayer perceptron,16.75,12.481099368479372,4.268900631520628,4.268900631520628
calibration_global,mlp,Multilayer perceptron,16.05,11.608477400745011,4.44152259925499,4.44152259925499
calibration_global,mlp,Multilayer perceptron,13.03,14.328547518499049,-1.2985475184990491,1.2985475184990491
calibration_global,mlp,Multilayer perceptron,6.23,10.730885005234802,-4.500885005234801,4.500885005234801
calibration_global,mlp,Multilayer perceptron,14.96,9.327127311573417,5.632872688426584,5.632872688426584
calibration_global,mlp,Multilayer perceptron,4.5,4.082648891100501,0.4173511088994992,0.4173511088994992
calibration_global,mlp,Multilayer perceptron,12.58,15.952771978515129,-3.3727719785151287,3.3727719785151287
calibration_global,mlp,Multilayer perceptron,7.79,11.086487448061307,-3.296487448061307,3.296487448061307
calibration_global,mlp,Multilayer perceptron,17.16,12.497647568981554,4.662352431018446,4.662352431018446
calibration_global,mlp,Multilayer perceptron,21.6,15.39041849585618,6.209581504143822,6.209581504143822
calibration_global,mlp,Multilayer perceptron,16.08,14.811105421772409,1.2688945782275898,1.2688945782275898
calibration_global,mlp,Multilayer perceptron,23.68,21.864846671986385,1.815153328013615,1.815153328013615
calibration_global,mlp,Multilayer perceptron,22.9,22.69559151179731,0.20440848820268798,0.20440848820268798
calibration_global,mlp,Multilayer perceptron,1.9,2.4710305675384507,-0.5710305675384508,0.5710305675384508
calibration_global,mlp,Multilayer perceptron,1.9,2.4710305675384507,-0.5710305675384508,0.5710305675384508
calibration_global,mlp,Multilayer perceptron,1.9,2.4710305675384507,-0.5710305675384508,0.5710305675384508
calibration_global,mlp,Multilayer perceptron,2.05,1.8629065023436555,0.1870934976563443,0.1870934976563443
calibration_global,mlp,Multilayer perceptron,3.67,3.4818187615321463,0.18818123846785362,0.18818123846785362
calibration_global,mlp,Multilayer perceptron,2.54,2.5765190421805544,-0.03651904218055435,0.03651904218055435
calibration_global,mlp,Multilayer perceptron,2.46,2.1995908407428337,0.26040915925716623,0.26040915925716623
calibration_global,mlp,Multilayer perceptron,3.07,3.238120425449368,-0.16812042544936823,0.16812042544936823
calibration_global,mlp,Multilayer perceptron,3.26,4.409642017743602,-1.1496420177436022,1.1496420177436022
calibration_global,mlp,Multilayer perceptron,4.5,4.260102512489776,0.23989748751022422,0.23989748751022422
calibration_global,mlp,Multilayer perceptron,4.5,4.260102512489776,0.23989748751022422,0.23989748751022422
calibration_global,mlp,Multilayer perceptron,5.68,4.260102512489776,1.419897487510224,1.419897487510224
calibration_global,mlp,Multilayer perceptron,4.5,4.454598689806613,0.04540131019338656,0.04540131019338656
calibration_global,mlp,Multilayer perceptron,4.21,4.183144098985536,0.026855901014464223,0.026855901014464223
calibration_global,mlp,Multilayer perceptron,4.6,3.9119277859353057,0.688072214064694,0.688072214064694
calibration_global,mlp,Multilayer perceptron,2.2,4.802820337869098,-2.6028203378690975,2.6028203378690975
calibration_global,mlp,Multilayer perceptron,2.45,2.2450841076328336,0.20491589236716656,0.20491589236716656
calibration_global,mlp,Multilayer perceptron,4.03,3.5275417639304125,0.5024582360695877,0.5024582360695877
calibration_global,mlp,Multilayer perceptron,2.65,3.5275417639304125,-0.8775417639304126,0.8775417639304126
calibration_global,mlp,Multilayer perceptron,4.8,4.5936605703642135,0.20633942963578633,0.20633942963578633
calibration_global,mlp,Multilayer perceptron,6.52,4.5936605703642135,1.926339429635786,1.926339429635786
calibration_global,mlp,Multilayer perceptron,4.8,4.705283978208315,0.09471602179168492,0.09471602179168492
calibration_global,mlp,Multilayer perceptron,6.48,4.351199102232682,2.1288008977673183,2.1288008977673183
calibration_global,mlp,Multilayer perceptron,6.24,4.254894157507116,1.9851058424928842,1.9851058424928842
calibration_global,mlp,Multilayer perceptron,5.1,3.035421153672256,2.0645788463277435,2.0645788463277435
calibration_global,mlp,Multilayer perceptron,3.38,4.219318353223664,-0.8393183532236641,0.8393183532236641
calibration_global,mlp,Multilayer perceptron,4.56,4.870106336084979,-0.3101063360849796,0.3101063360849796
calibration_global,mlp,Multilayer perceptron,5.66,4.508941016320009,1.1510589836799907,1.1510589836799907
calibration_global,mlp,Multilayer perceptron,4.45,4.508941016320009,-0.058941016320009254,0.058941016320009254
calibration_global,mlp,Multilayer perceptron,4.59,5.663514984328143,-1.0735149843281429,1.0735149843281429
calibration_global,mlp,Multilayer perceptron,6.5,6.011334637443331,0.48866536255666926,0.48866536255666926
calibration_global,mlp,Multilayer perceptron,5.52,5.792837418569049,-0.27283741856904964,0.27283741856904964
calibration_global,mlp,Multilayer perceptron,5.62,5.792837418569049,-0.1728374185690491,0.1728374185690491
calibration_global,mlp,Multilayer perceptron,5.36,4.502645413306391,0.8573545866936092,0.8573545866936092
calibration_global,mlp,Multilayer perceptron,5.5,4.502645413306391,0.9973545866936089,0.9973545866936089
calibration_global,mlp,Multilayer perceptron,2.62,2.1373040899091484,0.48269591009085167,0.48269591009085167
calibration_global,mlp,Multilayer perceptron,6.52,5.119225411304744,1.4007745886952554,1.4007745886952554
calibration_global,mlp,Multilayer perceptron,3.88,4.323287691447451,-0.44328769144745106,0.44328769144745106
calibration_global,mlp,Multilayer perceptron,3.88,3.185796764663152,0.6942032353368477,0.6942032353368477
calibration_global,mlp,Multilayer perceptron,4.34,3.822226159685411,0.5177738403145891,0.5177738403145891
calibration_global,mlp,Multilayer perceptron,4.05,4.757590082605232,-0.7075900826052326,0.7075900826052326
calibration_global,mlp,Multilayer perceptron,3.96,4.409476089968521,-0.4494760899685213,0.4494760899685213
calibration_global,mlp,Multilayer perceptron,7.89,5.152634827953531,2.737365172046469,2.737365172046469
calibration_global,mlp,Multilayer perceptron,6.32,4.292363074594271,2.027636925405729,2.027636925405729
calibration_global,mlp,Multilayer perceptron,8.06,5.767940838866215,2.2920591611337855,2.2920591611337855
calibration_global,mlp,Multilayer perceptron,3.43,5.45436523580401,-2.02436523580401,2.02436523580401
calibration_global,mlp,Multilayer perceptron,5.7,5.925959115339771,-0.2259591153397711,0.2259591153397711
calibration_global,mlp,Multilayer perceptron,5.66,6.665113220795402,-1.005113220795402,1.005113220795402
calibration_global,mlp,Multilayer perceptron,3.51,2.1729875120178503,1.3370124879821494,1.3370124879821494
calibration_global,mlp,Multilayer perceptron,10.27,5.834855409072996,4.4351445909270035,4.4351445909270035
calibration_global,mlp,Multilayer perceptron,9.84,5.4612016100409475,4.378798389959052,4.378798389959052
calibration_global,mlp,Multilayer perceptron,10.5,5.08337854910775,5.41662145089225,5.41662145089225
calibration_global,mlp,Multilayer perceptron,5.35,5.4612016100409475,-0.11120161004094786,0.11120161004094786
calibration_global,mlp,Multilayer perceptron,4.1,6.040628467068395,-1.9406284670683958,1.9406284670683958
calibration_global,mlp,Multilayer perceptron,13.69,10.552488661383785,3.137511338616214,3.137511338616214
calibration_global,mlp,Multilayer perceptron,4.1,7.458769060642896,-3.3587690606428966,3.3587690606428966
calibration_global,mlp,Multilayer perceptron,11.26,9.216726563772559,2.043273436227441,2.043273436227441
calibration_global,mlp,Multilayer perceptron,10.05,7.583303754768444,2.4666962452315566,2.4666962452315566
calibration_global,mlp,Multilayer perceptron,8.26,3.979790775309944,4.280209224690056,4.280209224690056
calibration_global,mlp,Multilayer perceptron,6.55,4.242625387399227,2.307374612600773,2.307374612600773
calibration_global,mlp,Multilayer perceptron,8.45,4.246078138796831,4.203921861203169,4.203921861203169
calibration_global,mlp,Multilayer perceptron,7.39,7.603245751446621,-0.21324575144662106,0.21324575144662106
calibration_global,mlp,Multilayer perceptron,2.44,4.024144227124954,-1.5841442271249542,1.5841442271249542
calibration_global,mlp,Multilayer perceptron,4.22,3.135584385868017,1.084415614131983,1.084415614131983
calibration_global,mlp,Multilayer perceptron,4.3,2.335110763551054,1.9648892364489456,1.9648892364489456
calibration_global,mlp,Multilayer perceptron,6.5,2.179544267057848,4.320455732942152,4.320455732942152
calibration_global,mlp,Multilayer perceptron,3.22,4.301393329676645,-1.081393329676645,1.081393329676645
calibration_global,mlp,Multilayer perceptron,3.03,4.429441360500854,-1.399441360500854,1.399441360500854
calibration_global,mlp,Multilayer perceptron,0.21,2.4343058451088444,-2.2243058451088444,2.2243058451088444
calibration_global,mlp,Multilayer perceptron,2.69,7.165473073099716,-4.475473073099716,4.475473073099716
calibration_global,mlp,Multilayer perceptron,0.58,3.8784402427072604,-3.2984402427072603,3.2984402427072603
calibration_global,mlp,Multilayer perceptron,0.03,3.9636042964245104,-3.9336042964245106,3.9336042964245106
calibration_global,mlp,Multilayer perceptron,-0.19,2.544161203404332,-2.734161203404332,2.734161203404332
calibration_local,mlp,Multilayer perceptron,16.47,12.481099368479372,3.988900631520627,3.988900631520627
calibration_local,mlp,Multilayer perceptron,16.0,11.396477629123245,4.603522370876755,4.603522370876755
calibration_local,mlp,Multilayer perceptron,8.09,13.269332064105472,-5.179332064105472,5.179332064105472
calibration_local,mlp,Multilayer perceptron,7.16,11.442684036163909,-4.282684036163909,4.282684036163909
calibration_local,mlp,Multilayer perceptron,15.02,14.235577595673325,0.7844224043266745,0.7844224043266745
calibration_local,mlp,Multilayer perceptron,15.49,14.64958429772258,0.8404157022774204,0.8404157022774204
calibration_local,mlp,Multilayer perceptron,17.73,10.28653541435971,7.443464585640291,7.443464585640291
calibration_local,mlp,Multilayer perceptron,17.73,10.28653541435971,7.443464585640291,7.443464585640291
calibration_local,mlp,Multilayer perceptron,18.38,10.28653541435971,8.09346458564029,8.09346458564029
calibration_local,mlp,Multilayer perceptron,16.28,15.601443703992395,0.6785562960076064,0.6785562960076064
calibration_local,mlp,Multilayer perceptron,16.08,14.811105421772409,1.2688945782275898,1.2688945782275898
calibration_local,mlp,Multilayer perceptron,16.08,14.811105421772409,1.2688945782275898,1.2688945782275898
calibration_local,mlp,Multilayer perceptron,16.6,22.69559151179731,-6.095591511797309,6.095591511797309
calibration_local,mlp,Multilayer perceptron,2.22,4.709375964359882,-2.489375964359882,2.489375964359882
calibration_local,mlp,Multilayer perceptron,1.93,2.4115982453777516,-0.48159824537775164,0.48159824537775164
calibration_local,mlp,Multilayer perceptron,1.83,2.156466404916823,-0.3264664049168231,0.3264664049168231
calibration_local,mlp,Multilayer perceptron,2.1,3.9392223896282155,-1.8392223896282154,1.8392223896282154
calibration_local,mlp,Multilayer perceptron,2.89,4.139794231870735,-1.2497942318707351,1.2497942318707351
calibration_local,mlp,Multilayer perceptron,2.15,2.0679739389427207,0.08202606105727916,0.08202606105727916
calibration_local,mlp,Multilayer perceptron,5.35,3.251348852946545,2.0986511470534546,2.0986511470534546
calibration_local,mlp,Multilayer perceptron,3.83,3.251348852946545,0.578651147053455,0.578651147053455
calibration_local,mlp,Multilayer perceptron,3.87,3.251348852946545,0.618651147053455,0.618651147053455
calibration_local,mlp,Multilayer perceptron,4.5,4.260102512489776,0.23989748751022422,0.23989748751022422
calibration_local,mlp,Multilayer perceptron,5.68,4.260102512489776,1.419897487510224,1.419897487510224
calibration_local,mlp,Multilayer perceptron,4.62,4.198213187758501,0.42178681224149894,0.42178681224149894
calibration_local,mlp,Multilayer perceptron,3.71,4.0021847027405455,-0.29218470274054553,0.29218470274054553
calibration_local,mlp,Multilayer perceptron,4.33,4.828518483670165,-0.49851848367016505,0.49851848367016505
calibration_local,mlp,Multilayer perceptron,4.5,4.454598689806613,0.04540131019338656,0.04540131019338656
calibration_local,mlp,Multilayer perceptron,3.38,3.306779267269714,0.07322073273028584,0.07322073273028584
calibration_local,mlp,Multilayer perceptron,2.47,2.0652147340840497,0.40478526591595054,0.40478526591595054
calibration_local,mlp,Multilayer perceptron,6.75,3.5275417639304125,3.2224582360695875,3.2224582360695875
calibration_local,mlp,Multilayer perceptron,3.99,3.5275417639304125,0.4624582360695877,0.4624582360695877
calibration_local,mlp,Multilayer perceptron,4.8,4.5936605703642135,0.20633942963578633,0.20633942963578633
calibration_local,mlp,Multilayer perceptron,6.52,4.5936605703642135,1.926339429635786,1.926339429635786
calibration_local,mlp,Multilayer perceptron,5.11,4.836748669341831,0.2732513306581694,0.2732513306581694
calibration_local,mlp,Multilayer perceptron,3.9,4.625957357436186,-0.7259573574361862,0.7259573574361862
calibration_local,mlp,Multilayer perceptron,5.05,3.035421153672256,2.0145788463277436,2.0145788463277436
calibration_local,mlp,Multilayer perceptron,2.87,2.138152909225435,0.7318470907745649,0.7318470907745649
calibration_local,mlp,Multilayer perceptron,4.37,4.601533425391174,-0.2315334253911736,0.2315334253911736
calibration_local,mlp,Multilayer perceptron,4.49,4.508941016320009,-0.01894101632000922,0.01894101632000922
calibration_local,mlp,Multilayer perceptron,4.66,3.754524566735333,0.9054754332646673,0.9054754332646673
calibration_local,mlp,Multilayer perceptron,4.45,3.663668109990015,0.7863318900099854,0.7863318900099854
calibration_local,mlp,Multilayer perceptron,5.12,3.625965477026554,1.494034522973446,1.494034522973446
calibration_local,mlp,Multilayer perceptron,6.7,6.109008250521717,0.5909917494782828,0.5909917494782828
calibration_local,mlp,Multilayer perceptron,6.58,6.011334637443331,0.5686653625566693,0.5686653625566693
calibration_local,mlp,Multilayer perceptron,5.62,5.792837418569049,-0.1728374185690491,0.1728374185690491
calibration_local,mlp,Multilayer perceptron,5.02,5.4160716652883645,-0.3960716652883649,0.3960716652883649
calibration_local,mlp,Multilayer perceptron,5.4,4.543926436391689,0.8560735636083114,0.8560735636083114
calibration_local,mlp,Multilayer perceptron,2.74,3.9312655121403086,-1.1912655121403084,1.1912655121403084
calibration_local,mlp,Multilayer perceptron,2.54,3.0281735299405987,-0.4881735299405987,0.4881735299405987
calibration_local,mlp,Multilayer perceptron,6.37,4.821846609172904,1.5481533908270961,1.5481533908270961
calibration_local,mlp,Multilayer perceptron,4.38,3.822226159685411,0.5577738403145891,0.5577738403145891
calibration_local,mlp,Multilayer perceptron,3.77,3.7117129580459522,0.05828704195404777,0.05828704195404777
calibration_local,mlp,Multilayer perceptron,2.95,3.1250035751195866,-0.17500357511958642,0.17500357511958642
calibration_local,mlp,Multilayer perceptron,8.12,5.73839712009982,2.3816028799001794,2.3816028799001794
calibration_local,mlp,Multilayer perceptron,8.12,5.1195718534009,3.0004281465990994,3.0004281465990994
calibration_local,mlp,Multilayer perceptron,7.89,5.284627755568361,2.6053722444316385,2.6053722444316385
calibration_local,mlp,Multilayer perceptron,8.06,6.1164581566120395,1.943541843387961,1.943541843387961
calibration_local,mlp,Multilayer perceptron,6.03,5.297582365050428,0.7324176349495719,0.7324176349495719
calibration_local,mlp,Multilayer perceptron,5.97,4.985506556885443,0.9844934431145571,0.9844934431145571
calibration_local,mlp,Multilayer perceptron,4.83,3.665401520721226,1.1645984792787742,1.1645984792787742
calibration_local,mlp,Multilayer perceptron,3.88,3.0478748762830015,0.8321251237169984,0.8321251237169984
calibration_local,mlp,Multilayer perceptron,4.36,2.760517906640516,1.5994820933594842,1.5994820933594842
calibration_local,mlp,Multilayer perceptron,9.1,5.4612016100409475,3.638798389959052,3.638798389959052
calibration_local,mlp,Multilayer perceptron,9.1,5.3834535061196505,3.716546493880349,3.716546493880349
calibration_local,mlp,Multilayer perceptron,8.88,5.334781624160335,3.5452183758396654,3.5452183758396654
calibration_local,mlp,Multilayer perceptron,11.05,9.433118446596142,1.616881553403859,1.616881553403859
calibration_local,mlp,Multilayer perceptron,10.71,8.092776113644677,2.6172238863553243,2.6172238863553243
calibration_local,mlp,Multilayer perceptron,11.11,8.775326893416077,2.3346731065839226,2.3346731065839226
calibration_local,mlp,Multilayer perceptron,11.1,6.4880641124770895,4.61193588752291,4.61193588752291
calibration_local,mlp,Multilayer perceptron,11.23,9.216726563772559,2.0132734362274416,2.0132734362274416
calibration_local,mlp,Multilayer perceptron,10.91,4.5960033674272855,6.313996632572715,6.313996632572715
calibration_local,mlp,Multilayer perceptron,11.41,4.246078138796831,7.163921861203169,7.163921861203169
calibration_local,mlp,Multilayer perceptron,7.39,6.77711182847345,0.6128881715265493,0.6128881715265493
calibration_local,mlp,Multilayer perceptron,3.05,5.927331423587856,-2.877331423587856,2.877331423587856
calibration_local,mlp,Multilayer perceptron,4.77,3.0186812544244477,1.751318745575552,1.751318745575552
calibration_local,mlp,Multilayer perceptron,2.83,3.83785370390199,-1.00785370390199,1.00785370390199
calibration_local,mlp,Multilayer perceptron,2.12,1.9560524018136505,0.16394759818634963,0.16394759818634963
calibration_local,mlp,Multilayer perceptron,-0.06,2.934263454867085,-2.994263454867085,2.994263454867085
calibration_local,mlp,Multilayer perceptron,3.09,8.029160297136334,-4.939160297136334,4.939160297136334
calibration_local,mlp,Multilayer perceptron,7.01,11.104777309720557,-4.094777309720557,4.094777309720557
calibration_local,mlp,Multilayer perceptron,2.79,4.9987644456251585,-2.2087644456251585,2.2087644456251585
calibration_local,mlp,Multilayer perceptron,2.7,7.165473073099716,-4.465473073099716,4.465473073099716
calibration_local,mlp,Multilayer perceptron,-0.11,3.609483281770435,-3.719483281770435,3.719483281770435
calibration_local,mlp,Multilayer perceptron,-0.19,2.5441612034043324,-2.7341612034043323,2.7341612034043323
calibration_local,mlp,Multilayer perceptron,-0.12,2.7720833815267283,-2.8920833815267284,2.8920833815267284
calibration_local,mlp,Multilayer perceptron,1.79,4.556326741275837,-2.7663267412758366,2.7663267412758366
test,mlp,Multilayer perceptron,4.22,8.013542464124495,-3.793542464124495,3.793542464124495
test,mlp,Multilayer perceptron,12.53,11.781011171318012,0.7489888286819877,0.7489888286819877
test,mlp,Multilayer perceptron,11.15,13.814309875960697,-2.664309875960697,2.664309875960697
test,mlp,Multilayer perceptron,6.58,7.958858503127193,-1.3788585031271925,1.3788585031271925
test,mlp,Multilayer perceptron,14.7,12.286203893842787,2.4137961061572124,2.4137961061572124
test,mlp,Multilayer perceptron,3.27,8.299567556639559,-5.0295675566395595,5.0295675566395595
test,mlp,Multilayer perceptron,4.52,4.380340204474062,0.13965979552593755,0.13965979552593755
test,mlp,Multilayer perceptron,9.03,8.090651462097052,0.9393485379029478,0.9393485379029478
test,mlp,Multilayer perceptron,4.45,4.082648891100501,0.3673511088994994,0.3673511088994994
test,mlp,Multilayer perceptron,13.27,8.2820259812567,4.9879740187433,4.9879740187433
test,mlp,Multilayer perceptron,17.54,15.952771978515129,1.5872280214848704,1.5872280214848704
test,mlp,Multilayer perceptron,12.36,13.30693840549284,-0.9469384054928405,0.9469384054928405
test,mlp,Multilayer perceptron,12.88,14.476379040759083,-1.596379040759082,1.596379040759082
test,mlp,Multilayer perceptron,9.8,7.289056728611445,2.5109432713885553,2.5109432713885553
test,mlp,Multilayer perceptron,13.33,8.89250298625703,4.43749701374297,4.43749701374297
test,mlp,Multilayer perceptron,7.94,13.334346856323899,-5.3943468563238985,5.3943468563238985
test,mlp,Multilayer perceptron,17.6,16.33548611306366,1.2645138869363421,1.2645138869363421
test,mlp,Multilayer perceptron,12.34,14.60780400773131,-2.2678040077313106,2.2678040077313106
test,mlp,Multilayer perceptron,8.03,7.946070714287104,0.08392928571289549,0.08392928571289549
test,mlp,Multilayer perceptron,17.69,13.77000090347441,3.9199990965255918,3.9199990965255918
test,mlp,Multilayer perceptron,7.96,10.295420821456736,-2.3354208214567356,2.3354208214567356
test,mlp,Multilayer perceptron,20.09,17.415056058141637,2.6749439418583627,2.6749439418583627
test,mlp,Multilayer perceptron,16.08,14.811105421772409,1.2688945782275898,1.2688945782275898
test,mlp,Multilayer perceptron,10.2,8.207782018988363,1.9922179810116365,1.9922179810116365
test,mlp,Multilayer perceptron,23.0,17.07208373018328,5.92791626981672,5.92791626981672
test,mlp,Multilayer perceptron,22.82,22.69559151179731,0.12440848820268968,0.12440848820268968
test,mlp,Multilayer perceptron,13.76,15.861394259175816,-2.101394259175816,2.101394259175816
test,mlp,Multilayer perceptron,20.18,26.898384767671786,-6.718384767671786,6.718384767671786
test,mlp,Multilayer perceptron,5.39,1.1712282960979388,4.2187717039020605,4.2187717039020605
test,mlp,Multilayer perceptron,1.93,2.4115982453777516,-0.48159824537775164,0.48159824537775164
test,mlp,Multilayer perceptron,5.87,3.4818187615321463,2.388181238467854,2.388181238467854
test,mlp,Multilayer perceptron,2.41,2.215000096930401,0.19499990306959925,0.19499990306959925
test,mlp,Multilayer perceptron,6.31,3.9877791960362794,2.32222080396372,2.32222080396372
test,mlp,Multilayer perceptron,3.95,4.2168334944947725,-0.26683349449477234,0.26683349449477234
test,mlp,Multilayer perceptron,1.93,2.2597356800756248,-0.3297356800756248,0.3297356800756248
test,mlp,Multilayer perceptron,5.08,3.8272984834542094,1.2527015165457906,1.2527015165457906
test,mlp,Multilayer perceptron,2.6,2.6956198002061846,-0.09561980020618455,0.09561980020618455
test,mlp,Multilayer perceptron,1.66,2.2919229141686217,-0.6319229141686218,0.6319229141686218
test,mlp,Multilayer perceptron,4.8,4.5936605703642135,0.20633942963578633,0.20633942963578633
test,mlp,Multilayer perceptron,3.04,3.922233888052705,-0.882233888052705,0.882233888052705
test,mlp,Multilayer perceptron,4.71,5.000181943135973,-0.29018194313597334,0.29018194313597334
test,mlp,Multilayer perceptron,2.74,5.076371481308889,-2.3363714813088885,2.3363714813088885
test,mlp,Multilayer perceptron,3.66,3.2923891056659986,0.3676108943340015,0.3676108943340015
test,mlp,Multilayer perceptron,2.56,3.2923891056659986,-0.7323891056659986,0.7323891056659986
test,mlp,Multilayer perceptron,3.81,2.8309100025135723,0.9790899974864278,0.9790899974864278
test,mlp,Multilayer perceptron,5.33,4.466564205594696,0.8634357944053042,0.8634357944053042
test,mlp,Multilayer perceptron,4.41,4.601533425391174,-0.19153342539117357,0.19153342539117357
test,mlp,Multilayer perceptron,6.01,4.870106336084979,1.1398936639150206,1.1398936639150206
test,mlp,Multilayer perceptron,4.77,4.863431439157104,-0.09343143915710428,0.09343143915710428
test,mlp,Multilayer perceptron,2.67,3.426696715020332,-0.7566967150203321,0.7566967150203321
test,mlp,Multilayer perceptron,3.45,3.4930981585997123,-0.04309815859971211,0.04309815859971211
test,mlp,Multilayer perceptron,6.7,6.109008250521717,0.5909917494782828,0.5909917494782828
test,mlp,Multilayer perceptron,6.04,5.792837418569049,0.24716258143095082,0.24716258143095082
test,mlp,Multilayer perceptron,4.26,5.5424077711795325,-1.2824077711795328,1.2824077711795328
test,mlp,Multilayer perceptron,3.69,5.157758596693697,-1.4677585966936975,1.4677585966936975
test,mlp,Multilayer perceptron,1.98,3.1886690331606276,-1.2086690331606276,1.2086690331606276
test,mlp,Multilayer perceptron,2.62,2.340672663377966,0.27932733662203413,0.27932733662203413
test,mlp,Multilayer perceptron,3.01,4.61823242984378,-1.6082324298437802,1.6082324298437802
test,mlp,Multilayer perceptron,5.47,5.119225411304744,0.3507745886952556,0.3507745886952556
test,mlp,Multilayer perceptron,5.12,5.0074232197491355,0.1125767802508646,0.1125767802508646
test,mlp,Multilayer perceptron,5.85,5.945062147162517,-0.09506214716251726,0.09506214716251726
test,mlp,Multilayer perceptron,5.26,3.2284777688231303,2.0315222311768695,2.0315222311768695
test,mlp,Multilayer perceptron,3.43,3.5782911627511487,-0.1482911627511485,0.1482911627511485
test,mlp,Multilayer perceptron,4.05,4.757590082605232,-0.7075900826052326,0.7075900826052326
test,mlp,Multilayer perceptron,5.3,3.4407654141791464,1.8592345858208534,1.8592345858208534
test,mlp,Multilayer perceptron,4.92,2.612510546483083,2.307489453516917,2.307489453516917
test,mlp,Multilayer perceptron,8.8,6.822123164234752,1.9778768357652483,1.9778768357652483
test,mlp,Multilayer perceptron,8.3,5.767940838866215,2.5320591611337857,2.5320591611337857
test,mlp,Multilayer perceptron,2.38,2.2930725466891704,0.08692745331082952,0.08692745331082952
test,mlp,Multilayer perceptron,2.71,3.8367509728097273,-1.1267509728097274,1.1267509728097274
test,mlp,Multilayer perceptron,5.61,5.633208993626997,-0.02320899362699702,0.02320899362699702
test,mlp,Multilayer perceptron,4.93,5.297582365050428,-0.3675823650504286,0.3675823650504286
test,mlp,Multilayer perceptron,5.72,5.915929496784254,-0.1959294967842542,0.1959294967842542
test,mlp,Multilayer perceptron,5.7,6.263405826898157,-0.5634058268981565,0.5634058268981565
test,mlp,Multilayer perceptron,3.88,3.0478748762830015,0.8321251237169984,0.8321251237169984
test,mlp,Multilayer perceptron,9.19,5.4612016100409475,3.728798389959052,3.728798389959052
test,mlp,Multilayer perceptron,5.4,5.4612016100409475,-0.06120161004094715,0.06120161004094715
test,mlp,Multilayer perceptron,10.12,5.883282326230467,4.236717673769532,4.236717673769532
test,mlp,Multilayer perceptron,4.0,5.9258000045210135,-1.9258000045210135,1.9258000045210135
test,mlp,Multilayer perceptron,5.79,5.3251120452276925,0.4648879547723075,0.4648879547723075
test,mlp,Multilayer perceptron,5.23,5.609706390877608,-0.37970639087760727,0.37970639087760727
test,mlp,Multilayer perceptron,14.28,9.202301991907856,5.077698008092144,5.077698008092144
test,mlp,Multilayer perceptron,4.82,7.8940954531556775,-3.0740954531556772,3.0740954531556772
test,mlp,Multilayer perceptron,3.95,1.4201909459402602,2.52980905405974,2.52980905405974
test,mlp,Multilayer perceptron,11.09,10.049685995271608,1.0403140047283923,1.0403140047283923
test,mlp,Multilayer perceptron,4.44,9.19601232548678,-4.75601232548678,4.75601232548678
test,mlp,Multilayer perceptron,2.7,3.444370819881375,-0.7443708198813748,0.7443708198813748
test,mlp,Multilayer perceptron,6.48,4.242625387399227,2.2373746126007736,2.2373746126007736
test,mlp,Multilayer perceptron,8.45,4.246078138796831,4.203921861203169,4.203921861203169
test,mlp,Multilayer perceptron,6.35,5.197723799414388,1.1522762005856118,1.1522762005856118
test,mlp,Multilayer perceptron,3.75,4.260518613288148,-0.5105186132881476,0.5105186132881476
test,mlp,Multilayer perceptron,2.17,4.035128254271144,-1.865128254271144,1.865128254271144
test,mlp,Multilayer perceptron,12.27,10.90529505161574,1.3647049483842597,1.3647049483842597
test,mlp,Multilayer perceptron,4.22,3.135584385868017,1.084415614131983,1.084415614131983
test,mlp,Multilayer perceptron,2.09,4.047113083791936,-1.9571130837919357,1.9571130837919357
test,mlp,Multilayer perceptron,2.59,2.0839536143149027,0.5060463856850972,0.5060463856850972
test,mlp,Multilayer perceptron,2.08,3.646494355585326,-1.5664943555853261,1.5664943555853261
test,mlp,Multilayer perceptron,5.75,6.914058692135193,-1.1640586921351934,1.1640586921351934
test,mlp,Multilayer perceptron,2.16,4.299945285185319,-2.139945285185319,2.139945285185319
test,mlp,Multilayer perceptron,4.2,4.100246289124814,0.09975371087518603,0.09975371087518603
test,mlp,Multilayer perceptron,11.85,12.412460202935995,-0.5624602029359949,0.5624602029359949
test,mlp,Multilayer perceptron,4.21,5.595404898385747,-1.3854048983857474,1.3854048983857474
test,mlp,Multilayer perceptron,3.03,4.429441360500854,-1.399441360500854,1.399441360500854
test,mlp,Multilayer perceptron,7.08,3.6374206255511616,3.4425793744488384,3.4425793744488384
test,mlp,Multilayer perceptron,5.55,3.2554024147059186,2.294597585294081,2.294597585294081
test,mlp,Multilayer perceptron,6.98,11.104777309720557,-4.124777309720557,4.124777309720557
test,mlp,Multilayer perceptron,-0.3,3.0609697853752547,-3.3609697853752545,3.3609697853752545
test,mlp,Multilayer perceptron,0.24,3.0572664305642157,-2.8172664305642154,2.8172664305642154
test,mlp,Multilayer perceptron,0.81,2.709215781138014,-1.8992157811380141,1.8992157811380141
